date,total_usd,retrieved_at
2017-11-29,109970.0,2026-10-06T23:38:49.515303
2017-11-30,109970.0,2026-10-06T23:38:49.515303
2017-12-01,109970.0,2026-10-06T23:38:49.515303
2017-12-02,109970.0,2026-10-06T23:38:49.515303
2017-12-03,109970.0,2026-10-06T23:38:49.515303
2017-12-04,109970.0,2026-10-06T23:38:49.515303
2017-12-05,109970.0,2026-10-06T23:38:49.515303
2017-12-06,109970.0,2026-10-06T23:38:49.515303
2017-12-07,109970.0,2026-10-06T23:38:49.515303
2017-12-08,109970.0,2026-10-06T23:38:49.515303
2017-12-09,109970.0,2026-10-06T23:38:49.515303
2017-12-10,109970.0,2026-10-06T23:38:49.515303
2017-12-11,109970.0,2026-10-06T23:38:49.515303
2017-12-12,109970.0,2026-10-06T23:38:49.515303
2017-12-13,109970.0,2026-10-06T23:38:49.515303
2017-12-14,109970.0,2026-10-06T23:38:49.515303
2017-12-15,109970.0,2026-10-06T23:38:49.515303
2017-12-16,109970.0,2026-10-06T23:38:49.515303
2017-12-17,109970.0,2026-10-06T23:38:49.515303
2017-12-18,109970.0,2026-10-06T23:38:49.515303
2017-12-19,109970.0,2026-10-06T23:38:49.515303
2017-12-20,109970.0,2026-10-06T23:38:49.515303
2017-12-21,109970.0,2026-10-06T23:38:49.515303
2017-12-22,109970.0,2026-10-06T23:38:49.515303
2017-12-23,109970.0,2026-10-06T23:38:49.515303
2017-12-24,109970.0,2026-10-06T23:38:49.515303
2017-12-25,109970.0,2026-10-06T23:38:49.515303
2017-12-26,109970.0,2026-10-06T23:38:49.515303
2017-12-27,109970.0,2026-10-06T23:38:49.515303
2017-12-28,109970.0,2026-10-06T23:38:49.515303
2017-12-29,109970.0,2026-10-06T23:38:49.515303
2017-12-30,109970.0,2026-10-06T23:38:49.515303
2017-12-31,109970.0,2026-10-06T23:38:49.515303
2018-01-01,109970.0,2026-10-06T23:38:49.515303
2018-01-02,109970.0,2026-10-06T23:38:49.515303
2018-01-03,109970.0,2026-10-06T23:38:49.515303
2018-01-04,109970.0,2026-10-06T23:38:49.515303
2018-01-05,109970.0,2026-10-06T23:38:49.515303
2018-01-06,109970.0,2026-10-06T23:38:49.515303
2018-01-07,109970.0,2026-10-06T23:38:49.515303
2018-01-08,109970.0,2026-10-06T23:38:49.515303
2018-01-09,109970.0,2026-10-06T23:38:49.515303
2018-01-10,109970.0,2026-10-06T23:38:49.515303
2018-01-11,30109970.0,2026-10-06T23:38:49.515303
2018-01-12,30109970.0,2026-10-06T23:38:49.515303
2018-01-13,30109970.0,2026-10-06T23:38:49.515303
2018-01-14,30109970.0,2026-10-06T23:38:49.515303
2018-01-15,30109970.0,2026-10-06T23:38:49.515303
2018-01-16,30109970.0,2026-10-06T23:38:49.515303
2018-01-17,30109970.0,2026-10-06T23:38:49.515303
2018-01-18,30109970.0,2026-10-06T23:38:49.515303
2018-01-19,30109970.0,2026-10-06T23:38:49.515303
2018-01-20,30109970.0,2026-10-06T23:38:49.515303
2018-01-21,30109970.0,2026-10-06T23:38:49.515303
2018-01-22,30109970.0,2026-10-06T23:38:49.515303
2018-01-23,30109970.0,2026-10-06T23:38:49.515303
2018-01-24,30109970.0,2026-10-06T23:38:49.515303
2018-01-25,30109970.0,2026-10-06T23:38:49.515303
2018-01-26,30109970.0,2026-10-06T23:38:49.515303
2018-01-27,30109970.0,2026-10-06T23:38:49.515303
2018-01-28,30109970.0,2026-10-06T23:38:49.515303
2018-01-29,60109970.0,2026-10-06T23:38:49.515303
2018-01-30,60109970.0,2026-10-06T23:38:49.515303
2018-01-31,60109970.0,2026-10-06T23:38:49.515303
2018-02-01,60109970.0,2026-10-06T23:38:49.515303
2018-02-02,60109970.0,2026-10-06T23:38:49.515303
2018-02-03,60109970.0,2026-10-06T23:38:49.515303
2018-02-04,60109970.0,2026-10-06T23:38:49.515303
2018-02-05,60109970.0,2026-10-06T23:38:49.515303
2018-02-06,60109970.0,2026-10-06T23:38:49.515303
2018-02-07,60109970.0,2026-10-06T23:38:49.515303
2018-02-08,60109970.0,2026-10-06T23:38:49.515303
2018-02-09,60109970.0,2026-10-06T23:38:49.515303
2018-02-10,60109970.0,2026-10-06T23:38:49.515303
2018-02-11,60109970.0,2026-10-06T23:38:49.515303
2018-02-12,60109970.0,2026-10-06T23:38:49.515303
2018-02-13,60109970.0,2026-10-06T23:38:49.515303
2018-02-14,60109970.0,2026-10-06T23:38:49.515303
2018-02-15,60109970.0,2026-10-06T23:38:49.515303
2018-02-16,60109970.0,2026-10-06T23:38:49.515303
2018-02-17,60109970.0,2026-10-06T23:38:49.515303
2018-02-18,60109970.0,2026-10-06T23:38:49.515303
2018-02-19,60109970.0,2026-10-06T23:38:49.515303
2018-02-20,60109970.0,2026-10-06T23:38:49.515303
2018-02-21,60109970.0,2026-10-06T23:38:49.515303
2018-02-22,60109970.0,2026-10-06T23:38:49.515303
2018-02-23,60109970.0,2026-10-06T23:38:49.515303
2018-02-24,60109970.0,2026-10-06T23:38:49.515303
2018-02-25,60109970.0,2026-10-06T23:38:49.515303
2018-02-26,60109970.0,2026-10-06T23:38:49.515303
2018-02-27,60109970.0,2026-10-06T23:38:49.515303
2018-02-28,60109970.0,2026-10-06T23:38:49.515303
2018-03-01,60109970.0,2026-10-06T23:38:49.515303
2018-03-02,60109970.0,2026-10-06T23:38:49.515303
2018-03-03,60109970.0,2026-10-06T23:38:49.515303
2018-03-04,60109970.0,2026-10-06T23:38:49.515303
2018-03-05,60109970.0,2026-10-06T23:38:49.515303
2018-03-06,60109970.0,2026-10-06T23:38:49.515303
2018-03-07,60109970.0,2026-10-06T23:38:49.515303
2018-03-08,60109970.0,2026-10-06T23:38:49.515303
2018-03-09,60109970.0,2026-10-06T23:38:49.515303
2018-03-10,60109970.0,2026-10-06T23:38:49.515303
2018-03-11,60109970.0,2026-10-06T23:38:49.515303
2018-03-12,60109970.0,2026-10-06T23:38:49.515303
2018-03-13,60109970.0,2026-10-06T23:38:49.515303
2018-03-14,60109970.0,2026-10-06T23:38:49.515303
2018-03-15,60109970.0,2026-10-06T23:38:49.515303
2018-03-16,60109970.0,2026-10-06T23:38:49.515303
2018-03-17,60109970.0,2026-10-06T23:38:49.515303
2018-03-18,60109970.0,2026-10-06T23:38:49.515303
2018-03-19,60109970.0,2026-10-06T23:38:49.515303
2018-03-20,60109970.0,2026-10-06T23:38:49.515303
2018-03-21,60109970.0,2026-10-06T23:38:49.515303
2018-03-22,60109970.0,2026-10-06T23:38:49.515303
2018-03-23,60109970.0,2026-10-06T23:38:49.515303
2018-03-24,60109970.0,2026-10-06T23:38:49.515303
2018-03-25,60109970.0,2026-10-06T23:38:49.515303
2018-03-26,60109970.0,2026-10-06T23:38:49.515303
2018-03-27,60109970.0,2026-10-06T23:38:49.515303
2018-03-28,60109970.0,2026-10-06T23:38:49.515303
2018-03-29,60109970.0,2026-10-06T23:38:49.515303
2018-03-30,60109970.0,2026-10-06T23:38:49.515303
2018-03-31,60109970.0,2026-10-06T23:38:49.515303
2018-04-01,60109970.0,2026-10-06T23:38:49.515303
2018-04-02,60109970.0,2026-10-06T23:38:49.515303
2018-04-03,60109970.0,2026-10-06T23:38:49.515303
2018-04-04,60109970.0,2026-10-06T23:38:49.515303
2018-04-05,60109970.0,2026-10-06T23:38:49.515303
2018-04-06,60109970.0,2026-10-06T23:38:49.515303
2018-04-07,60109970.0,2026-10-06T23:38:49.515303
2018-04-08,60109970.0,2026-10-06T23:38:49.515303
2018-04-09,60109970.0,2026-10-06T23:38:49.515303
2018-04-10,60109970.0,2026-10-06T23:38:49.515303
2018-04-11,60109970.0,2026-10-06T23:38:49.515303
2018-04-12,60109970.0,2026-10-06T23:38:49.515303
2018-04-13,60109970.0,2026-10-06T23:38:49.515303
2018-04-14,60109970.0,2026-10-06T23:38:49.515303
2018-04-15,60109970.0,2026-10-06T23:38:49.515303
2018-04-16,60109970.0,2026-10-06T23:38:49.515303
2018-04-17,60109970.0,2026-10-06T23:38:49.515303
2018-04-18,60109970.0,2026-10-06T23:38:49.515303
2018-04-19,60109970.0,2026-10-06T23:38:49.515303
2018-04-20,60109970.0,2026-10-06T23:38:49.515303
2018-04-21,60109970.0,2026-10-06T23:38:49.515303
2018-04-22,60109970.0,2026-10-06T23:38:49.515303
2018-04-23,60109970.0,2026-10-06T23:38:49.515303
2018-04-24,60109970.0,2026-10-06T23:38:49.515303
2018-04-25,60109970.0,2026-10-06T23:38:49.515303
2018-04-26,60109970.0,2026-10-06T23:38:49.515303
2018-04-27,60109970.0,2026-10-06T23:38:49.515303
2018-04-28,60109970.0,2026-10-06T23:38:49.515303
2018-04-29,60109970.0,2026-10-06T23:38:49.515303
2018-04-30,60109970.0,2026-10-06T23:38:49.515303
2018-05-01,60109970.0,2026-10-06T23:38:49.515303
2018-05-02,60109970.0,2026-10-06T23:38:49.515303
2018-05-03,60109970.0,2026-10-06T23:38:49.515303
2018-05-04,60109970.0,2026-10-06T23:38:49.515303
2018-05-05,60109970.0,2026-10-06T23:38:49.515303
2018-05-06,60109970.0,2026-10-06T23:38:49.515303
2018-05-07,60109970.0,2026-10-06T23:38:49.515303
2018-05-08,60109970.0,2026-10-06T23:38:49.515303
2018-05-09,60109970.0,2026-10-06T23:38:49.515303
2018-05-10,60109970.0,2026-10-06T23:38:49.515303
2018-05-11,60109970.0,2026-10-06T23:38:49.515303
2018-05-12,60109970.0,2026-10-06T23:38:49.515303
2018-05-13,60109970.0,2026-10-06T23:38:49.515303
2018-05-14,60109970.0,2026-10-06T23:38:49.515303
2018-05-15,60109970.0,2026-10-06T23:38:49.515303
2018-05-16,60109970.0,2026-10-06T23:38:49.515303
2018-05-17,60109970.0,2026-10-06T23:38:49.515303
2018-05-18,60109970.0,2026-10-06T23:38:49.515303
2018-05-19,60109970.0,2026-10-06T23:38:49.515303
2018-05-20,60109970.0,2026-10-06T23:38:49.515303
2018-05-21,60109970.0,2026-10-06T23:38:49.515303
2018-05-22,60109970.0,2026-10-06T23:38:49.515303
2018-05-23,60109970.0,2026-10-06T23:38:49.515303
2018-05-24,60109970.0,2026-10-06T23:38:49.515303
2018-05-25,60109970.0,2026-10-06T23:38:49.515303
2018-05-26,60109970.0,2026-10-06T23:38:49.515303
2018-05-27,60109970.0,2026-10-06T23:38:49.515303
2018-05-28,60109970.0,2026-10-06T23:38:49.515303
2018-05-29,60109970.0,2026-10-06T23:38:49.515303
2018-05-30,60109970.0,2026-10-06T23:38:49.515303
2018-05-31,60109970.0,2026-10-06T23:38:49.515303
2018-06-01,60109970.0,2026-10-06T23:38:49.515303
2018-06-02,60109970.0,2026-10-06T23:38:49.515303
2018-06-03,60109970.0,2026-10-06T23:38:49.515303
2018-06-04,60109970.0,2026-10-06T23:38:49.515303
2018-06-05,60109970.0,2026-10-06T23:38:49.515303
2018-06-06,60109970.0,2026-10-06T23:38:49.515303
2018-06-07,60109970.0,2026-10-06T23:38:49.515303
2018-06-08,60109970.0,2026-10-06T23:38:49.515303
2018-06-09,60109970.0,2026-10-06T23:38:49.515303
2018-06-10,60109502.0,2026-10-06T23:38:49.515303
2018-06-11,60109502.0,2026-10-06T23:38:49.515303
2018-06-12,60109502.0,2026-10-06T23:38:49.515303
2018-06-13,60109502.0,2026-10-06T23:38:49.515303
2018-06-14,60109502.0,2026-10-06T23:38:49.515303
2018-06-15,60109502.0,2026-10-06T23:38:49.515303
2018-06-16,60109502.0,2026-10-06T23:38:49.515303
2018-06-17,60109502.0,2026-10-06T23:38:49.515303
2018-06-18,60109502.0,2026-10-06T23:38:49.515303
2018-06-19,60109502.0,2026-10-06T23:38:49.515303
2018-06-20,60109502.0,2026-10-06T23:38:49.515303
2018-06-21,60109502.0,2026-10-06T23:38:49.515303
2018-06-22,60109502.0,2026-10-06T23:38:49.515303
2018-06-23,60109502.0,2026-10-06T23:38:49.515303
2018-06-24,60109502.0,2026-10-06T23:38:49.515303
2018-06-25,60109502.0,2026-10-06T23:38:49.515303
2018-06-26,60109502.0,2026-10-06T23:38:49.515303
2018-06-27,60109502.0,2026-10-06T23:38:49.515303
2018-06-28,60109502.0,2026-10-06T23:38:49.515303
2018-06-29,60109502.0,2026-10-06T23:38:49.515303
2018-06-30,60109502.0,2026-10-06T23:38:49.515303
2018-07-01,60109502.0,2026-10-06T23:38:49.515303
2018-07-02,60109502.0,2026-10-06T23:38:49.515303
2018-07-03,60109502.0,2026-10-06T23:38:49.515303
2018-07-04,60109502.0,2026-10-06T23:38:49.515303
2018-07-05,60109502.0,2026-10-06T23:38:49.515303
2018-07-06,60109502.0,2026-10-06T23:38:49.515303
2018-07-07,60109502.0,2026-10-06T23:38:49.515303
2018-07-08,60109502.0,2026-10-06T23:38:49.515303
2018-07-09,60109502.0,2026-10-06T23:38:49.515303
2018-07-10,60109502.0,2026-10-06T23:38:49.515303
2018-07-11,60109502.0,2026-10-06T23:38:49.515303
2018-07-12,60109502.0,2026-10-06T23:38:49.515303
2018-07-13,60109502.0,2026-10-06T23:38:49.515303
2018-07-14,60109502.0,2026-10-06T23:38:49.515303
2018-07-15,60109502.0,2026-10-06T23:38:49.515303
2018-07-16,60109502.0,2026-10-06T23:38:49.515303
2018-07-17,60109502.0,2026-10-06T23:38:49.515303
2018-07-18,60109502.0,2026-10-06T23:38:49.515303
2018-07-19,60109502.0,2026-10-06T23:38:49.515303
2018-07-20,60109502.0,2026-10-06T23:38:49.515303
2018-07-21,60109502.0,2026-10-06T23:38:49.515303
2018-07-22,60109502.0,2026-10-06T23:38:49.515303
2018-07-23,60109502.0,2026-10-06T23:38:49.515303
2018-07-24,60109502.0,2026-10-06T23:38:49.515303
2018-07-25,60109502.0,2026-10-06T23:38:49.515303
2018-07-26,60109502.0,2026-10-06T23:38:49.515303
2018-07-27,60109502.0,2026-10-06T23:38:49.515303
2018-07-28,60109502.0,2026-10-06T23:38:49.515303
2018-07-29,30109502.0,2026-10-06T23:38:49.515303
2018-07-30,30109502.0,2026-10-06T23:38:49.515303
2018-07-31,15109502.0,2026-10-06T23:38:49.515303
2018-08-01,15109502.0,2026-10-06T23:38:49.515303
2018-08-02,15109502.0,2026-10-06T23:38:49.515303
2018-08-03,15109502.0,2026-10-06T23:38:49.515303
2018-08-04,15109502.0,2026-10-06T23:38:49.515303
2018-08-05,15109502.0,2026-10-06T23:38:49.515303
2018-08-06,15109502.0,2026-10-06T23:38:49.515303
2018-08-07,15109502.0,2026-10-06T23:38:49.515303
2018-08-08,15109502.0,2026-10-06T23:38:49.515303
2018-08-09,15109502.0,2026-10-06T23:38:49.515303
2018-08-10,15109502.0,2026-10-06T23:38:49.515303
2018-08-11,15109502.0,2026-10-06T23:38:49.515303
2018-08-12,15109502.0,2026-10-06T23:38:49.515303
2018-08-13,15109502.0,2026-10-06T23:38:49.515303
2018-08-14,15109502.0,2026-10-06T23:38:49.515303
2018-08-15,15109502.0,2026-10-06T23:38:49.515303
2018-08-16,15109502.0,2026-10-06T23:38:49.515303
2018-08-17,15109502.0,2026-10-06T23:38:49.515303
2018-08-18,15109502.0,2026-10-06T23:38:49.515303
2018-08-19,15109502.0,2026-10-06T23:38:49.515303
2018-08-20,15109502.0,2026-10-06T23:38:49.515303
2018-08-21,15109502.0,2026-10-06T23:38:49.515303
2018-08-22,15109502.0,2026-10-06T23:38:49.515303
2018-08-23,15109502.0,2026-10-06T23:38:49.515303
2018-08-24,15109502.0,2026-10-06T23:38:49.515303
2018-08-25,15109502.0,2026-10-06T23:38:49.515303
2018-08-26,15109502.0,2026-10-06T23:38:49.515303
2018-08-27,15109502.0,2026-10-06T23:38:49.515303
2018-08-28,15109502.0,2026-10-06T23:38:49.515303
2018-08-29,15109502.0,2026-10-06T23:38:49.515303
2018-08-30,15109502.0,2026-10-06T23:38:49.515303
2018-08-31,15109502.0,2026-10-06T23:38:49.515303
2018-09-01,15109502.0,2026-10-06T23:38:49.515303
2018-09-02,15109502.0,2026-10-06T23:38:49.515303
2018-09-03,15109502.0,2026-10-06T23:38:49.515303
2018-09-04,15109502.0,2026-10-06T23:38:49.515303
2018-09-05,15109502.0,2026-10-06T23:38:49.515303
2018-09-06,25109502.0,2026-10-06T23:38:49.515303
2018-09-07,25109502.0,2026-10-06T23:38:49.515303
2018-09-08,25109502.0,2026-10-06T23:38:49.515303
2018-09-09,25109502.0,2026-10-06T23:38:49.515303
2018-09-10,25109502.0,2026-10-06T23:38:49.515303
2018-09-11,25109984.0,2026-10-06T23:38:49.515303
2018-09-12,25360748.0,2026-10-06T23:38:49.515303
2018-09-13,25360598.0,2026-10-06T23:38:49.515303
2018-09-14,25360976.0,2026-10-06T23:38:49.515303
2018-09-15,25360976.0,2026-10-06T23:38:49.515303
2018-09-16,25360976.0,2026-10-06T23:38:49.515303
2018-09-17,25360976.0,2026-10-06T23:38:49.515303
2018-09-18,25361672.0,2026-10-06T23:38:49.515303
2018-09-19,26661662.0,2026-10-06T23:38:49.515303
2018-09-20,26662137.0,2026-10-06T23:38:49.515303
2018-09-21,33195123.0,2026-10-06T23:38:49.515303
2018-09-22,36765393.0,2026-10-06T23:38:49.515303
2018-09-23,37265494.0,2026-10-06T23:38:49.515303
2018-09-24,37265494.0,2026-10-06T23:38:49.515303
2018-09-25,38275898.0,2026-10-06T23:38:49.515303
2018-09-26,38275899.0,2026-10-06T23:38:49.515303
2018-09-27,40385514.0,2026-10-06T23:38:49.515303
2018-09-28,42363295.0,2026-10-06T23:38:49.515303
2018-09-29,43300322.0,2026-10-06T23:38:49.515303
2018-09-30,43300572.0,2026-10-06T23:38:49.515303
2018-10-01,43300861.0,2026-10-06T23:38:49.515303
2018-10-02,45305813.0,2026-10-06T23:38:49.515303
2018-10-03,45305768.0,2026-10-06T23:38:49.515303
2018-10-04,56724316.0,2026-10-06T23:38:49.515303
2018-10-05,57889570.0,2026-10-06T23:38:49.515303
2018-10-06,61070154.0,2026-10-06T23:38:49.515303
2018-10-07,61070154.0,2026-10-06T23:38:49.515303
2018-10-08,61070154.0,2026-10-06T23:38:49.515303
2018-10-09,60071561.0,2026-10-06T23:38:49.515303
2018-10-10,61438044.0,2026-10-06T23:38:49.515303
2018-10-11,61246275.0,2026-10-06T23:38:49.515303
2018-10-12,61631284.0,2026-10-06T23:38:49.515303
2018-10-13,69121215.0,2026-10-06T23:38:49.515303
2018-10-14,71789030.0,2026-10-06T23:38:49.515303
2018-10-15,71789030.0,2026-10-06T23:38:49.515303
2018-10-16,95036850.0,2026-10-06T23:38:49.515303
2018-10-17,109473038.0,2026-10-06T23:38:49.515303
2018-10-18,122400952.0,2026-10-06T23:38:49.515303
2018-10-19,122148902.0,2026-10-06T23:38:49.515303
2018-10-20,135681750.0,2026-10-06T23:38:49.515303
2018-10-21,140903722.0,2026-10-06T23:38:49.515303
2018-10-22,140903722.0,2026-10-06T23:38:49.515303
2018-10-23,150878065.0,2026-10-06T23:38:49.515303
2018-10-24,216696214.0,2026-10-06T23:38:49.515303
2018-10-25,256425695.0,2026-10-06T23:38:49.515303
2018-10-26,255838917.0,2026-10-06T23:38:49.515303
2018-10-27,268073028.0,2026-10-06T23:38:49.515303
2018-10-28,268189373.0,2026-10-06T23:38:49.515303
2018-10-29,268164562.0,2026-10-06T23:38:49.515303
2018-10-30,267137588.0,2026-10-06T23:38:49.515303
2018-10-31,274727560.0,2026-10-06T23:38:49.515303
2018-11-01,271779520.0,2026-10-06T23:38:49.515303
2018-11-02,268490366.0,2026-10-06T23:38:49.515303
2018-11-03,291354431.0,2026-10-06T23:38:49.515303
2018-11-04,293276387.0,2026-10-06T23:38:49.515303
2018-11-05,293251387.0,2026-10-06T23:38:49.515303
2018-11-06,297472857.0,2026-10-06T23:38:49.515303
2018-11-07,296986879.0,2026-10-06T23:38:49.515303
2018-11-08,296755347.0,2026-10-06T23:38:49.515303
2018-11-09,297261417.0,2026-10-06T23:38:49.515303
2018-11-10,295918476.0,2026-10-06T23:38:49.515303
2018-11-11,295918476.0,2026-10-06T23:38:49.515303
2018-11-12,295232852.0,2026-10-06T23:38:49.515303
2018-11-13,291339505.0,2026-10-06T23:38:49.515303
2018-11-14,296246289.0,2026-10-06T23:38:49.515303
2018-11-15,298163464.0,2026-10-06T23:38:49.515303
2018-11-16,299075736.0,2026-10-06T23:38:49.515303
2018-11-17,302114948.0,2026-10-06T23:38:49.515303
2018-11-18,303137797.0,2026-10-06T23:38:49.515303
2018-11-19,303336995.0,2026-10-06T23:38:49.515303
2018-11-20,304609716.0,2026-10-06T23:38:49.515303
2018-11-21,318379904.0,2026-10-06T23:38:49.515303
2018-11-22,325237362.0,2026-10-06T23:38:49.515303
2018-11-23,327133218.0,2026-10-06T23:38:49.515303
2018-11-24,332356551.0,2026-10-06T23:38:49.515303
2018-11-25,331363614.0,2026-10-06T23:38:49.515303
2018-11-26,331307966.0,2026-10-06T23:38:49.515303
2018-11-27,327655910.0,2026-10-06T23:38:49.515303
2018-11-28,329757061.0,2026-10-06T23:38:49.515303
2018-11-29,334072556.0,2026-10-06T23:38:49.515303
2018-11-30,344887528.0,2026-10-06T23:38:49.515303
2018-12-01,366524022.0,2026-10-06T23:38:49.515303
2018-12-02,368084838.0,2026-10-06T23:38:49.515303
2018-12-03,368085838.0,2026-10-06T23:38:49.515303
2018-12-04,386271210.0,2026-10-06T23:38:49.515303
2018-12-05,376981220.0,2026-10-06T23:38:49.515303
2018-12-06,365261948.0,2026-10-06T23:38:49.515303
2018-12-07,373902428.0,2026-10-06T23:38:49.515303
2018-12-08,380712245.0,2026-10-06T23:38:49.515303
2018-12-09,384611733.0,2026-10-06T23:38:49.515303
2018-12-10,384773965.0,2026-10-06T23:38:49.515303
2018-12-11,386340454.0,2026-10-06T23:38:49.515303
2018-12-12,379942737.0,2026-10-06T23:38:49.515303
2018-12-13,375922747.0,2026-10-06T23:38:49.515303
2018-12-14,373910382.0,2026-10-06T23:38:49.515303
2018-12-15,380734323.0,2026-10-06T23:38:49.515303
2018-12-16,380986155.0,2026-10-06T23:38:49.515303
2018-12-17,380970596.0,2026-10-06T23:38:49.515303
2018-12-18,388247787.0,2026-10-06T23:38:49.515303
2018-12-19,388477702.0,2026-10-06T23:38:49.515303
2018-12-20,396733497.0,2026-10-06T23:38:49.515303
2018-12-21,400311587.0,2026-10-06T23:38:49.515303
2018-12-22,409245579.0,2026-10-06T23:38:49.515303
2018-12-23,409218479.0,2026-10-06T23:38:49.515303
2018-12-24,409194666.0,2026-10-06T23:38:49.515303
2018-12-25,408179787.0,2026-10-06T23:38:49.515303
2018-12-26,408225191.0,2026-10-06T23:38:49.515303
2018-12-27,405858099.0,2026-10-06T23:38:49.515303
2018-12-28,411743276.0,2026-10-06T23:38:49.515303
2018-12-29,411930495.0,2026-10-06T23:38:49.515303
2018-12-30,416464649.0,2026-10-06T23:38:49.515303
2018-12-31,416521587.0,2026-10-06T23:38:49.515303
2019-01-01,417518181.0,2026-10-06T23:38:49.515303
2019-01-02,425353589.0,2026-10-06T23:38:49.515303
2019-01-03,440163226.0,2026-10-06T23:38:49.515303
2019-01-04,444148186.0,2026-10-06T23:38:49.515303
2019-01-05,654830313.0,2026-10-06T23:38:49.515303
2019-01-06,655780524.0,2026-10-06T23:38:49.515303
2019-01-07,665973024.0,2026-10-06T23:38:49.515303
2019-01-08,675930959.0,2026-10-06T23:38:49.515303
2019-01-09,683973309.0,2026-10-06T23:38:49.515303
2019-01-10,701285519.0,2026-10-06T23:38:49.515303
2019-01-11,703271358.0,2026-10-06T23:38:49.515303
2019-01-12,712337923.0,2026-10-06T23:38:49.515303
2019-01-13,722140778.0,2026-10-06T23:38:49.515303
2019-01-14,729353456.0,2026-10-06T23:38:49.515303
2019-01-15,729419513.0,2026-10-06T23:38:49.515303
2019-01-16,727053135.0,2026-10-06T23:38:49.515303
2019-01-17,683920960.0,2026-10-06T23:38:49.515303
2019-01-18,683957819.0,2026-10-06T23:38:49.515303
2019-01-19,690991476.0,2026-10-06T23:38:49.515303
2019-01-20,695763164.0,2026-10-06T23:38:49.515303
2019-01-21,695710410.0,2026-10-06T23:38:49.515303
2019-01-22,697109912.0,2026-10-06T23:38:49.515303
2019-01-23,700102402.0,2026-10-06T23:38:49.515303
2019-01-24,681266676.0,2026-10-06T23:38:49.515303
2019-01-25,692136757.0,2026-10-06T23:38:49.515303
2019-01-26,693714777.0,2026-10-06T23:38:49.515303
2019-01-27,691859657.0,2026-10-06T23:38:49.515303
2019-01-28,697754834.0,2026-10-06T23:38:49.515303
2019-01-29,682390507.0,2026-10-06T23:38:49.515303
2019-01-30,677786351.0,2026-10-06T23:38:49.515303
2019-01-31,675829465.0,2026-10-06T23:38:49.515303
2019-02-01,654356448.0,2026-10-06T23:38:49.515303
2019-02-02,654321153.0,2026-10-06T23:38:49.515303
2019-02-03,652487616.0,2026-10-06T23:38:49.515303
2019-02-04,652767897.0,2026-10-06T23:38:49.515303
2019-02-05,641272240.0,2026-10-06T23:38:49.515303
2019-02-06,640829987.0,2026-10-06T23:38:49.515303
2019-02-07,638808447.0,2026-10-06T23:38:49.515303
2019-02-08,625143428.0,2026-10-06T23:38:49.515303
2019-02-09,609658472.0,2026-10-06T23:38:49.515303
2019-02-10,609536432.0,2026-10-06T23:38:49.515303
2019-02-11,608239185.0,2026-10-06T23:38:49.515303
2019-02-12,608620489.0,2026-10-06T23:38:49.515303
2019-02-13,607356836.0,2026-10-06T23:38:49.515303
2019-02-14,591692146.0,2026-10-06T23:38:49.515303
2019-02-15,592321753.0,2026-10-06T23:38:49.515303
2019-02-16,591965383.0,2026-10-06T23:38:49.515303
2019-02-17,591503897.0,2026-10-06T23:38:49.515303
2019-02-18,590934210.0,2026-10-06T23:38:49.515303
2019-02-19,589486161.0,2026-10-06T23:38:49.515303
2019-02-20,591095128.0,2026-10-06T23:38:49.515303
2019-02-21,590970550.0,2026-10-06T23:38:49.515303
2019-02-22,573700500.0,2026-10-06T23:38:49.515303
2019-02-23,606113950.0,2026-10-06T23:38:49.515303
2019-02-24,605561864.0,2026-10-06T23:38:49.515303
2019-02-25,604284342.0,2026-10-06T23:38:49.515303
2019-02-26,603057521.0,2026-10-06T23:38:49.515303
2019-02-27,605325252.0,2026-10-06T23:38:49.515303
2019-02-28,606146211.0,2026-10-06T23:38:49.515303
2019-03-01,602767971.0,2026-10-06T23:38:49.515303
2019-03-02,607580896.0,2026-10-06T23:38:49.515303
2019-03-03,612988542.0,2026-10-06T23:38:49.515303
2019-03-04,612179774.0,2026-10-06T23:38:49.515303
2019-03-05,615607495.0,2026-10-06T23:38:49.515303
2019-03-06,615290270.0,2026-10-06T23:38:49.515303
2019-03-07,614420576.0,2026-10-06T23:38:49.515303
2019-03-08,603849103.0,2026-10-06T23:38:49.515303
2019-03-09,609800399.0,2026-10-06T23:38:49.515303
2019-03-10,610240445.0,2026-10-06T23:38:49.515303
2019-03-11,610275826.0,2026-10-06T23:38:49.515303
2019-03-12,613900603.0,2026-10-06T23:38:49.515303
2019-03-13,615403884.0,2026-10-06T23:38:49.515303
2019-03-14,614694407.0,2026-10-06T23:38:49.515303
2019-03-15,615516974.0,2026-10-06T23:38:49.515303
2019-03-16,614617572.0,2026-10-06T23:38:49.515303
2019-03-17,614554055.0,2026-10-06T23:38:49.515303
2019-03-18,613285603.0,2026-10-06T23:38:49.515303
2019-03-19,618037490.0,2026-10-06T23:38:49.515303
2019-03-20,618883472.0,2026-10-06T23:38:49.515303
2019-03-21,618601709.0,2026-10-06T23:38:49.515303
2019-03-22,624428537.0,2026-10-06T23:38:49.515303
2019-03-23,625170762.0,2026-10-06T23:38:49.515303
2019-03-24,625342876.0,2026-10-06T23:38:49.515303
2019-03-25,625449175.0,2026-10-06T23:38:49.515303
2019-03-26,625647103.0,2026-10-06T23:38:49.515303
2019-03-27,624631588.0,2026-10-06T23:38:49.515303
2019-03-28,624986599.0,2026-10-06T23:38:49.515303
2019-03-29,622111924.0,2026-10-06T23:38:49.515303
2019-03-30,621645825.0,2026-10-06T23:38:49.515303
2019-03-31,621420321.0,2026-10-06T23:38:49.515303
2019-04-01,622968688.0,2026-10-06T23:38:49.515303
2019-04-02,624448679.0,2026-10-06T23:38:49.515303
2019-04-03,627691024.0,2026-10-06T23:38:49.515303
2019-04-04,627290349.0,2026-10-06T23:38:49.515303
2019-04-05,627002833.0,2026-10-06T23:38:49.515303
2019-04-06,628547310.0,2026-10-06T23:38:49.515303
2019-04-07,628758178.0,2026-10-06T23:38:49.515303
2019-04-08,628873383.0,2026-10-06T23:38:49.515303
2019-04-09,648109170.0,2026-10-06T23:38:49.515303
2019-04-10,664932384.0,2026-10-06T23:38:49.515303
2019-04-11,703567760.0,2026-10-06T23:38:49.515303
2019-04-12,707442216.0,2026-10-06T23:38:49.515303
2019-04-13,726704404.0,2026-10-06T23:38:49.515303
2019-04-14,722034535.0,2026-10-06T23:38:49.515303
2019-04-15,724526785.0,2026-10-06T23:38:49.515303
2019-04-16,743259521.0,2026-10-06T23:38:49.515303
2019-04-17,749825909.0,2026-10-06T23:38:49.515303
2019-04-18,803454412.0,2026-10-06T23:38:49.515303
2019-04-19,803218947.0,2026-10-06T23:38:49.515303
2019-04-20,814018492.0,2026-10-06T23:38:49.515303
2019-04-21,808645294.0,2026-10-06T23:38:49.515303
2019-04-22,821225835.0,2026-10-06T23:38:49.515303
2019-04-23,818282255.0,2026-10-06T23:38:49.515303
2019-04-24,882796565.0,2026-10-06T23:38:49.515303
2019-04-25,934910028.0,2026-10-06T23:38:49.515303
2019-04-26,990943666.0,2026-10-06T23:38:49.515303
2019-04-27,1002148324.0,2026-10-06T23:38:49.515303
2019-04-28,1040488237.0,2026-10-06T23:38:49.515303
2019-04-29,1042715272.0,2026-10-06T23:38:49.515303
2019-04-30,1062413404.0,2026-10-06T23:38:49.515303
2019-05-01,1071777423.0,2026-10-06T23:38:49.515303
2019-05-02,1080601807.0,2026-10-06T23:38:49.515303
2019-05-03,1092142048.0,2026-10-06T23:38:49.515303
2019-05-04,1105794458.0,2026-10-06T23:38:49.515303
2019-05-05,1112114244.0,2026-10-06T23:38:49.515303
2019-05-06,1115395260.0,2026-10-06T23:38:49.515303
2019-05-07,1121691164.0,2026-10-06T23:38:49.515303
2019-05-08,1125786369.0,2026-10-06T23:38:49.515303
2019-05-09,1135138152.0,2026-10-06T23:38:49.515303
2019-05-10,1076319276.0,2026-10-06T23:38:49.515303
2019-05-11,1088874256.0,2026-10-06T23:38:49.515303
2019-05-12,1089565749.0,2026-10-06T23:38:49.515303
2019-05-13,1092011212.0,2026-10-06T23:38:49.515303
2019-05-14,1113744644.0,2026-10-06T23:38:49.515303
2019-05-15,1111501205.0,2026-10-06T23:38:49.515303
2019-05-16,1121677039.0,2026-10-06T23:38:49.515303
2019-05-17,1128132598.0,2026-10-06T23:38:49.515303
2019-05-18,1131110418.0,2026-10-06T23:38:49.515303
2019-05-19,1134388171.0,2026-10-06T23:38:49.515303
2019-05-20,1138858839.0,2026-10-06T23:38:49.515303
2019-05-21,1158598420.0,2026-10-06T23:38:49.515303
2019-05-22,1184040501.0,2026-10-06T23:38:49.515303
2019-05-23,1199612289.0,2026-10-06T23:38:49.515303
2019-05-24,1216295060.0,2026-10-06T23:38:49.515303
2019-05-25,1256999696.0,2026-10-06T23:38:49.515303
2019-05-26,1276341413.0,2026-10-06T23:38:49.515303
2019-05-27,1285955527.0,2026-10-06T23:38:49.515303
2019-05-28,1292142217.0,2026-10-06T23:38:49.515303
2019-05-29,1303396714.0,2026-10-06T23:38:49.515303
2019-05-30,1327229143.0,2026-10-06T23:38:49.515303
2019-05-31,1299144332.0,2026-10-06T23:38:49.515303
2019-06-01,1313464759.0,2026-10-06T23:38:49.515303
2019-06-02,1317003591.0,2026-10-06T23:38:49.515303
2019-06-03,1316849549.0,2026-10-06T23:38:49.515303
2019-06-04,1325691446.0,2026-10-06T23:38:49.515303
2019-06-05,1336899661.0,2026-10-06T23:38:49.515303
2019-06-06,1366078868.0,2026-10-06T23:38:49.515303
2019-06-07,1396849133.0,2026-10-06T23:38:49.515303
2019-06-08,1411074947.0,2026-10-06T23:38:49.515303
2019-06-09,1411072481.0,2026-10-06T23:38:49.515303
2019-06-10,1413081116.0,2026-10-06T23:38:49.515303
2019-06-11,1452313817.0,2026-10-06T23:38:49.515303
2019-06-12,1484131188.0,2026-10-06T23:38:49.515303
2019-06-13,1529272018.0,2026-10-06T23:38:49.515303
2019-06-14,1549833010.0,2026-10-06T23:38:49.515303
2019-06-15,1570898412.0,2026-10-06T23:38:49.515303
2019-06-16,1581984002.0,2026-10-06T23:38:49.515303
2019-06-17,1603688821.0,2026-10-06T23:38:49.515303
2019-06-18,1625834656.0,2026-10-06T23:38:49.515303
2019-06-19,1631874880.0,2026-10-06T23:38:49.515303
2019-06-20,1628590499.0,2026-10-06T23:38:49.515303
2019-06-21,1644134013.0,2026-10-06T23:38:49.515303
2019-06-22,1656967405.0,2026-10-06T23:38:49.515303
2019-06-23,1658255867.0,2026-10-06T23:38:49.515303
2019-06-24,1672735915.0,2026-10-06T23:38:49.515303
2019-06-25,1663372627.0,2026-10-06T23:38:49.515303
2019-06-26,1681488564.0,2026-10-06T23:38:49.515303
2019-06-27,1682061436.0,2026-10-06T23:38:49.515303
2019-06-28,1701696246.0,2026-10-06T23:38:49.515303
2019-06-29,1733286636.0,2026-10-06T23:38:49.515303
2019-06-30,1763187100.0,2026-10-06T23:38:49.515303
2019-07-01,1763015672.0,2026-10-06T23:38:49.515303
2019-07-02,1783284463.0,2026-10-06T23:38:49.515303
2019-07-03,1802850412.0,2026-10-06T23:38:49.515303
2019-07-04,1860077290.0,2026-10-06T23:38:49.515303
2019-07-05,1895879730.0,2026-10-06T23:38:49.515303
2019-07-06,1946429982.0,2026-10-06T23:38:49.515303
2019-07-07,1964109342.0,2026-10-06T23:38:49.515303
2019-07-08,1973880294.0,2026-10-06T23:38:49.515303
2019-07-09,2030698493.0,2026-10-06T23:38:49.515303
2019-07-10,2065387443.0,2026-10-06T23:38:49.515303
2019-07-11,2068121740.0,2026-10-06T23:38:49.515303
2019-07-12,2109783709.0,2026-10-06T23:38:49.515303
2019-07-13,2202299839.0,2026-10-06T23:38:49.515303
2019-07-14,2209811894.0,2026-10-06T23:38:49.515303
2019-07-15,2214977020.0,2026-10-06T23:38:49.515303
2019-07-16,2242335433.0,2026-10-06T23:38:49.515303
2019-07-17,2278872696.0,2026-10-06T23:38:49.515303
2019-07-18,2325057630.0,2026-10-06T23:38:49.515303
2019-07-19,2360134081.0,2026-10-06T23:38:49.515303
2019-07-20,2319316236.0,2026-10-06T23:38:49.515303
2019-07-21,2320593910.0,2026-10-06T23:38:49.515303
2019-07-22,2328770702.0,2026-10-06T23:38:49.515303
2019-07-23,2334332891.0,2026-10-06T23:38:49.515303
2019-07-24,2331684708.0,2026-10-06T23:38:49.515303
2019-07-25,2352669375.0,2026-10-06T23:38:49.515303
2019-07-26,2359139934.0,2026-10-06T23:38:49.515303
2019-07-27,2358617845.0,2026-10-06T23:38:49.515303
2019-07-28,2367972015.0,2026-10-06T23:38:49.515303
2019-07-29,2373475754.0,2026-10-06T23:38:49.515303
2019-07-30,2401607523.0,2026-10-06T23:38:49.515303
2019-07-31,2406126216.0,2026-10-06T23:38:49.515303
2019-08-01,2415304920.0,2026-10-06T23:38:49.515303
2019-08-02,2412849319.0,2026-10-06T23:38:49.515303
2019-08-03,2396824889.0,2026-10-06T23:38:49.515303
2019-08-04,2405773633.0,2026-10-06T23:38:49.515303
2019-08-05,2413806905.0,2026-10-06T23:38:49.515303
2019-08-06,2493094948.0,2026-10-06T23:38:49.515303
2019-08-07,2492696225.0,2026-10-06T23:38:49.515303
2019-08-08,2484508151.0,2026-10-06T23:38:49.515303
2019-08-09,2476526014.0,2026-10-06T23:38:49.515303
2019-08-10,2452786585.0,2026-10-06T23:38:49.515303
2019-08-11,2456934547.0,2026-10-06T23:38:49.515303
2019-08-12,2462431614.0,2026-10-06T23:38:49.515303
2019-08-13,2456668231.0,2026-10-06T23:38:49.515303
2019-08-14,2440010767.0,2026-10-06T23:38:49.515303
2019-08-15,2441505315.0,2026-10-06T23:38:49.515303
2019-08-16,2432588361.0,2026-10-06T23:38:49.515303
2019-08-17,2440671771.0,2026-10-06T23:38:49.515303
2019-08-18,2440449683.0,2026-10-06T23:38:49.515303
2019-08-19,2441279270.0,2026-10-06T23:38:49.515303
2019-08-20,2444958820.0,2026-10-06T23:38:49.515303
2019-08-21,2439861481.0,2026-10-06T23:38:49.515303
2019-08-22,2462202868.0,2026-10-06T23:38:49.515303
2019-08-23,2464234167.0,2026-10-06T23:38:49.515303
2019-08-24,2471997277.0,2026-10-06T23:38:49.515303
2019-08-25,2470820227.0,2026-10-06T23:38:49.515303
2019-08-26,2472687331.0,2026-10-06T23:38:49.515303
2019-08-27,2469347447.0,2026-10-06T23:38:49.515303
2019-08-28,2462580091.0,2026-10-06T23:38:49.515303
2019-08-29,2468016410.0,2026-10-06T23:38:49.515303
2019-08-30,2497396182.0,2026-10-06T23:38:49.515303
2019-08-31,2506731998.0,2026-10-06T23:38:49.515303
2019-09-01,2505970982.0,2026-10-06T23:38:49.515303
2019-09-02,2504731856.0,2026-10-06T23:38:49.515303
2019-09-03,2509866013.0,2026-10-06T23:38:49.515303
2019-09-04,2536180693.0,2026-10-06T23:38:49.515303
2019-09-05,2528799310.0,2026-10-06T23:38:49.515303
2019-09-06,2568858861.0,2026-10-06T23:38:49.515303
2019-09-07,2596456160.0,2026-10-06T23:38:49.515303
2019-09-08,2599020340.0,2026-10-06T23:38:49.515303
2019-09-09,2595954148.0,2026-10-06T23:38:49.515303
2019-09-10,2591535155.0,2026-10-06T23:38:49.515303
2019-09-11,2600084466.0,2026-10-06T23:38:49.515303
2019-09-12,2599042704.0,2026-10-06T23:38:49.515303
2019-09-13,2906060856.0,2026-10-06T23:38:49.515303
2019-09-14,2912318530.0,2026-10-06T23:38:49.515303
2019-09-15,2914783857.0,2026-10-06T23:38:49.515303
2019-09-16,2914219734.0,2026-10-06T23:38:49.515303
2019-09-17,2903335705.0,2026-10-06T23:38:49.515303
2019-09-18,2890106509.0,2026-10-06T23:38:49.515303
2019-09-19,2873661725.0,2026-10-06T23:38:49.515303
2019-09-20,2872484783.0,2026-10-06T23:38:49.515303
2019-09-21,2862749290.0,2026-10-06T23:38:49.515303
2019-09-22,2862461145.0,2026-10-06T23:38:49.515303
2019-09-23,2864449202.0,2026-10-06T23:38:49.515303
2019-09-24,2870462700.0,2026-10-06T23:38:49.515303
2019-09-25,2890649268.0,2026-10-06T23:38:49.515303
2019-09-26,2923330478.0,2026-10-06T23:38:49.515303
2019-09-27,2920537731.0,2026-10-06T23:38:49.515303
2019-09-28,2931982906.0,2026-10-06T23:38:49.515303
2019-09-29,2938815220.0,2026-10-06T23:38:49.515303
2019-09-30,2943838855.0,2026-10-06T23:38:49.515303
2019-10-01,2956698964.0,2026-10-06T23:38:49.515303
2019-10-02,2981549957.0,2026-10-06T23:38:49.515303
2019-10-03,3010548800.0,2026-10-06T23:38:49.515303
2019-10-04,3042214529.0,2026-10-06T23:38:49.515303
2019-10-05,3046706609.0,2026-10-06T23:38:49.515303
2019-10-06,3047034030.0,2026-10-06T23:38:49.515303
2019-10-07,3069145376.0,2026-10-06T23:38:49.515303
2019-10-08,3073748273.0,2026-10-06T23:38:49.515303
2019-10-09,3073084813.0,2026-10-06T23:38:49.515303
2019-10-10,3077480781.0,2026-10-06T23:38:49.515303
2019-10-11,3087634889.0,2026-10-06T23:38:49.515303
2019-10-12,3103270534.0,2026-10-06T23:38:49.515303
2019-10-13,3103220646.0,2026-10-06T23:38:49.515303
2019-10-14,3105614487.0,2026-10-06T23:38:49.515303
2019-10-15,3101894386.0,2026-10-06T23:38:49.515303
2019-10-16,3104504215.0,2026-10-06T23:38:49.515303
2019-10-17,3104039714.0,2026-10-06T23:38:49.515303
2019-10-18,3122359964.0,2026-10-06T23:38:49.515303
2019-10-19,3133987747.0,2026-10-06T23:38:49.515303
2019-10-20,3142485256.0,2026-10-06T23:38:49.515303
2019-10-21,3172744526.0,2026-10-06T23:38:49.515303
2019-10-22,3179206716.0,2026-10-06T23:38:49.515303
2019-10-23,3181827112.0,2026-10-06T23:38:49.515303
2019-10-24,3271293770.0,2026-10-06T23:38:49.515303
2019-10-25,3371528660.0,2026-10-06T23:38:49.515303
2019-10-26,3316870461.0,2026-10-06T23:38:49.515303
2019-10-27,3322778483.0,2026-10-06T23:38:49.515303
2019-10-28,3320687294.0,2026-10-06T23:38:49.515303
2019-10-29,3315707539.0,2026-10-06T23:38:49.515303
2019-10-30,3640613246.0,2026-10-06T23:38:49.515303
2019-10-31,3650450460.0,2026-10-06T23:38:49.515303
2019-11-01,3619875913.0,2026-10-06T23:38:49.515303
2019-11-02,3618335879.0,2026-10-06T23:38:49.515303
2019-11-03,3632728117.0,2026-10-06T23:38:49.515303
2019-11-04,3633200883.0,2026-10-06T23:38:49.515303
2019-11-05,3621900802.0,2026-10-06T23:38:49.515303
2019-11-06,3643332992.0,2026-10-06T23:38:49.515303
2019-11-07,3629819217.0,2026-10-06T23:38:49.515303
2019-11-08,3625589389.0,2026-10-06T23:38:49.515303
2019-11-09,3612403015.0,2026-10-06T23:38:49.515303
2019-11-10,3612170809.0,2026-10-06T23:38:49.515303
2019-11-11,3611594265.0,2026-10-06T23:38:49.515303
2019-11-12,3610470839.0,2026-10-06T23:38:49.515303
2019-11-13,3604484962.0,2026-10-06T23:38:49.515303
2019-11-14,3603234308.0,2026-10-06T23:38:49.515303
2019-11-15,3593922145.0,2026-10-06T23:38:49.515303
2019-11-16,3588152498.0,2026-10-06T23:38:49.515303
2019-11-17,3591085038.0,2026-10-06T23:38:49.515303
2019-11-18,3590344655.0,2026-10-06T23:38:49.515303
2019-11-19,3584686457.0,2026-10-06T23:38:49.515303
2019-11-20,3591020609.0,2026-10-06T23:38:49.515303
2019-11-21,3587901935.0,2026-10-06T23:38:49.515303
2019-11-22,3618050681.0,2026-10-06T23:38:49.515303
2019-11-23,3639785465.0,2026-10-06T23:38:49.515303
2019-11-24,3615264882.0,2026-10-06T23:38:49.515303
2019-11-25,3621728849.0,2026-10-06T23:38:49.515303
2019-11-26,3664868858.0,2026-10-06T23:38:49.515303
2019-11-27,3665112446.0,2026-10-06T23:38:49.515303
2019-11-28,3681412954.0,2026-10-06T23:38:49.515303
2019-11-29,3676319630.0,2026-10-06T23:38:49.515303
2019-11-30,3687553902.0,2026-10-06T23:38:49.515303
2019-12-01,3690343488.0,2026-10-06T23:38:49.515303
2019-12-02,3693277713.0,2026-10-06T23:38:49.515303
2019-12-03,3732107081.0,2026-10-06T23:38:49.515303
2019-12-04,3727329457.0,2026-10-06T23:38:49.515303
2019-12-05,3754927911.0,2026-10-06T23:38:49.515303
2019-12-06,3751327315.0,2026-10-06T23:38:49.515303
2019-12-07,3762706347.0,2026-10-06T23:38:49.515303
2019-12-08,3771304278.0,2026-10-06T23:38:49.515303
2019-12-09,3773375538.0,2026-10-06T23:38:49.515303
2019-12-10,3810417436.0,2026-10-06T23:38:49.515303
2019-12-11,4061829754.0,2026-10-06T23:38:49.515303
2019-12-12,4039884233.0,2026-10-06T23:38:49.515303
2019-12-13,4045242163.0,2026-10-06T23:38:49.515303
2019-12-14,4039684857.0,2026-10-06T23:38:49.515303
2019-12-15,4040373008.0,2026-10-06T23:38:49.515303
2019-12-16,4042089888.0,2026-10-06T23:38:49.515303
2019-12-17,4051763346.0,2026-10-06T23:38:49.515303
2019-12-18,4054050389.0,2026-10-06T23:38:49.515303
2019-12-19,4087113082.0,2026-10-06T23:38:49.515303
2019-12-20,4135456924.0,2026-10-06T23:38:49.515303
2019-12-21,4162997120.0,2026-10-06T23:38:49.515303
2019-12-22,4156516578.0,2026-10-06T23:38:49.515303
2019-12-23,4157534461.0,2026-10-06T23:38:49.515303
2019-12-24,4168374253.0,2026-10-06T23:38:49.515303
2019-12-25,4163465273.0,2026-10-06T23:38:49.515303
2019-12-26,4166438994.0,2026-10-06T23:38:49.515303
2019-12-27,4158843299.0,2026-10-06T23:38:49.515303
2019-12-28,4162827617.0,2026-10-06T23:38:49.515303
2019-12-29,4158217639.0,2026-10-06T23:38:49.515303
2019-12-30,4160767782.0,2026-10-06T23:38:49.515303
2019-12-31,4165375371.0,2026-10-06T23:38:49.515303
2020-01-01,4164162469.0,2026-10-06T23:38:49.515303
2020-01-02,4165317677.0,2026-10-06T23:38:49.515303
2020-01-03,5254668680.0,2026-10-06T23:38:49.515303
2020-01-04,5309445438.0,2026-10-06T23:38:49.515303
2020-01-05,5313639002.0,2026-10-06T23:38:49.515303
2020-01-06,5307665901.0,2026-10-06T23:38:49.515303
2020-01-07,5316662384.0,2026-10-06T23:38:49.515303
2020-01-08,5295913229.0,2026-10-06T23:38:49.515303
2020-01-09,5267101550.0,2026-10-06T23:38:49.515303
2020-01-10,5265618826.0,2026-10-06T23:38:49.515303
2020-01-11,5251478483.0,2026-10-06T23:38:49.515303
2020-01-12,5226712649.0,2026-10-06T23:38:49.515303
2020-01-13,5237537662.0,2026-10-06T23:38:49.515303
2020-01-14,5223177049.0,2026-10-06T23:38:49.515303
2020-01-15,5208501013.0,2026-10-06T23:38:49.515303
2020-01-16,5226792450.0,2026-10-06T23:38:49.515303
2020-01-17,5224192960.0,2026-10-06T23:38:49.515303
2020-01-18,5216409706.0,2026-10-06T23:38:49.515303
2020-01-19,5213681748.0,2026-10-06T23:38:49.515303
2020-01-20,5218945732.0,2026-10-06T23:38:49.515303
2020-01-21,5213140823.0,2026-10-06T23:38:49.515303
2020-01-22,5211780488.0,2026-10-06T23:38:49.515303
2020-01-23,5219507119.0,2026-10-06T23:38:49.515303
2020-01-24,5207461769.0,2026-10-06T23:38:49.515303
2020-01-25,5218377512.0,2026-10-06T23:38:49.515303
2020-01-26,5212747889.0,2026-10-06T23:38:49.515303
2020-01-27,5215100891.0,2026-10-06T23:38:49.515303
2020-01-28,5205612968.0,2026-10-06T23:38:49.515303
2020-01-29,5233041178.0,2026-10-06T23:38:49.515303
2020-01-30,5217089947.0,2026-10-06T23:38:49.515303
2020-01-31,5219496781.0,2026-10-06T23:38:49.515303
2020-02-01,5215493221.0,2026-10-06T23:38:49.515303
2020-02-02,5217125110.0,2026-10-06T23:38:49.515303
2020-02-03,5221576809.0,2026-10-06T23:38:49.515303
2020-02-04,5227503089.0,2026-10-06T23:38:49.515303
2020-02-05,5213678251.0,2026-10-06T23:38:49.515303
2020-02-06,5207120904.0,2026-10-06T23:38:49.515303
2020-02-07,5213445935.0,2026-10-06T23:38:49.515303
2020-02-08,5203278636.0,2026-10-06T23:38:49.515303
2020-02-09,5207645131.0,2026-10-06T23:38:49.515303
2020-02-10,5234937139.0,2026-10-06T23:38:49.515303
2020-02-11,5216282014.0,2026-10-06T23:38:49.515303
2020-02-12,5214293606.0,2026-10-06T23:38:49.515303
2020-02-13,5209223879.0,2026-10-06T23:38:49.515303
2020-02-14,5217805808.0,2026-10-06T23:38:49.515303
2020-02-15,5216736574.0,2026-10-06T23:38:49.515303
2020-02-16,5216265202.0,2026-10-06T23:38:49.515303
2020-02-17,5225418396.0,2026-10-06T23:38:49.515303
2020-02-18,5234468006.0,2026-10-06T23:38:49.515303
2020-02-19,5219987909.0,2026-10-06T23:38:49.515303
2020-02-20,5219777245.0,2026-10-06T23:38:49.515303
2020-02-21,5217824059.0,2026-10-06T23:38:49.515303
2020-02-22,5223786753.0,2026-10-06T23:38:49.515303
2020-02-23,5223233490.0,2026-10-06T23:38:49.515303
2020-02-24,5232871950.0,2026-10-06T23:38:49.515303
2020-02-25,5211489920.0,2026-10-06T23:38:49.515303
2020-02-26,5209043108.0,2026-10-06T23:38:49.515303
2020-02-27,5204016005.0,2026-10-06T23:38:49.515303
2020-02-28,5227478797.0,2026-10-06T23:38:49.515303
2020-02-29,5220002948.0,2026-10-06T23:38:49.515303
2020-03-01,5215638676.0,2026-10-06T23:38:49.515303
2020-03-02,5221395337.0,2026-10-06T23:38:49.515303
2020-03-03,5222976921.0,2026-10-06T23:38:49.515303
2020-03-04,5236396425.0,2026-10-06T23:38:49.515303
2020-03-05,5235859157.0,2026-10-06T23:38:49.515303
2020-03-06,5219892543.0,2026-10-06T23:38:49.515303
2020-03-07,5234765456.0,2026-10-06T23:38:49.515303
2020-03-08,5233141660.0,2026-10-06T23:38:49.515303
2020-03-09,5203701914.0,2026-10-06T23:38:49.515303
2020-03-10,5239068531.0,2026-10-06T23:38:49.515303
2020-03-11,5240004951.0,2026-10-06T23:38:49.515303
2020-03-12,5266784835.0,2026-10-06T23:38:49.515303
2020-03-13,5291631068.0,2026-10-06T23:38:49.515303
2020-03-14,5379667629.0,2026-10-06T23:38:49.515303
2020-03-15,5317438666.0,2026-10-06T23:38:49.515303
2020-03-16,5382554280.0,2026-10-06T23:38:49.515303
2020-03-17,5400239482.0,2026-10-06T23:38:49.515303
2020-03-18,5415890343.0,2026-10-06T23:38:49.515303
2020-03-19,5349324395.0,2026-10-06T23:38:49.515303
2020-03-20,5431947001.0,2026-10-06T23:38:49.515303
2020-03-21,5472107791.0,2026-10-06T23:38:49.515303
2020-03-22,5426181674.0,2026-10-06T23:38:49.515303
2020-03-23,5451439295.0,2026-10-06T23:38:49.515303
2020-03-24,5470600812.0,2026-10-06T23:38:49.515303
2020-03-25,5489907859.0,2026-10-06T23:38:49.515303
2020-03-26,5514391618.0,2026-10-06T23:38:49.515303
2020-03-27,5500186845.0,2026-10-06T23:38:49.515303
2020-03-28,5477220727.0,2026-10-06T23:38:49.515303
2020-03-29,5488406930.0,2026-10-06T23:38:49.515303
2020-03-30,5495536859.0,2026-10-06T23:38:49.515303
2020-03-31,5489101190.0,2026-10-06T23:38:49.515303
2020-04-01,5475221746.0,2026-10-06T23:38:49.515303
2020-04-02,5497816074.0,2026-10-06T23:38:49.515303
2020-04-03,7508836912.0,2026-10-06T23:38:49.515303
2020-04-04,7550852484.0,2026-10-06T23:38:49.515303
2020-04-05,7545887976.0,2026-10-06T23:38:49.515303
2020-04-06,7560767240.0,2026-10-06T23:38:49.515303
2020-04-07,7539495944.0,2026-10-06T23:38:49.515303
2020-04-08,7536601640.0,2026-10-06T23:38:49.515303
2020-04-09,7556608644.0,2026-10-06T23:38:49.515303
2020-04-10,7567816100.0,2026-10-06T23:38:49.515303
2020-04-11,7574038685.0,2026-10-06T23:38:49.515303
2020-04-12,7573550113.0,2026-10-06T23:38:49.515303
2020-04-13,7585847629.0,2026-10-06T23:38:49.515303
2020-04-14,7577266826.0,2026-10-06T23:38:49.515303
2020-04-15,7601649051.0,2026-10-06T23:38:49.515303
2020-04-16,7583101059.0,2026-10-06T23:38:49.515303
2020-04-17,7806800292.0,2026-10-06T23:38:49.515303
2020-04-18,7789273679.0,2026-10-06T23:38:49.515303
2020-04-19,7788091313.0,2026-10-06T23:38:49.515303
2020-04-20,7811137265.0,2026-10-06T23:38:49.515303
2020-04-21,7818340695.0,2026-10-06T23:38:49.515303
2020-04-22,7798377533.0,2026-10-06T23:38:49.515303
2020-04-23,8574121508.0,2026-10-06T23:38:49.515303
2020-04-24,8539810331.0,2026-10-06T23:38:49.515303
2020-04-25,8559269936.0,2026-10-06T23:38:49.515303
2020-04-26,8590997623.0,2026-10-06T23:38:49.515303
2020-04-27,8611982495.0,2026-10-06T23:38:49.515303
2020-04-28,8619637269.0,2026-10-06T23:38:49.515303
2020-04-29,8587374275.0,2026-10-06T23:38:49.515303
2020-04-30,9133643922.0,2026-10-06T23:38:49.515303
2020-05-01,9126616215.0,2026-10-06T23:38:49.515303
2020-05-02,9193487129.0,2026-10-06T23:38:49.515303
2020-05-03,9214328487.0,2026-10-06T23:38:49.515303
2020-05-04,9241219478.0,2026-10-06T23:38:49.515303
2020-05-05,9216369498.0,2026-10-06T23:38:49.515303
2020-05-06,9300267684.0,2026-10-06T23:38:49.515303
2020-05-07,9370846579.0,2026-10-06T23:38:49.515303
2020-05-08,9534829405.0,2026-10-06T23:38:49.515303
2020-05-09,9610103240.0,2026-10-06T23:38:49.515303
2020-05-10,9771974386.0,2026-10-06T23:38:49.515303
2020-05-11,9934841168.0,2026-10-06T23:38:49.515303
2020-05-12,9948283082.0,2026-10-06T23:38:49.515303
2020-05-13,10101513689.0,2026-10-06T23:38:49.515303
2020-05-14,10121541499.0,2026-10-06T23:38:49.515303
2020-05-15,10249298855.0,2026-10-06T23:38:49.515303
2020-05-16,10305047147.0,2026-10-06T23:38:49.515303
2020-05-17,10326166033.0,2026-10-06T23:38:49.515303
2020-05-18,10418667342.0,2026-10-06T23:38:49.515303
2020-05-19,10391147030.0,2026-10-06T23:38:49.515303
2020-05-20,10360655546.0,2026-10-06T23:38:49.515303
2020-05-21,10391787908.0,2026-10-06T23:38:49.515303
2020-05-22,10370369783.0,2026-10-06T23:38:49.515303
2020-05-23,10347893082.0,2026-10-06T23:38:49.515303
2020-05-24,10354426866.0,2026-10-06T23:38:49.515303
2020-05-25,10426967666.0,2026-10-06T23:38:49.515303
2020-05-26,10469104545.0,2026-10-06T23:38:49.515303
2020-05-27,10459958289.0,2026-10-06T23:38:49.515303
2020-05-28,10488321003.0,2026-10-06T23:38:49.515303
2020-05-29,10505974269.0,2026-10-06T23:38:49.515303
2020-05-30,10503235179.0,2026-10-06T23:38:49.515303
2020-05-31,10569214749.0,2026-10-06T23:38:49.515303
2020-06-01,10538152490.0,2026-10-06T23:38:49.515303
2020-06-02,10570960469.0,2026-10-06T23:38:49.515303
2020-06-03,10655156494.0,2026-10-06T23:38:49.515303
2020-06-04,10679144252.0,2026-10-06T23:38:49.515303
2020-06-05,10721790399.0,2026-10-06T23:38:49.515303
2020-06-06,10721947248.0,2026-10-06T23:38:49.515303
2020-06-07,10745559218.0,2026-10-06T23:38:49.515303
2020-06-08,10771315119.0,2026-10-06T23:38:49.515303
2020-06-09,10806649144.0,2026-10-06T23:38:49.515303
2020-06-10,10813173850.0,2026-10-06T23:38:49.515303
2020-06-11,10874186855.0,2026-10-06T23:38:49.515303
2020-06-12,10888632100.0,2026-10-06T23:38:49.515303
2020-06-13,10951465621.0,2026-10-06T23:38:49.515303
2020-06-14,10957871607.0,2026-10-06T23:38:49.515303
2020-06-15,10965111646.0,2026-10-06T23:38:49.515303
2020-06-16,10976327901.0,2026-10-06T23:38:49.515303
2020-06-17,11029191069.0,2026-10-06T23:38:49.515303
2020-06-18,11059352876.0,2026-10-06T23:38:49.515303
2020-06-19,11111778777.0,2026-10-06T23:38:49.515303
2020-06-20,11204610239.0,2026-10-06T23:38:49.515303
2020-06-21,11251934737.0,2026-10-06T23:38:49.515303
2020-06-22,11273784138.0,2026-10-06T23:38:49.515303
2020-06-23,11321533510.0,2026-10-06T23:38:49.515303
2020-06-24,11278342437.0,2026-10-06T23:38:49.515303
2020-06-25,11293730318.0,2026-10-06T23:38:49.515303
2020-06-26,11278284622.0,2026-10-06T23:38:49.515303
2020-06-27,11314086131.0,2026-10-06T23:38:49.515303
2020-06-28,11356566314.0,2026-10-06T23:38:49.515303
2020-06-29,11362578304.0,2026-10-06T23:38:49.515303
2020-06-30,11340637525.0,2026-10-06T23:38:49.515303
2020-07-01,11364966592.0,2026-10-06T23:38:49.515303
2020-07-02,11407164039.0,2026-10-06T23:38:49.515303
2020-07-03,11412728411.0,2026-10-06T23:38:49.515303
2020-07-04,11464409502.0,2026-10-06T23:38:49.515303
2020-07-05,11529904626.0,2026-10-06T23:38:49.515303
2020-07-06,11546314438.0,2026-10-06T23:38:49.515303
2020-07-07,11564186935.0,2026-10-06T23:38:49.515303
2020-07-08,11594686617.0,2026-10-06T23:38:49.515303
2020-07-09,11636318095.0,2026-10-06T23:38:49.515303
2020-07-10,11680727643.0,2026-10-06T23:38:49.515303
2020-07-11,11705882178.0,2026-10-06T23:38:49.515303
2020-07-12,11752053854.0,2026-10-06T23:38:49.515303
2020-07-13,11744415782.0,2026-10-06T23:38:49.515303
2020-07-14,11761546287.0,2026-10-06T23:38:49.515303
2020-07-15,11754044965.0,2026-10-06T23:38:49.515303
2020-07-16,11794138928.0,2026-10-06T23:38:49.515303
2020-07-17,11810635365.0,2026-10-06T23:38:49.515303
2020-07-18,11829738730.0,2026-10-06T23:38:49.515303
2020-07-19,11874298788.0,2026-10-06T23:38:49.515303
2020-07-20,11949018691.0,2026-10-06T23:38:49.515303
2020-07-21,11918384608.0,2026-10-06T23:38:49.515303
2020-07-22,11955733033.0,2026-10-06T23:38:49.515303
2020-07-23,12077269700.0,2026-10-06T23:38:49.515303
2020-07-24,12183825803.0,2026-10-06T23:38:49.515303
2020-07-25,12326729637.0,2026-10-06T23:38:49.515303
2020-07-26,12351062268.0,2026-10-06T23:38:49.515303
2020-07-27,12443593229.0,2026-10-06T23:38:49.515303
2020-07-28,12361914818.0,2026-10-06T23:38:49.515303
2020-07-29,12665993060.0,2026-10-06T23:38:49.515303
2020-07-30,12835058562.0,2026-10-06T23:38:49.515303
2020-07-31,12923775061.0,2026-10-06T23:38:49.515303
2020-08-01,12974964290.0,2026-10-06T23:38:49.515303
2020-08-02,13149553905.0,2026-10-06T23:38:49.515303
2020-08-03,13286257170.0,2026-10-06T23:38:49.515303
2020-08-04,13340618543.0,2026-10-06T23:38:49.515303
2020-08-05,13409099131.0,2026-10-06T23:38:49.515303
2020-08-06,13494155334.0,2026-10-06T23:38:49.515303
2020-08-07,13582989963.0,2026-10-06T23:38:49.515303
2020-08-08,13759279354.0,2026-10-06T23:38:49.515303
2020-08-09,13907432871.0,2026-10-06T23:38:49.515303
2020-08-10,13991031955.0,2026-10-06T23:38:49.515303
2020-08-11,14020939556.0,2026-10-06T23:38:49.515303
2020-08-12,14176850649.0,2026-10-06T23:38:49.515303
2020-08-13,14249517184.0,2026-10-06T23:38:49.515303
2020-08-14,14387959017.0,2026-10-06T23:38:49.515303
2020-08-15,14704135036.0,2026-10-06T23:38:49.515303
2020-08-16,14690920330.0,2026-10-06T23:38:49.515303
2020-08-17,14762828345.0,2026-10-06T23:38:49.515303
2020-08-18,14920456513.0,2026-10-06T23:38:49.515303
2020-08-19,15185083668.0,2026-10-06T23:38:49.515303
2020-08-20,15207549637.0,2026-10-06T23:38:49.515303
2020-08-21,15324600530.0,2026-10-06T23:38:49.515303
2020-08-22,15456883545.0,2026-10-06T23:38:49.515303
2020-08-23,15562683894.0,2026-10-06T23:38:49.515303
2020-08-24,15624440882.0,2026-10-06T23:38:49.515303
2020-08-25,15655410294.0,2026-10-06T23:38:49.515303
2020-08-26,15685150712.0,2026-10-06T23:38:49.515303
2020-08-27,15711484829.0,2026-10-06T23:38:49.515303
2020-08-28,15888150674.0,2026-10-06T23:38:49.515303
2020-08-29,15998429901.0,2026-10-06T23:38:49.515303
2020-08-30,16210161464.0,2026-10-06T23:38:49.515303
2020-08-31,16249877980.0,2026-10-06T23:38:49.515303
2020-09-01,15503545349.0,2026-10-06T23:38:49.515303
2020-09-02,15681224545.0,2026-10-06T23:38:49.515303
2020-09-03,15958924698.0,2026-10-06T23:38:49.515303
2020-09-04,16043904271.0,2026-10-06T23:38:49.515303
2020-09-05,16219819219.0,2026-10-06T23:38:49.515303
2020-09-06,16284167836.0,2026-10-06T23:38:49.515303
2020-09-07,16338953018.0,2026-10-06T23:38:49.515303
2020-09-08,16662368965.0,2026-10-06T23:38:49.515303
2020-09-09,16652549314.0,2026-10-06T23:38:49.515303
2020-09-10,16997307259.0,2026-10-06T23:38:49.515303
2020-09-11,17095801532.0,2026-10-06T23:38:49.515303
2020-09-12,17190899648.0,2026-10-06T23:38:49.515303
2020-09-13,17264124875.0,2026-10-06T23:38:49.515303
2020-09-14,17593658137.0,2026-10-06T23:38:49.515303
2020-09-15,16734196413.0,2026-10-06T23:38:49.515303
2020-09-16,17880872965.0,2026-10-06T23:38:49.515303
2020-09-17,18133590745.0,2026-10-06T23:38:49.515303
2020-09-18,18362757153.0,2026-10-06T23:38:49.515303
2020-09-19,18487562250.0,2026-10-06T23:38:49.515303
2020-09-20,18782992925.0,2026-10-06T23:38:49.515303
2020-09-21,18864410103.0,2026-10-06T23:38:49.515303
2020-09-22,18926829029.0,2026-10-06T23:38:49.515303
2020-09-23,18952830992.0,2026-10-06T23:38:49.515303
2020-09-24,19035609990.0,2026-10-06T23:38:49.515303
2020-09-25,19107867033.0,2026-10-06T23:38:49.515303
2020-09-26,19131769134.0,2026-10-06T23:38:49.515303
2020-09-27,19218205520.0,2026-10-06T23:38:49.515303
2020-09-28,19266207943.0,2026-10-06T23:38:49.515303
2020-09-29,19178539437.0,2026-10-06T23:38:49.515303
2020-09-30,19186166377.0,2026-10-06T23:38:49.515303
2020-10-01,19203727536.0,2026-10-06T23:38:49.515303
2020-10-02,19351283909.0,2026-10-06T23:38:49.515303
2020-10-03,19432574560.0,2026-10-06T23:38:49.515303
2020-10-04,19478480243.0,2026-10-06T23:38:49.515303
2020-10-05,19501127105.0,2026-10-06T23:38:49.515303
2020-10-06,19519093196.0,2026-10-06T23:38:49.515303
2020-10-07,19554444878.0,2026-10-06T23:38:49.515303
2020-10-08,19573092077.0,2026-10-06T23:38:49.515303
2020-10-09,19847065058.0,2026-10-06T23:38:49.515303
2020-10-10,19930149740.0,2026-10-06T23:38:49.515303
2020-10-11,19989315225.0,2026-10-06T23:38:49.515303
2020-10-12,20011265273.0,2026-10-06T23:38:49.515303
2020-10-13,20037440721.0,2026-10-06T23:38:49.515303
2020-10-14,20005951707.0,2026-10-06T23:38:49.515303
2020-10-15,19992629635.0,2026-10-06T23:38:49.515303
2020-10-16,19982154567.0,2026-10-06T23:38:49.515303
2020-10-17,19957812920.0,2026-10-06T23:38:49.515303
2020-10-18,19950577459.0,2026-10-06T23:38:49.515303
2020-10-19,19989708762.0,2026-10-06T23:38:49.515303
2020-10-20,20122766889.0,2026-10-06T23:38:49.515303
2020-10-21,20451342126.0,2026-10-06T23:38:49.515303
2020-10-22,20543272392.0,2026-10-06T23:38:49.515303
2020-10-23,20647854987.0,2026-10-06T23:38:49.515303
2020-10-24,20628018270.0,2026-10-06T23:38:49.515303
2020-10-25,20664207765.0,2026-10-06T23:38:49.515303
2020-10-26,20699873088.0,2026-10-06T23:38:49.515303
2020-10-27,20781123316.0,2026-10-06T23:38:49.515303
2020-10-28,20812915068.0,2026-10-06T23:38:49.515303
2020-10-29,20960807445.0,2026-10-06T23:38:49.515303
2020-10-30,20997338701.0,2026-10-06T23:38:49.515303
2020-10-31,21147803214.0,2026-10-06T23:38:49.515303
2020-11-01,21191896817.0,2026-10-06T23:38:49.515303
2020-11-02,21208425984.0,2026-10-06T23:38:49.515303
2020-11-03,21194195144.0,2026-10-06T23:38:49.515303
2020-11-04,21326677218.0,2026-10-06T23:38:49.515303
2020-11-05,21282786603.0,2026-10-06T23:38:49.515303
2020-11-06,21568963624.0,2026-10-06T23:38:49.515303
2020-11-07,21680645173.0,2026-10-06T23:38:49.515303
2020-11-08,21714827976.0,2026-10-06T23:38:49.515303
2020-11-09,21700757871.0,2026-10-06T23:38:49.515303
2020-11-10,21641731983.0,2026-10-06T23:38:49.515303
2020-11-11,21810946261.0,2026-10-06T23:38:49.515303
2020-11-12,22009146195.0,2026-10-06T23:38:49.515303
2020-11-13,22180642995.0,2026-10-06T23:38:49.515303
2020-11-14,22210238474.0,2026-10-06T23:38:49.515303
2020-11-15,22253342316.0,2026-10-06T23:38:49.515303
2020-11-16,22256154913.0,2026-10-06T23:38:49.515303
2020-11-17,22391815606.0,2026-10-06T23:38:49.515303
2020-11-18,22336138621.0,2026-10-06T23:38:49.515303
2020-11-19,22347205897.0,2026-10-06T23:38:49.515303
2020-11-20,22526777409.0,2026-10-06T23:38:49.515303
2020-11-21,22927258882.0,2026-10-06T23:38:49.515303
2020-11-22,22981182667.0,2026-10-06T23:38:49.515303
2020-11-23,23045275749.0,2026-10-06T23:38:49.515303
2020-11-24,23205264813.0,2026-10-06T23:38:49.515303
2020-11-25,23428524330.0,2026-10-06T23:38:49.515303
2020-11-26,23436187834.0,2026-10-06T23:38:49.515303
2020-11-27,23416251815.0,2026-10-06T23:38:49.515303
2020-11-28,23404238749.0,2026-10-06T23:38:49.515303
2020-11-29,23549781451.0,2026-10-06T23:38:49.515303
2020-11-30,23567548424.0,2026-10-06T23:38:49.515303
2020-12-01,24000906685.0,2026-10-06T23:38:49.515303
2020-12-02,24193039647.0,2026-10-06T23:38:49.515303
2020-12-03,24250652609.0,2026-10-06T23:38:49.515303
2020-12-04,24351898246.0,2026-10-06T23:38:49.515303
2020-12-05,24559167602.0,2026-10-06T23:38:49.515303
2020-12-06,24588802799.0,2026-10-06T23:38:49.515303
2020-12-07,24636169869.0,2026-10-06T23:38:49.515303
2020-12-08,24567178065.0,2026-10-06T23:38:49.515303
2020-12-09,24560382372.0,2026-10-06T23:38:49.515303
2020-12-10,24558004215.0,2026-10-06T23:38:49.515303
2020-12-11,24712197997.0,2026-10-06T23:38:49.515303
2020-12-12,24758094496.0,2026-10-06T23:38:49.515303
2020-12-13,24880984894.0,2026-10-06T23:38:49.515303
2020-12-14,24933732312.0,2026-10-06T23:38:49.515303
2020-12-15,25001189257.0,2026-10-06T23:38:49.515303
2020-12-16,25229672808.0,2026-10-06T23:38:49.515303
2020-12-17,25363461485.0,2026-10-06T23:38:49.515303
2020-12-18,25389305921.0,2026-10-06T23:38:49.515303
2020-12-19,25647401638.0,2026-10-06T23:38:49.515303
2020-12-20,25789476016.0,2026-10-06T23:38:49.515303
2020-12-21,25783064077.0,2026-10-06T23:38:49.515303
2020-12-22,25909947265.0,2026-10-06T23:38:49.515303
2020-12-23,25889629307.0,2026-10-06T23:38:49.515303
2020-12-24,26139188438.0,2026-10-06T23:38:49.515303
2020-12-25,26442765191.0,2026-10-06T23:38:49.515303
2020-12-26,26477526742.0,2026-10-06T23:38:49.515303
2020-12-27,26501399265.0,2026-10-06T23:38:49.515303
2020-12-28,26534254117.0,2026-10-06T23:38:49.515303
2020-12-29,26781820265.0,2026-10-06T23:38:49.515303
2020-12-30,26836978455.0,2026-10-06T23:38:49.515303
2020-12-31,27021165308.0,2026-10-06T23:38:49.515303
2021-01-01,27366778181.0,2026-10-06T23:38:49.515303
2021-01-02,28221116049.0,2026-10-06T23:38:49.515303
2021-01-03,29152627074.0,2026-10-06T23:38:49.515303
2021-01-04,29427097955.0,2026-10-06T23:38:49.515303
2021-01-05,29411365672.0,2026-10-06T23:38:49.515303
2021-01-06,30024050889.0,2026-10-06T23:38:49.515303
2021-01-07,30932320993.0,2026-10-06T23:38:49.515303
2021-01-08,31161078319.0,2026-10-06T23:38:49.515303
2021-01-09,31990585047.0,2026-10-06T23:38:49.515303
2021-01-10,32225427812.0,2026-10-06T23:38:49.515303
2021-01-11,32203453610.0,2026-10-06T23:38:49.515303
2021-01-12,32046774595.0,2026-10-06T23:38:49.515303
2021-01-13,32483946192.0,2026-10-06T23:38:49.515303
2021-01-14,32540453027.0,2026-10-06T23:38:49.515303
2021-01-15,32664197550.0,2026-10-06T23:38:49.515303
2021-01-16,32763488318.0,2026-10-06T23:38:49.515303
2021-01-17,32963089324.0,2026-10-06T23:38:49.515303
2021-01-18,33058402075.0,2026-10-06T23:38:49.515303
2021-01-19,33542439669.0,2026-10-06T23:38:49.515303
2021-01-20,33685864903.0,2026-10-06T23:38:49.515303
2021-01-21,33809063225.0,2026-10-06T23:38:49.515303
2021-01-22,33798205518.0,2026-10-06T23:38:49.515303
2021-01-23,34051352229.0,2026-10-06T23:38:49.515303
2021-01-24,34160376819.0,2026-10-06T23:38:49.515303
2021-01-25,34285106328.0,2026-10-06T23:38:49.515303
2021-01-26,34208049043.0,2026-10-06T23:38:49.515303
2021-01-27,34652923148.0,2026-10-06T23:38:49.515303
2021-01-28,35354831410.0,2026-10-06T23:38:49.515303
2021-01-29,36132155024.0,2026-10-06T23:38:49.515303
2021-01-30,36707647191.0,2026-10-06T23:38:49.515303
2021-01-31,36761939313.0,2026-10-06T23:38:49.515303
2021-02-01,37161741180.0,2026-10-06T23:38:49.515303
2021-02-02,37172967025.0,2026-10-06T23:38:49.515303
2021-02-03,35645799937.0,2026-10-06T23:38:49.515303
2021-02-04,38244543425.0,2026-10-06T23:38:49.515303
2021-02-05,38779284454.0,2026-10-06T23:38:49.515303
2021-02-06,39911078315.0,2026-10-06T23:38:49.515303
2021-02-07,40099151437.0,2026-10-06T23:38:49.515303
2021-02-08,41569033541.0,2026-10-06T23:38:49.515303
2021-02-09,41724810376.0,2026-10-06T23:38:49.515303
2021-02-10,43198373724.0,2026-10-06T23:38:49.515303
2021-02-11,43499689759.0,2026-10-06T23:38:49.515303
2021-02-12,43752082974.0,2026-10-06T23:38:49.515303
2021-02-13,44909525632.0,2026-10-06T23:38:49.515303
2021-02-14,45330355925.0,2026-10-06T23:38:49.515303
2021-02-15,45481177254.0,2026-10-06T23:38:49.515303
2021-02-16,45789183843.0,2026-10-06T23:38:49.515303
2021-02-17,46631174107.0,2026-10-06T23:38:49.515303
2021-02-18,46817762416.0,2026-10-06T23:38:49.515303
2021-02-19,47459236272.0,2026-10-06T23:38:49.515303
2021-02-20,48828596060.0,2026-10-06T23:38:49.515303
2021-02-21,49299758747.0,2026-10-06T23:38:49.515303
2021-02-22,49395631236.0,2026-10-06T23:38:49.515303
2021-02-23,49732124195.0,2026-10-06T23:38:49.515303
2021-02-24,49772167032.0,2026-10-06T23:38:49.515303
2021-02-25,50131473525.0,2026-10-06T23:38:49.515303
2021-02-26,50317586252.0,2026-10-06T23:38:49.515303
2021-02-27,50696716732.0,2026-10-06T23:38:49.515303
2021-02-28,50826974836.0,2026-10-06T23:38:49.515303
2021-03-01,51755828167.0,2026-10-06T23:38:49.515303
2021-03-02,52187897717.0,2026-10-06T23:38:49.515303
2021-03-03,53624974809.0,2026-10-06T23:38:49.515303
2021-03-04,53530685204.0,2026-10-06T23:38:49.515303
2021-03-05,53659482714.0,2026-10-06T23:38:49.515303
2021-03-06,54057270266.0,2026-10-06T23:38:49.515303
2021-03-07,54297902557.0,2026-10-06T23:38:49.515303
2021-03-08,54218555660.0,2026-10-06T23:38:49.515303
2021-03-09,54045531893.0,2026-10-06T23:38:49.515303
2021-03-10,55330300830.0,2026-10-06T23:38:49.515303
2021-03-11,55871397574.0,2026-10-06T23:38:49.515303
2021-03-12,55957814044.0,2026-10-06T23:38:49.515303
2021-03-13,56325568577.0,2026-10-06T23:38:49.515303
2021-03-14,56363766360.0,2026-10-06T23:38:49.515303
2021-03-15,57457844146.0,2026-10-06T23:38:49.515303
2021-03-16,58126765439.0,2026-10-06T23:38:49.515303
2021-03-17,58201549198.0,2026-10-06T23:38:49.515303
2021-03-18,58442220479.0,2026-10-06T23:38:49.515303
2021-03-19,58741266943.0,2026-10-06T23:38:49.515303
2021-03-20,58995178742.0,2026-10-06T23:38:49.515303
2021-03-21,60122705759.0,2026-10-06T23:38:49.515303
2021-03-22,60285081859.0,2026-10-06T23:38:49.515303
2021-03-23,60620006956.0,2026-10-06T23:38:49.515303
2021-03-24,60636512514.0,2026-10-06T23:38:49.515303
2021-03-25,60715096952.0,2026-10-06T23:38:49.515303
2021-03-26,60927457831.0,2026-10-06T23:38:49.515303
2021-03-27,62188409611.0,2026-10-06T23:38:49.515303
2021-03-28,62435862361.0,2026-10-06T23:38:49.515303
2021-03-29,62632540517.0,2026-10-06T23:38:49.515303
2021-03-30,62465279399.0,2026-10-06T23:38:49.515303
2021-03-31,62743091911.0,2026-10-06T23:38:49.515303
2021-04-01,63840675715.0,2026-10-06T23:38:49.515303
2021-04-02,63972104367.0,2026-10-06T23:38:49.515303
2021-04-03,66486739285.0,2026-10-06T23:38:49.515303
2021-04-04,66844556598.0,2026-10-06T23:38:49.515303
2021-04-05,67160552624.0,2026-10-06T23:38:49.515303
2021-04-06,68426282737.0,2026-10-06T23:38:49.515303
2021-04-07,68437472937.0,2026-10-06T23:38:49.515303
2021-04-08,69101190338.0,2026-10-06T23:38:49.515303
2021-04-09,69578799977.0,2026-10-06T23:38:49.515303
2021-04-10,69965814396.0,2026-10-06T23:38:49.515303
2021-04-11,70112333984.0,2026-10-06T23:38:49.515303
2021-04-12,71092997826.0,2026-10-06T23:38:49.515303
2021-04-13,71088257095.0,2026-10-06T23:38:49.515303
2021-04-14,73626541832.0,2026-10-06T23:38:49.515303
2021-04-15,74031042727.0,2026-10-06T23:38:49.515303
2021-04-16,74706967515.0,2026-10-06T23:38:49.515303
2021-04-17,76868364078.0,2026-10-06T23:38:49.515303
2021-04-18,77372381771.0,2026-10-06T23:38:49.515303
2021-04-19,80410533502.0,2026-10-06T23:38:49.515303
2021-04-20,80701005271.0,2026-10-06T23:38:49.515303
2021-04-21,81430503117.0,2026-10-06T23:38:49.515303
2021-04-22,81928589763.0,2026-10-06T23:38:49.515303
2021-04-23,81987926766.0,2026-10-06T23:38:49.515303
2021-04-24,82148206489.0,2026-10-06T23:38:49.515303
2021-04-25,82426537359.0,2026-10-06T23:38:49.515303
2021-04-26,82675654241.0,2026-10-06T23:38:49.515303
2021-04-27,83157825385.0,2026-10-06T23:38:49.515303
2021-04-28,83474034912.0,2026-10-06T23:38:49.515303
2021-04-29,83956724076.0,2026-10-06T23:38:49.515303
2021-04-30,83521000736.0,2026-10-06T23:38:49.515303
2021-05-01,84862111431.0,2026-10-06T23:38:49.515303
2021-05-02,85406430061.0,2026-10-06T23:38:49.515303
2021-05-03,86676665429.0,2026-10-06T23:38:49.515303
2021-05-04,86720574446.0,2026-10-06T23:38:49.515303
2021-05-05,89139614551.0,2026-10-06T23:38:49.515303
2021-05-06,89754149257.0,2026-10-06T23:38:49.515303
2021-05-07,90258453394.0,2026-10-06T23:38:49.515303
2021-05-08,90237389049.0,2026-10-06T23:38:49.515303
2021-05-09,90770109435.0,2026-10-06T23:38:49.515303
2021-05-10,92137228182.0,2026-10-06T23:38:49.515303
2021-05-11,93402307948.0,2026-10-06T23:38:49.515303
2021-05-12,94493166387.0,2026-10-06T23:38:49.515303
2021-05-13,94682079187.0,2026-10-06T23:38:49.515303
2021-05-14,94524082426.0,2026-10-06T23:38:49.515303
2021-05-15,94970590321.0,2026-10-06T23:38:49.515303
2021-05-16,95159416823.0,2026-10-06T23:38:49.515303
2021-05-17,95214709057.0,2026-10-06T23:38:49.515303
2021-05-18,96578367566.0,2026-10-06T23:38:49.515303
2021-05-19,96646525153.0,2026-10-06T23:38:49.515303
2021-05-20,95942357180.0,2026-10-06T23:38:49.515303
2021-05-21,97004119589.0,2026-10-06T23:38:49.515303
2021-05-22,99328659199.0,2026-10-06T23:38:49.515303
2021-05-23,99825826110.0,2026-10-06T23:38:49.515303
2021-05-24,100994160731.0,2026-10-06T23:38:49.515303
2021-05-25,101457098173.0,2026-10-06T23:38:49.515303
2021-05-26,101841411915.0,2026-10-06T23:38:49.515303
2021-05-27,102928960167.0,2026-10-06T23:38:49.515303
2021-05-28,104104946930.0,2026-10-06T23:38:49.515303
2021-05-29,104542314722.0,2026-10-06T23:38:49.515303
2021-05-30,104483949124.0,2026-10-06T23:38:49.515303
2021-05-31,102494888689.0,2026-10-06T23:38:49.515303
2021-06-01,105800929331.0,2026-10-06T23:38:49.515303
2021-06-02,106118435648.0,2026-10-06T23:38:49.515303
2021-06-03,106405515666.0,2026-10-06T23:38:49.515303
2021-06-04,106831131568.0,2026-10-06T23:38:49.515303
2021-06-05,107133072579.0,2026-10-06T23:38:49.515303
2021-06-06,107351022972.0,2026-10-06T23:38:49.515303
2021-06-07,107659908988.0,2026-10-06T23:38:49.515303
2021-06-08,107558482275.0,2026-10-06T23:38:49.515303
2021-06-09,107886626990.0,2026-10-06T23:38:49.515303
2021-06-10,108179303469.0,2026-10-06T23:38:49.515303
2021-06-11,107780455282.0,2026-10-06T23:38:49.515303
2021-06-12,107763288747.0,2026-10-06T23:38:49.515303
2021-06-13,107862341749.0,2026-10-06T23:38:49.515303
2021-06-14,108056222864.0,2026-10-06T23:38:49.515303
2021-06-15,108062767318.0,2026-10-06T23:38:49.515303
2021-06-16,108164343290.0,2026-10-06T23:38:49.515303
2021-06-17,107914992967.0,2026-10-06T23:38:49.515303
2021-06-18,107715214757.0,2026-10-06T23:38:49.515303
2021-06-19,108139154106.0,2026-10-06T23:38:49.515303
2021-06-20,108322212493.0,2026-10-06T23:38:49.515303
2021-06-21,108627301976.0,2026-10-06T23:38:49.515303
2021-06-22,108903341048.0,2026-10-06T23:38:49.515303
2021-06-23,109065344072.0,2026-10-06T23:38:49.515303
2021-06-24,109329217573.0,2026-10-06T23:38:49.515303
2021-06-25,109680379446.0,2026-10-06T23:38:49.515303
2021-06-26,109763792991.0,2026-10-06T23:38:49.515303
2021-06-27,109907137429.0,2026-10-06T23:38:49.515303
2021-06-28,110148385180.0,2026-10-06T23:38:49.515303
2021-06-29,109582783989.0,2026-10-06T23:38:49.515303
2021-06-30,109585773317.0,2026-10-06T23:38:49.515303
2021-07-01,109646352253.0,2026-10-06T23:38:49.515303
2021-07-02,109979215556.0,2026-10-06T23:38:49.515303
2021-07-03,110577364968.0,2026-10-06T23:38:49.515303
2021-07-04,110665626199.0,2026-10-06T23:38:49.515303
2021-07-05,110748456760.0,2026-10-06T23:38:49.515303
2021-07-06,110871523787.0,2026-10-06T23:38:49.515303
2021-07-07,111278252078.0,2026-10-06T23:38:49.515303
2021-07-08,111397041755.0,2026-10-06T23:38:49.515303
2021-07-09,111558644915.0,2026-10-06T23:38:49.515303
2021-07-10,111570655597.0,2026-10-06T23:38:49.515303
2021-07-11,111590743412.0,2026-10-06T23:38:49.515303
2021-07-12,111635819729.0,2026-10-06T23:38:49.515303
2021-07-13,111815882159.0,2026-10-06T23:38:49.515303
2021-07-14,111589763500.0,2026-10-06T23:38:49.515303
2021-07-15,111627877384.0,2026-10-06T23:38:49.515303
2021-07-16,112320596742.0,2026-10-06T23:38:49.515303
2021-07-17,111996216300.0,2026-10-06T23:38:49.515303
2021-07-18,112181540218.0,2026-10-06T23:38:49.515303
2021-07-19,112309574396.0,2026-10-06T23:38:49.515303
2021-07-20,112239489404.0,2026-10-06T23:38:49.515303
2021-07-21,112252263194.0,2026-10-06T23:38:49.515303
2021-07-22,112510719529.0,2026-10-06T23:38:49.515303
2021-07-23,112688937077.0,2026-10-06T23:38:49.515303
2021-07-24,112939722340.0,2026-10-06T23:38:49.515303
2021-07-25,113164295552.0,2026-10-06T23:38:49.515303
2021-07-26,113448856664.0,2026-10-06T23:38:49.515303
2021-07-27,113517746355.0,2026-10-06T23:38:49.515303
2021-07-28,113854604710.0,2026-10-06T23:38:49.515303
2021-07-29,113985850669.0,2026-10-06T23:38:49.515303
2021-07-30,113923048498.0,2026-10-06T23:38:49.515303
2021-07-31,114206887020.0,2026-10-06T23:38:49.515303
2021-08-01,114130941965.0,2026-10-06T23:38:49.515303
2021-08-02,114015647586.0,2026-10-06T23:38:49.515303
2021-08-03,114158412071.0,2026-10-06T23:38:49.515303
2021-08-04,114165105909.0,2026-10-06T23:38:49.515303
2021-08-05,113123558004.0,2026-10-06T23:38:49.515303
2021-08-06,113275670568.0,2026-10-06T23:38:49.515303
2021-08-07,113527858195.0,2026-10-06T23:38:49.515303
2021-08-08,114752216870.0,2026-10-06T23:38:49.515303
2021-08-09,114855850147.0,2026-10-06T23:38:49.515303
2021-08-10,114669741771.0,2026-10-06T23:38:49.515303
2021-08-11,114552467749.0,2026-10-06T23:38:49.515303
2021-08-12,114533597307.0,2026-10-06T23:38:49.515303
2021-08-13,114684551435.0,2026-10-06T23:38:49.515303
2021-08-14,114595012041.0,2026-10-06T23:38:49.515303
2021-08-15,115647535009.0,2026-10-06T23:38:49.515303
2021-08-16,115770476650.0,2026-10-06T23:38:49.515303
2021-08-17,115689127490.0,2026-10-06T23:38:49.515303
2021-08-18,115643766361.0,2026-10-06T23:38:49.515303
2021-08-19,115695230288.0,2026-10-06T23:38:49.515303
2021-08-20,115641700685.0,2026-10-06T23:38:49.515303
2021-08-21,116495458994.0,2026-10-06T23:38:49.515303
2021-08-22,116626171626.0,2026-10-06T23:38:49.515303
2021-08-23,117772687543.0,2026-10-06T23:38:49.515303
2021-08-24,115782669411.0,2026-10-06T23:38:49.515303
2021-08-25,117678801501.0,2026-10-06T23:38:49.515303
2021-08-26,117617046724.0,2026-10-06T23:38:49.515303
2021-08-27,117771964862.0,2026-10-06T23:38:49.515303
2021-08-28,117953287180.0,2026-10-06T23:38:49.515303
2021-08-29,117968539012.0,2026-10-06T23:38:49.515303
2021-08-30,118026154459.0,2026-10-06T23:38:49.515303
2021-08-31,118152129195.0,2026-10-06T23:38:49.515303
2021-09-01,118259166688.0,2026-10-06T23:38:49.515303
2021-09-02,118478780877.0,2026-10-06T23:38:49.515303
2021-09-03,119749270064.0,2026-10-06T23:38:49.515303
2021-09-04,119880189507.0,2026-10-06T23:38:49.515303
2021-09-05,120094427382.0,2026-10-06T23:38:49.515303
2021-09-06,120998775663.0,2026-10-06T23:38:49.515303
2021-09-07,123064058117.0,2026-10-06T23:38:49.515303
2021-09-08,123415558815.0,2026-10-06T23:38:49.515303
2021-09-09,123769821117.0,2026-10-06T23:38:49.515303
2021-09-10,124004053095.0,2026-10-06T23:38:49.515303
2021-09-11,123599837398.0,2026-10-06T23:38:49.515303
2021-09-12,123766068369.0,2026-10-06T23:38:49.515303
2021-09-13,123773916637.0,2026-10-06T23:38:49.515303
2021-09-14,123657278990.0,2026-10-06T23:38:49.515303
2021-09-15,123953854025.0,2026-10-06T23:38:49.515303
2021-09-16,124064648148.0,2026-10-06T23:38:49.515303
2021-09-17,124222627749.0,2026-10-06T23:38:49.515303
2021-09-18,124556494184.0,2026-10-06T23:38:49.515303
2021-09-19,124531954595.0,2026-10-06T23:38:49.515303
2021-09-20,124653533797.0,2026-10-06T23:38:49.515303
2021-09-21,124333604173.0,2026-10-06T23:38:49.515303
2021-09-22,124649566456.0,2026-10-06T23:38:49.515303
2021-09-23,125097617535.0,2026-10-06T23:38:49.515303
2021-09-24,125545098880.0,2026-10-06T23:38:49.515303
2021-09-25,126441614703.0,2026-10-06T23:38:49.515303
2021-09-26,126838565530.0,2026-10-06T23:38:49.515303
2021-09-27,127221326222.0,2026-10-06T23:38:49.515303
2021-09-28,126900183633.0,2026-10-06T23:38:49.515303
2021-09-29,126740064808.0,2026-10-06T23:38:49.515303
2021-09-30,126932049973.0,2026-10-06T23:38:49.515303
2021-10-01,126776758716.0,2026-10-06T23:38:49.515303
2021-10-02,126954502624.0,2026-10-06T23:38:49.515303
2021-10-03,127118160277.0,2026-10-06T23:38:49.515303
2021-10-04,127405957223.0,2026-10-06T23:38:49.515303
2021-10-05,127458094254.0,2026-10-06T23:38:49.515303
2021-10-06,127657655010.0,2026-10-06T23:38:49.515303
2021-10-07,128175881113.0,2026-10-06T23:38:49.515303
2021-10-08,128279605379.0,2026-10-06T23:38:49.515303
2021-10-09,128539290713.0,2026-10-06T23:38:49.515303
2021-10-10,128693216225.0,2026-10-06T23:38:49.515303
2021-10-11,128882653567.0,2026-10-06T23:38:49.515303
2021-10-12,129025042100.0,2026-10-06T23:38:49.515303
2021-10-13,128949343721.0,2026-10-06T23:38:49.515303
2021-10-14,128896541481.0,2026-10-06T23:38:49.515303
2021-10-15,129400989691.0,2026-10-06T23:38:49.515303
2021-10-16,129399689471.0,2026-10-06T23:38:49.515303
2021-10-17,129429140105.0,2026-10-06T23:38:49.515303
2021-10-18,129271969367.0,2026-10-06T23:38:49.515303
2021-10-19,129405021226.0,2026-10-06T23:38:49.515303
2021-10-20,129112155101.0,2026-10-06T23:38:49.515303
2021-10-21,129741713990.0,2026-10-06T23:38:49.515303
2021-10-22,129539670384.0,2026-10-06T23:38:49.515303
2021-10-23,129634623349.0,2026-10-06T23:38:49.515303
2021-10-24,129729340730.0,2026-10-06T23:38:49.515303
2021-10-25,129734095466.0,2026-10-06T23:38:49.515303
2021-10-26,129879655751.0,2026-10-06T23:38:49.515303
2021-10-27,129831315648.0,2026-10-06T23:38:49.515303
2021-10-28,130498992459.0,2026-10-06T23:38:49.515303
2021-10-29,130806210315.0,2026-10-06T23:38:49.515303
2021-10-30,131288667303.0,2026-10-06T23:38:49.515303
2021-10-31,131590391603.0,2026-10-06T23:38:49.515303
2021-11-01,131741570147.0,2026-10-06T23:38:49.515303
2021-11-02,133065673549.0,2026-10-06T23:38:49.515303
2021-11-03,133783415837.0,2026-10-06T23:38:49.515303
2021-11-04,134033855924.0,2026-10-06T23:38:49.515303
2021-11-05,134939483977.0,2026-10-06T23:38:49.515303
2021-11-06,136516127786.0,2026-10-06T23:38:49.515303
2021-11-07,136338656612.0,2026-10-06T23:38:49.515303
2021-11-08,137599769445.0,2026-10-06T23:38:49.515303
2021-11-09,136969549205.0,2026-10-06T23:38:49.515303
2021-11-10,139384877821.0,2026-10-06T23:38:49.515303
2021-11-11,139090048129.0,2026-10-06T23:38:49.515303
2021-11-12,139317821157.0,2026-10-06T23:38:49.515303
2021-11-13,139769010600.0,2026-10-06T23:38:49.515303
2021-11-14,140392814236.0,2026-10-06T23:38:49.515303
2021-11-15,141039768619.0,2026-10-06T23:38:49.515303
2021-11-16,141673701757.0,2026-10-06T23:38:49.515303
2021-11-17,142647379709.0,2026-10-06T23:38:49.515303
2021-11-18,143346403708.0,2026-10-06T23:38:49.515303
2021-11-19,143797748421.0,2026-10-06T23:38:49.515303
2021-11-20,145006259169.0,2026-10-06T23:38:49.515303
2021-11-21,145755308606.0,2026-10-06T23:38:49.515303
2021-11-22,146046701783.0,2026-10-06T23:38:49.515303
2021-11-23,146100523676.0,2026-10-06T23:38:49.515303
2021-11-24,146350923029.0,2026-10-06T23:38:49.515303
2021-11-25,146834205959.0,2026-10-06T23:38:49.515303
2021-11-26,148057168550.0,2026-10-06T23:38:49.515303
2021-11-27,148461730915.0,2026-10-06T23:38:49.515303
2021-11-28,148745925726.0,2026-10-06T23:38:49.515303
2021-11-29,148984933816.0,2026-10-06T23:38:49.515303
2021-11-30,148468302961.0,2026-10-06T23:38:49.515303
2021-12-01,149290506273.0,2026-10-06T23:38:49.515303
2021-12-02,149714028309.0,2026-10-06T23:38:49.515303
2021-12-03,149982702843.0,2026-10-06T23:38:49.515303
2021-12-04,151325855851.0,2026-10-06T23:38:49.515303
2021-12-05,152601319756.0,2026-10-06T23:38:49.515303
2021-12-06,153320693652.0,2026-10-06T23:38:49.515303
2021-12-07,154163421871.0,2026-10-06T23:38:49.515303
2021-12-08,154769596002.0,2026-10-06T23:38:49.515303
2021-12-09,153083903115.0,2026-10-06T23:38:49.515303
2021-12-10,155754939909.0,2026-10-06T23:38:49.515303
2021-12-11,156121121045.0,2026-10-06T23:38:49.515303
2021-12-12,156349668105.0,2026-10-06T23:38:49.515303
2021-12-13,156467886893.0,2026-10-06T23:38:49.515303
2021-12-14,156566731622.0,2026-10-06T23:38:49.515303
2021-12-15,157836980646.0,2026-10-06T23:38:49.515303
2021-12-16,158170265679.0,2026-10-06T23:38:49.515303
2021-12-17,158095978708.0,2026-10-06T23:38:49.515303
2021-12-18,158666249444.0,2026-10-06T23:38:49.515303
2021-12-19,159046953677.0,2026-10-06T23:38:49.515303
2021-12-20,159042740263.0,2026-10-06T23:38:49.515303
2021-12-21,159776494551.0,2026-10-06T23:38:49.515303
2021-12-22,160361372901.0,2026-10-06T23:38:49.515303
2021-12-23,159083198090.0,2026-10-06T23:38:49.515303
2021-12-24,159425704836.0,2026-10-06T23:38:49.515303
2021-12-25,159854294095.0,2026-10-06T23:38:49.515303
2021-12-26,160053158380.0,2026-10-06T23:38:49.515303
2021-12-27,161215153110.0,2026-10-06T23:38:49.515303
2021-12-28,161354738703.0,2026-10-06T23:38:49.515303
2021-12-29,161377857191.0,2026-10-06T23:38:49.515303
2021-12-30,160824266475.0,2026-10-06T23:38:49.515303
2021-12-31,162208566543.0,2026-10-06T23:38:49.515303
2022-01-01,162042380455.0,2026-10-06T23:38:49.515303
2022-01-02,166121430731.0,2026-10-06T23:38:49.515303
2022-01-03,165973464519.0,2026-10-06T23:38:49.515303
2022-01-04,166142842329.0,2026-10-06T23:38:49.515303
2022-01-05,166441986936.0,2026-10-06T23:38:49.515303
2022-01-06,166875026490.0,2026-10-06T23:38:49.515303
2022-01-07,166938040121.0,2026-10-06T23:38:49.515303
2022-01-08,166596197215.0,2026-10-06T23:38:49.515303
2022-01-09,166664363385.0,2026-10-06T23:38:49.515303
2022-01-10,166286090180.0,2026-10-06T23:38:49.515303
2022-01-11,167326579269.0,2026-10-06T23:38:49.515303
2022-01-12,167696371905.0,2026-10-06T23:38:49.515303
2022-01-13,168465844922.0,2026-10-06T23:38:49.515303
2022-01-14,168842849128.0,2026-10-06T23:38:49.515303
2022-01-15,169076388683.0,2026-10-06T23:38:49.515303
2022-01-16,169307248399.0,2026-10-06T23:38:49.515303
2022-01-17,169660540721.0,2026-10-06T23:38:49.515303
2022-01-18,169895901761.0,2026-10-06T23:38:49.515303
2022-01-19,169799197216.0,2026-10-06T23:38:49.515303
2022-01-20,170574171166.0,2026-10-06T23:38:49.515303
2022-01-21,171093625928.0,2026-10-06T23:38:49.515303
2022-01-22,170229522234.0,2026-10-06T23:38:49.515303
2022-01-23,171857146410.0,2026-10-06T23:38:49.515303
2022-01-24,171484012969.0,2026-10-06T23:38:49.515303
2022-01-25,172405630028.0,2026-10-06T23:38:49.515303
2022-01-26,172542347215.0,2026-10-06T23:38:49.515303
2022-01-27,173764652658.0,2026-10-06T23:38:49.515303
2022-01-28,173463951968.0,2026-10-06T23:38:49.515303
2022-01-29,172662431921.0,2026-10-06T23:38:49.515303
2022-01-30,173160906993.0,2026-10-06T23:38:49.515303
2022-01-31,173027480319.0,2026-10-06T23:38:49.515303
2022-02-01,173448615490.0,2026-10-06T23:38:49.515303
2022-02-02,174041146035.0,2026-10-06T23:38:49.515303
2022-02-03,174582338171.0,2026-10-06T23:38:49.515303
2022-02-04,175471825786.0,2026-10-06T23:38:49.515303
2022-02-05,176069563604.0,2026-10-06T23:38:49.515303
2022-02-06,176218345846.0,2026-10-06T23:38:49.515303
2022-02-07,176465867639.0,2026-10-06T23:38:49.515303
2022-02-08,176852428745.0,2026-10-06T23:38:49.515303
2022-02-09,177463094477.0,2026-10-06T23:38:49.515303
2022-02-10,178043786808.0,2026-10-06T23:38:49.515303
2022-02-11,178915958722.0,2026-10-06T23:38:49.515303
2022-02-12,179584409670.0,2026-10-06T23:38:49.515303
2022-02-13,179516754267.0,2026-10-06T23:38:49.515303
2022-02-14,179840867283.0,2026-10-06T23:38:49.515303
2022-02-15,179717221918.0,2026-10-06T23:38:49.515303
2022-02-16,180450919542.0,2026-10-06T23:38:49.515303
2022-02-17,180356647956.0,2026-10-06T23:38:49.515303
2022-02-18,180622828383.0,2026-10-06T23:38:49.515303
2022-02-19,180941560579.0,2026-10-06T23:38:49.515303
2022-02-20,181595737249.0,2026-10-06T23:38:49.515303
2022-02-21,181486762447.0,2026-10-06T23:38:49.515303
2022-02-22,181699276634.0,2026-10-06T23:38:49.515303
2022-02-23,182191457368.0,2026-10-06T23:38:49.515303
2022-02-24,182386289373.0,2026-10-06T23:38:49.515303
2022-02-25,182906694291.0,2026-10-06T23:38:49.515303
2022-02-26,182271390633.0,2026-10-06T23:38:49.515303
2022-02-27,182870040081.0,2026-10-06T23:38:49.515303
2022-02-28,183571870429.0,2026-10-06T23:38:49.515303
2022-03-01,183331961230.0,2026-10-06T23:38:49.515303
2022-03-02,183466381130.0,2026-10-06T23:38:49.515303
2022-03-03,183677691592.0,2026-10-06T23:38:49.515303
2022-03-04,183460074467.0,2026-10-06T23:38:49.515303
2022-03-05,183264208668.0,2026-10-06T23:38:49.515303
2022-03-06,183426781575.0,2026-10-06T23:38:49.515303
2022-03-07,183763463699.0,2026-10-06T23:38:49.515303
2022-03-08,183046846884.0,2026-10-06T23:38:49.515303
2022-03-09,183479110229.0,2026-10-06T23:38:49.515303
2022-03-10,183838914909.0,2026-10-06T23:38:49.515303
2022-03-11,184184121528.0,2026-10-06T23:38:49.515303
2022-03-12,184335544151.0,2026-10-06T23:38:49.515303
2022-03-13,184470598169.0,2026-10-06T23:38:49.515303
2022-03-14,184573136596.0,2026-10-06T23:38:49.515303
2022-03-15,184500928325.0,2026-10-06T23:38:49.515303
2022-03-16,184451634513.0,2026-10-06T23:38:49.515303
2022-03-17,184563535069.0,2026-10-06T23:38:49.515303
2022-03-18,185221518328.0,2026-10-06T23:38:49.515303
2022-03-19,185885957766.0,2026-10-06T23:38:49.515303
2022-03-20,186191010979.0,2026-10-06T23:38:49.515303
2022-03-21,186544669673.0,2026-10-06T23:38:49.515303
2022-03-22,186498129997.0,2026-10-06T23:38:49.515303
2022-03-23,186232384963.0,2026-10-06T23:38:49.515303
2022-03-24,185806648514.0,2026-10-06T23:38:49.515303
2022-03-25,185983613187.0,2026-10-06T23:38:49.515303
2022-03-26,185592945390.0,2026-10-06T23:38:49.515303
2022-03-27,185830558391.0,2026-10-06T23:38:49.515303
2022-03-28,185748215962.0,2026-10-06T23:38:49.515303
2022-03-29,185822065894.0,2026-10-06T23:38:49.515303
2022-03-30,186304481318.0,2026-10-06T23:38:49.515303
2022-03-31,186774633600.0,2026-10-06T23:38:49.515303
2022-04-01,186214371665.0,2026-10-06T23:38:49.515303
2022-04-02,187075122751.0,2026-10-06T23:38:49.515303
2022-04-03,187003036992.0,2026-10-06T23:38:49.515303
2022-04-04,186977887583.0,2026-10-06T23:38:49.515303
2022-04-05,186961346908.0,2026-10-06T23:38:49.515303
2022-04-06,187038476903.0,2026-10-06T23:38:49.515303
2022-04-07,186094913628.0,2026-10-06T23:38:49.515303
2022-04-08,186333152400.0,2026-10-06T23:38:49.515303
2022-04-09,186414946864.0,2026-10-06T23:38:49.515303
2022-04-10,186678372412.0,2026-10-06T23:38:49.515303
2022-04-11,186905993146.0,2026-10-06T23:38:49.515303
2022-04-12,186114030506.0,2026-10-06T23:38:49.515303
2022-04-13,186235714684.0,2026-10-06T23:38:49.515303
2022-04-14,185681711883.0,2026-10-06T23:38:49.515303
2022-04-15,185804285810.0,2026-10-06T23:38:49.515303
2022-04-16,185810236565.0,2026-10-06T23:38:49.515303
2022-04-17,185883128634.0,2026-10-06T23:38:49.515303
2022-04-18,185932311368.0,2026-10-06T23:38:49.515303
2022-04-19,185738630892.0,2026-10-06T23:38:49.515303
2022-04-20,186015416873.0,2026-10-06T23:38:49.515303
2022-04-21,186155967703.0,2026-10-06T23:38:49.515303
2022-04-22,186442123174.0,2026-10-06T23:38:49.515303
2022-04-23,186828490084.0,2026-10-06T23:38:49.515303
2022-04-24,186929721150.0,2026-10-06T23:38:49.515303
2022-04-25,187030633152.0,2026-10-06T23:38:49.515303
2022-04-26,187006244964.0,2026-10-06T23:38:49.515303
2022-04-27,186561201210.0,2026-10-06T23:38:49.515303
2022-04-28,186582290554.0,2026-10-06T23:38:49.515303
2022-04-29,186493850331.0,2026-10-06T23:38:49.515303
2022-04-30,186804080008.0,2026-10-06T23:38:49.515303
2022-05-01,186853913910.0,2026-10-06T23:38:49.515303
2022-05-02,186821190132.0,2026-10-06T23:38:49.515303
2022-05-03,186663423495.0,2026-10-06T23:38:49.515303
2022-05-04,186651729849.0,2026-10-06T23:38:49.515303
2022-05-05,186237132000.0,2026-10-06T23:38:49.515303
2022-05-06,186405273166.0,2026-10-06T23:38:49.515303
2022-05-07,185770770892.0,2026-10-06T23:38:49.515303
2022-05-08,185600157738.0,2026-10-06T23:38:49.515303
2022-05-09,184686084627.0,2026-10-06T23:38:49.515303
2022-05-10,180928928347.0,2026-10-06T23:38:49.515303
2022-05-11,177996638034.0,2026-10-06T23:38:49.515303
2022-05-12,160296575463.0,2026-10-06T23:38:49.515303
2022-05-13,159959628610.0,2026-10-06T23:38:49.515303
2022-05-14,158637264747.0,2026-10-06T23:38:49.515303
2022-05-15,158075435222.0,2026-10-06T23:38:49.515303
2022-05-16,158156346023.0,2026-10-06T23:38:49.515303
2022-05-17,159503583072.0,2026-10-06T23:38:49.515303
2022-05-18,158348959981.0,2026-10-06T23:38:49.515303
2022-05-19,158584515463.0,2026-10-06T23:38:49.515303
2022-05-20,159220667989.0,2026-10-06T23:38:49.515303
2022-05-21,158476532891.0,2026-10-06T23:38:49.515303
2022-05-22,158565148241.0,2026-10-06T23:38:49.515303
2022-05-23,158658168849.0,2026-10-06T23:38:49.515303
2022-05-24,158754595635.0,2026-10-06T23:38:49.515303
2022-05-25,158906943961.0,2026-10-06T23:38:49.515303
2022-05-26,159051539693.0,2026-10-06T23:38:49.515303
2022-05-27,158654026952.0,2026-10-06T23:38:49.515303
2022-05-28,158215716904.0,2026-10-06T23:38:49.515303
2022-05-29,158399145001.0,2026-10-06T23:38:49.515303
2022-05-30,158245852231.0,2026-10-06T23:38:49.515303
2022-05-31,158777841830.0,2026-10-06T23:38:49.515303
2022-06-01,159337530102.0,2026-10-06T23:38:49.515303
2022-06-02,160311943896.0,2026-10-06T23:38:49.515303
2022-06-03,159404649436.0,2026-10-06T23:38:49.515303
2022-06-04,159397753954.0,2026-10-06T23:38:49.515303
2022-06-05,159361836492.0,2026-10-06T23:38:49.515303
2022-06-06,159373509801.0,2026-10-06T23:38:49.515303
2022-06-07,159247051470.0,2026-10-06T23:38:49.515303
2022-06-08,159139493405.0,2026-10-06T23:38:49.515303
2022-06-09,159087240209.0,2026-10-06T23:38:49.515303
2022-06-10,159145264950.0,2026-10-06T23:38:49.515303
2022-06-11,158694225282.0,2026-10-06T23:38:49.515303
2022-06-12,158449181216.0,2026-10-06T23:38:49.515303
2022-06-13,158124134351.0,2026-10-06T23:38:49.515303
2022-06-14,157005312288.0,2026-10-06T23:38:49.515303
2022-06-15,156041612482.0,2026-10-06T23:38:49.515303
2022-06-16,155254935205.0,2026-10-06T23:38:49.515303
2022-06-17,154684972733.0,2026-10-06T23:38:49.515303
2022-06-18,154167740764.0,2026-10-06T23:38:49.515303
2022-06-19,154263565291.0,2026-10-06T23:38:49.515303
2022-06-20,154040647187.0,2026-10-06T23:38:49.515303
2022-06-21,153405317921.0,2026-10-06T23:38:49.515303
2022-06-22,153494704289.0,2026-10-06T23:38:49.515303
2022-06-23,153399442705.0,2026-10-06T23:38:49.515303
2022-06-24,153065868648.0,2026-10-06T23:38:49.515303
2022-06-25,153061527039.0,2026-10-06T23:38:49.515303
2022-06-26,153241207679.0,2026-10-06T23:38:49.515303
2022-06-27,153233785752.0,2026-10-06T23:38:49.515303
2022-06-28,153000364020.0,2026-10-06T23:38:49.515303
2022-06-29,152950162915.0,2026-10-06T23:38:49.515303
2022-06-30,152872706597.0,2026-10-06T23:38:49.515303
2022-07-01,152683970491.0,2026-10-06T23:38:49.515303
2022-07-02,153427494002.0,2026-10-06T23:38:49.515303
2022-07-03,153399970006.0,2026-10-06T23:38:49.515303
2022-07-04,153284934758.0,2026-10-06T23:38:49.515303
2022-07-05,153345451530.0,2026-10-06T23:38:49.515303
2022-07-06,153284208936.0,2026-10-06T23:38:49.515303
2022-07-07,153035357270.0,2026-10-06T23:38:49.515303
2022-07-08,152845387915.0,2026-10-06T23:38:49.515303
2022-07-09,152939478220.0,2026-10-06T23:38:49.515303
2022-07-10,153009979061.0,2026-10-06T23:38:49.515303
2022-07-11,152827757067.0,2026-10-06T23:38:49.515303
2022-07-12,152996848627.0,2026-10-06T23:38:49.515303
2022-07-13,152681147378.0,2026-10-06T23:38:49.515303
2022-07-14,152797022506.0,2026-10-06T23:38:49.515303
2022-07-15,152850941721.0,2026-10-06T23:38:49.515303
2022-07-16,152301573405.0,2026-10-06T23:38:49.515303
2022-07-17,152325099486.0,2026-10-06T23:38:49.515303
2022-07-18,152448503779.0,2026-10-06T23:38:49.515303
2022-07-19,152703056681.0,2026-10-06T23:38:49.515303
2022-07-20,152593976598.0,2026-10-06T23:38:49.515303
2022-07-21,152762235278.0,2026-10-06T23:38:49.515303
2022-07-22,152708520511.0,2026-10-06T23:38:49.515303
2022-07-23,152844633711.0,2026-10-06T23:38:49.515303
2022-07-24,152943190834.0,2026-10-06T23:38:49.515303
2022-07-25,152932936546.0,2026-10-06T23:38:49.515303
2022-07-26,152917301228.0,2026-10-06T23:38:49.515303
2022-07-27,152788341683.0,2026-10-06T23:38:49.515303
2022-07-28,152910654423.0,2026-10-06T23:38:49.515303
2022-07-29,152698048419.0,2026-10-06T23:38:49.515303
2022-07-30,152823393095.0,2026-10-06T23:38:49.515303
2022-07-31,152826936117.0,2026-10-06T23:38:49.515303
2022-08-01,152817594905.0,2026-10-06T23:38:49.515303
2022-08-02,153098685333.0,2026-10-06T23:38:49.515303
2022-08-03,153007868290.0,2026-10-06T23:38:49.515303
2022-08-04,152980044860.0,2026-10-06T23:38:49.515303
2022-08-05,152921972037.0,2026-10-06T23:38:49.515303
2022-08-06,153097891779.0,2026-10-06T23:38:49.515303
2022-08-07,153128003451.0,2026-10-06T23:38:49.515303
2022-08-08,153055721048.0,2026-10-06T23:38:49.515303
2022-08-09,152826070303.0,2026-10-06T23:38:49.515303
2022-08-10,152747500072.0,2026-10-06T23:38:49.515303
2022-08-11,153025563656.0,2026-10-06T23:38:49.515303
2022-08-12,152972057827.0,2026-10-06T23:38:49.515303
2022-08-13,152792093401.0,2026-10-06T23:38:49.515303
2022-08-14,153037411751.0,2026-10-06T23:38:49.515303
2022-08-15,152537087385.0,2026-10-06T23:38:49.515303
2022-08-16,152846785640.0,2026-10-06T23:38:49.515303
2022-08-17,152711071996.0,2026-10-06T23:38:49.515303
2022-08-18,152691920803.0,2026-10-06T23:38:49.515303
2022-08-19,152477326032.0,2026-10-06T23:38:49.515303
2022-08-20,152362260185.0,2026-10-06T23:38:49.515303
2022-08-21,152270400829.0,2026-10-06T23:38:49.515303
2022-08-22,152245000573.0,2026-10-06T23:38:49.515303
2022-08-23,152041615388.0,2026-10-06T23:38:49.515303
2022-08-24,152170678613.0,2026-10-06T23:38:49.515303
2022-08-25,152185442292.0,2026-10-06T23:38:49.515303
2022-08-26,152233643028.0,2026-10-06T23:38:49.515303
2022-08-27,152297729898.0,2026-10-06T23:38:49.515303
2022-08-28,152351761974.0,2026-10-06T23:38:49.515303
2022-08-29,152144101946.0,2026-10-06T23:38:49.515303
2022-08-30,152295937618.0,2026-10-06T23:38:49.515303
2022-08-31,152611401534.0,2026-10-06T23:38:49.515303
2022-09-01,152415746960.0,2026-10-06T23:38:49.515303
2022-09-02,152349034405.0,2026-10-06T23:38:49.515303
2022-09-03,152159812145.0,2026-10-06T23:38:49.515303
2022-09-04,152185409511.0,2026-10-06T23:38:49.515303
2022-09-05,152011071613.0,2026-10-06T23:38:49.515303
2022-09-06,151943086950.0,2026-10-06T23:38:49.515303
2022-09-07,151955991728.0,2026-10-06T23:38:49.515303
2022-09-08,152053956252.0,2026-10-06T23:38:49.515303
2022-09-09,152207431395.0,2026-10-06T23:38:49.515303
2022-09-10,152312491811.0,2026-10-06T23:38:49.515303
2022-09-11,152410395445.0,2026-10-06T23:38:49.515303
2022-09-12,152409364573.0,2026-10-06T23:38:49.515303
2022-09-13,152386885613.0,2026-10-06T23:38:49.515303
2022-09-14,152386513488.0,2026-10-06T23:38:49.515303
2022-09-15,152039891435.0,2026-10-06T23:38:49.515303
2022-09-16,151801175715.0,2026-10-06T23:38:49.515303
2022-09-17,151674918156.0,2026-10-06T23:38:49.515303
2022-09-18,151720567144.0,2026-10-06T23:38:49.515303
2022-09-19,151683917082.0,2026-10-06T23:38:49.515303
2022-09-20,151816393277.0,2026-10-06T23:38:49.515303
2022-09-21,152058295641.0,2026-10-06T23:38:49.515303
2022-09-22,151894828584.0,2026-10-06T23:38:49.515303
2022-09-23,151891281872.0,2026-10-06T23:38:49.515303
2022-09-24,151677305146.0,2026-10-06T23:38:49.515303
2022-09-25,151651297440.0,2026-10-06T23:38:49.515303
2022-09-26,151368014958.0,2026-10-06T23:38:49.515303
2022-09-27,150581018708.0,2026-10-06T23:38:49.515303
2022-09-28,150489559988.0,2026-10-06T23:38:49.515303
2022-09-29,149990504524.0,2026-10-06T23:38:49.515303
2022-09-30,149499369943.0,2026-10-06T23:38:49.515303
2022-10-01,148247347138.0,2026-10-06T23:38:49.515303
2022-10-02,148253624203.0,2026-10-06T23:38:49.515303
2022-10-03,148290251208.0,2026-10-06T23:38:49.515303
2022-10-04,148065629143.0,2026-10-06T23:38:49.515303
2022-10-05,148022348683.0,2026-10-06T23:38:49.515303
2022-10-06,148084306312.0,2026-10-06T23:38:49.515303
2022-10-07,148134434222.0,2026-10-06T23:38:49.515303
2022-10-08,148314955929.0,2026-10-06T23:38:49.515303
2022-10-09,148308687915.0,2026-10-06T23:38:49.515303
2022-10-10,148299364750.0,2026-10-06T23:38:49.515303
2022-10-11,148115510403.0,2026-10-06T23:38:49.515303
2022-10-12,148016544693.0,2026-10-06T23:38:49.515303
2022-10-13,147507682090.0,2026-10-06T23:38:49.515303
2022-10-14,147090907234.0,2026-10-06T23:38:49.515303
2022-10-15,146665786788.0,2026-10-06T23:38:49.515303
2022-10-16,146649046663.0,2026-10-06T23:38:49.515303
2022-10-17,146568433259.0,2026-10-06T23:38:49.515303
2022-10-18,146375527995.0,2026-10-06T23:38:49.515303
2022-10-19,146284731120.0,2026-10-06T23:38:49.515303
2022-10-20,146192513290.0,2026-10-06T23:38:49.515303
2022-10-21,145793579384.0,2026-10-06T23:38:49.515303
2022-10-22,145582793789.0,2026-10-06T23:38:49.515303
2022-10-23,145647085357.0,2026-10-06T23:38:49.515303
2022-10-24,145685546357.0,2026-10-06T23:38:49.515303
2022-10-25,145349154018.0,2026-10-06T23:38:49.515303
2022-10-26,145239672119.0,2026-10-06T23:38:49.515303
2022-10-27,145408854503.0,2026-10-06T23:38:49.515303
2022-10-28,145339765736.0,2026-10-06T23:38:49.515303
2022-10-29,145503248971.0,2026-10-06T23:38:49.515303
2022-10-30,145601364670.0,2026-10-06T23:38:49.515303
2022-10-31,145740843672.0,2026-10-06T23:38:49.515303
2022-11-01,145353121753.0,2026-10-06T23:38:49.515303
2022-11-02,145392677978.0,2026-10-06T23:38:49.515303
2022-11-03,145260160757.0,2026-10-06T23:38:49.515303
2022-11-04,145384631560.0,2026-10-06T23:38:49.515303
2022-11-05,145567961467.0,2026-10-06T23:38:49.515303
2022-11-06,145603069949.0,2026-10-06T23:38:49.515303
2022-11-07,146010009605.0,2026-10-06T23:38:49.515303
2022-11-08,146993704011.0,2026-10-06T23:38:49.515303
2022-11-09,147256809778.0,2026-10-06T23:38:49.515303
2022-11-10,145506489356.0,2026-10-06T23:38:49.515303
2022-11-11,145999235593.0,2026-10-06T23:38:49.515303
2022-11-12,145887113216.0,2026-10-06T23:38:49.515303
2022-11-13,145218471298.0,2026-10-06T23:38:49.515303
2022-11-14,145042955456.0,2026-10-06T23:38:49.515303
2022-11-15,144884182956.0,2026-10-06T23:38:49.515303
2022-11-16,144900892337.0,2026-10-06T23:38:49.515303
2022-11-17,144487426641.0,2026-10-06T23:38:49.515303
2022-11-18,144096181023.0,2026-10-06T23:38:49.515303
2022-11-19,144327818220.0,2026-10-06T23:38:49.515303
2022-11-20,144299328169.0,2026-10-06T23:38:49.515303
2022-11-21,144367982011.0,2026-10-06T23:38:49.515303
2022-11-22,143511938135.0,2026-10-06T23:38:49.515303
2022-11-23,143490296292.0,2026-10-06T23:38:49.515303
2022-11-24,142891062478.0,2026-10-06T23:38:49.515303
2022-11-25,143112788176.0,2026-10-06T23:38:49.515303
2022-11-26,142756642497.0,2026-10-06T23:38:49.515303
2022-11-27,142978354993.0,2026-10-06T23:38:49.515303
2022-11-28,142955653873.0,2026-10-06T23:38:49.515303
2022-11-29,141918243373.0,2026-10-06T23:38:49.515303
2022-11-30,141295586476.0,2026-10-06T23:38:49.515303
2022-12-01,141118908989.0,2026-10-06T23:38:49.515303
2022-12-02,140961843705.0,2026-10-06T23:38:49.515303
2022-12-03,141219846971.0,2026-10-06T23:38:49.515303
2022-12-04,141387010836.0,2026-10-06T23:38:49.515303
2022-12-05,141501518333.0,2026-10-06T23:38:49.515303
2022-12-06,141254833285.0,2026-10-06T23:38:49.515303
2022-12-07,141123057709.0,2026-10-06T23:38:49.515303
2022-12-08,140958965177.0,2026-10-06T23:38:49.515303
2022-12-09,140888652313.0,2026-10-06T23:38:49.515303
2022-12-10,140823262370.0,2026-10-06T23:38:49.515303
2022-12-11,140873964494.0,2026-10-06T23:38:49.515303
2022-12-12,140976654324.0,2026-10-06T23:38:49.515303
2022-12-13,140635844225.0,2026-10-06T23:38:49.515303
2022-12-14,140293745314.0,2026-10-06T23:38:49.515303
2022-12-15,140030225524.0,2026-10-06T23:38:49.515303
2022-12-16,140073082624.0,2026-10-06T23:38:49.515303
2022-12-17,139613898546.0,2026-10-06T23:38:49.515303
2022-12-18,139771304270.0,2026-10-06T23:38:49.515303
2022-12-19,139804535074.0,2026-10-06T23:38:49.515303
2022-12-20,139460895092.0,2026-10-06T23:38:49.515303
2022-12-21,139193694867.0,2026-10-06T23:38:49.515303
2022-12-22,138974775015.0,2026-10-06T23:38:49.515303
2022-12-23,138827363174.0,2026-10-06T23:38:49.515303
2022-12-24,138315572588.0,2026-10-06T23:38:49.515303
2022-12-25,138366922989.0,2026-10-06T23:38:49.515303
2022-12-26,138373010658.0,2026-10-06T23:38:49.515303
2022-12-27,138370292377.0,2026-10-06T23:38:49.515303
2022-12-28,137923364074.0,2026-10-06T23:38:49.515303
2022-12-29,137980934806.0,2026-10-06T23:38:49.515303
2022-12-30,137897915812.0,2026-10-06T23:38:49.515303
2022-12-31,137772999332.0,2026-10-06T23:38:49.515303
2023-01-01,137643649043.0,2026-10-06T23:38:49.515303
2023-01-02,137741379488.0,2026-10-06T23:38:49.515303
2023-01-03,137736452932.0,2026-10-06T23:38:49.515303
2023-01-04,137395117407.0,2026-10-06T23:38:49.515303
2023-01-05,137340594438.0,2026-10-06T23:38:49.515303
2023-01-06,137058845427.0,2026-10-06T23:38:49.515303
2023-01-07,136736597753.0,2026-10-06T23:38:49.515303
2023-01-08,136861755421.0,2026-10-06T23:38:49.515303
2023-01-09,136817408496.0,2026-10-06T23:38:49.515303
2023-01-10,136586952694.0,2026-10-06T23:38:49.515303
2023-01-11,136762232215.0,2026-10-06T23:38:49.515303
2023-01-12,136819315523.0,2026-10-06T23:38:49.515303
2023-01-13,136922671961.0,2026-10-06T23:38:49.515303
2023-01-14,136667609070.0,2026-10-06T23:38:49.515303
2023-01-15,136864852683.0,2026-10-06T23:38:49.515303
2023-01-16,137014702528.0,2026-10-06T23:38:49.515303
2023-01-17,136957429023.0,2026-10-06T23:38:49.515303
2023-01-18,136490229769.0,2026-10-06T23:38:49.515303
2023-01-19,136400569064.0,2026-10-06T23:38:49.515303
2023-01-20,136349714232.0,2026-10-06T23:38:49.515303
2023-01-21,136513317637.0,2026-10-06T23:38:49.515303
2023-01-22,136811494039.0,2026-10-06T23:38:49.515303
2023-01-23,136877618980.0,2026-10-06T23:38:49.515303
2023-01-24,136739957133.0,2026-10-06T23:38:49.515303
2023-01-25,136736133474.0,2026-10-06T23:38:49.515303
2023-01-26,137048839889.0,2026-10-06T23:38:49.515303
2023-01-27,137202723373.0,2026-10-06T23:38:49.515303
2023-01-28,137029704146.0,2026-10-06T23:38:49.515303
2023-01-29,137175645380.0,2026-10-06T23:38:49.515303
2023-01-30,137128516206.0,2026-10-06T23:38:49.515303
2023-01-31,136823107512.0,2026-10-06T23:38:49.515303
2023-02-01,136874211246.0,2026-10-06T23:38:49.515303
2023-02-02,136839506640.0,2026-10-06T23:38:49.515303
2023-02-03,137110506552.0,2026-10-06T23:38:49.515303
2023-02-04,136840254598.0,2026-10-06T23:38:49.515303
2023-02-05,136861413080.0,2026-10-06T23:38:49.515303
2023-02-06,136902052790.0,2026-10-06T23:38:49.515303
2023-02-07,136806552876.0,2026-10-06T23:38:49.515303
2023-02-08,136643131937.0,2026-10-06T23:38:49.515303
2023-02-09,136515656094.0,2026-10-06T23:38:49.515303
2023-02-10,136372348048.0,2026-10-06T23:38:49.515303
2023-02-11,136384786839.0,2026-10-06T23:38:49.515303
2023-02-12,136375826781.0,2026-10-06T23:38:49.515303
2023-02-13,136327642209.0,2026-10-06T23:38:49.515303
2023-02-14,136404028569.0,2026-10-06T23:38:49.515303
2023-02-15,136282074227.0,2026-10-06T23:38:49.515303
2023-02-16,135903273153.0,2026-10-06T23:38:49.515303
2023-02-17,136036739173.0,2026-10-06T23:38:49.515303
2023-02-18,135976064404.0,2026-10-06T23:38:49.515303
2023-02-19,135980063528.0,2026-10-06T23:38:49.515303
2023-02-20,136027543649.0,2026-10-06T23:38:49.515303
2023-02-21,135709536916.0,2026-10-06T23:38:49.515303
2023-02-22,135476130605.0,2026-10-06T23:38:49.515303
2023-02-23,135219631900.0,2026-10-06T23:38:49.515303
2023-02-24,135070425471.0,2026-10-06T23:38:49.515303
2023-02-25,135065800097.0,2026-10-06T23:38:49.515303
2023-02-26,135180624013.0,2026-10-06T23:38:49.515303
2023-02-27,135111278723.0,2026-10-06T23:38:49.515303
2023-02-28,134810805569.0,2026-10-06T23:38:49.515303
2023-03-01,134676962219.0,2026-10-06T23:38:49.515303
2023-03-02,134499453644.0,2026-10-06T23:38:49.515303
2023-03-03,134684680045.0,2026-10-06T23:38:49.515303
2023-03-04,134709376994.0,2026-10-06T23:38:49.515303
2023-03-05,134789401049.0,2026-10-06T23:38:49.515303
2023-03-06,134856803048.0,2026-10-06T23:38:49.515303
2023-03-07,134662394848.0,2026-10-06T23:38:49.515303
2023-03-08,134688825666.0,2026-10-06T23:38:49.515303
2023-03-09,134593166773.0,2026-10-06T23:38:49.515303
2023-03-10,134594111301.0,2026-10-06T23:38:49.515303
2023-03-11,134131864926.0,2026-10-06T23:38:49.515303
2023-03-12,133515073829.0,2026-10-06T23:38:49.515303
2023-03-13,134627137510.0,2026-10-06T23:38:49.515303
2023-03-14,133453262058.0,2026-10-06T23:38:49.515303
2023-03-15,132734506933.0,2026-10-06T23:38:49.515303
2023-03-16,132405089810.0,2026-10-06T23:38:49.515303
2023-03-17,132422626087.0,2026-10-06T23:38:49.515303
2023-03-18,132541755521.0,2026-10-06T23:38:49.515303
2023-03-19,132555540284.0,2026-10-06T23:38:49.515303
2023-03-20,132392650839.0,2026-10-06T23:38:49.515303
2023-03-21,132265174077.0,2026-10-06T23:38:49.515303
2023-03-22,132701971824.0,2026-10-06T23:38:49.515303
2023-03-23,132449498311.0,2026-10-06T23:38:49.515303
2023-03-24,132817911353.0,2026-10-06T23:38:49.515303
2023-03-25,132755948270.0,2026-10-06T23:38:49.515303
2023-03-26,132807534197.0,2026-10-06T23:38:49.515303
2023-03-27,132784834260.0,2026-10-06T23:38:49.515303
2023-03-28,132401829848.0,2026-10-06T23:38:49.515303
2023-03-29,132018892332.0,2026-10-06T23:38:49.515303
2023-03-30,132045586766.0,2026-10-06T23:38:49.515303
2023-03-31,131736578627.0,2026-10-06T23:38:49.515303
2023-04-01,131406114074.0,2026-10-06T23:38:49.515303
2023-04-02,131364794878.0,2026-10-06T23:38:49.515303
2023-04-03,131513191844.0,2026-10-06T23:38:49.515303
2023-04-04,132084297693.0,2026-10-06T23:38:49.515303
2023-04-05,131558789758.0,2026-10-06T23:38:49.515303
2023-04-06,131463875314.0,2026-10-06T23:38:49.515303
2023-04-07,131684988210.0,2026-10-06T23:38:49.515303
2023-04-08,131638552451.0,2026-10-06T23:38:49.515303
2023-04-09,131661887967.0,2026-10-06T23:38:49.515303
2023-04-10,131626572425.0,2026-10-06T23:38:49.515303
2023-04-11,131604605355.0,2026-10-06T23:38:49.515303
2023-04-12,131648795800.0,2026-10-06T23:38:49.515303
2023-04-13,131392092230.0,2026-10-06T23:38:49.515303
2023-04-14,131414810987.0,2026-10-06T23:38:49.515303
2023-04-15,131479314717.0,2026-10-06T23:38:49.515303
2023-04-16,131502000020.0,2026-10-06T23:38:49.515303
2023-04-17,131493376559.0,2026-10-06T23:38:49.515303
2023-04-18,131287563256.0,2026-10-06T23:38:49.515303
2023-04-19,131148374016.0,2026-10-06T23:38:49.515303
2023-04-20,131063482312.0,2026-10-06T23:38:49.515303
2023-04-21,130959855862.0,2026-10-06T23:38:49.515303
2023-04-22,129744888109.0,2026-10-06T23:38:49.515303
2023-04-23,130536220263.0,2026-10-06T23:38:49.515303
2023-04-24,130583530155.0,2026-10-06T23:38:49.515303
2023-04-25,130553140013.0,2026-10-06T23:38:49.515303
2023-04-26,130468961847.0,2026-10-06T23:38:49.515303
2023-04-27,130456678131.0,2026-10-06T23:38:49.515303
2023-04-28,130143080779.0,2026-10-06T23:38:49.515303
2023-04-29,130097036379.0,2026-10-06T23:38:49.515303
2023-04-30,130119248045.0,2026-10-06T23:38:49.515303
2023-05-01,130142563143.0,2026-10-06T23:38:49.515303
2023-05-02,130545275124.0,2026-10-06T23:38:49.515303
2023-05-03,130401585639.0,2026-10-06T23:38:49.515303
2023-05-04,130132398218.0,2026-10-06T23:38:49.515303
2023-05-05,130087203100.0,2026-10-06T23:38:49.515303
2023-05-06,130364368615.0,2026-10-06T23:38:49.515303
2023-05-07,130374556779.0,2026-10-06T23:38:49.515303
2023-05-08,130377839257.0,2026-10-06T23:38:49.515303
2023-05-09,130327486700.0,2026-10-06T23:38:49.515303
2023-05-10,130250938922.0,2026-10-06T23:38:49.515303
2023-05-11,130344813779.0,2026-10-06T23:38:49.515303
2023-05-12,130201555838.0,2026-10-06T23:38:49.515303
2023-05-13,130197728106.0,2026-10-06T23:38:49.515303
2023-05-14,130203169321.0,2026-10-06T23:38:49.515303
2023-05-15,130183728500.0,2026-10-06T23:38:49.515303
2023-05-16,130050282819.0,2026-10-06T23:38:49.515303
2023-05-17,129974881451.0,2026-10-06T23:38:49.515303
2023-05-18,129809037802.0,2026-10-06T23:38:49.515303
2023-05-19,129915128039.0,2026-10-06T23:38:49.515303
2023-05-20,129801056238.0,2026-10-06T23:38:49.515303
2023-05-21,129794531283.0,2026-10-06T23:38:49.515303
2023-05-22,129803742968.0,2026-10-06T23:38:49.515303
2023-05-23,129681928715.0,2026-10-06T23:38:49.515303
2023-05-24,129536755428.0,2026-10-06T23:38:49.515303
2023-05-25,129266262871.0,2026-10-06T23:38:49.515303
2023-05-26,129184352798.0,2026-10-06T23:38:49.515303
2023-05-27,129221739785.0,2026-10-06T23:38:49.515303
2023-05-28,129220443875.0,2026-10-06T23:38:49.515303
2023-05-29,129204687314.0,2026-10-06T23:38:49.515303
2023-05-30,129304757656.0,2026-10-06T23:38:49.515303
2023-05-31,129251147138.0,2026-10-06T23:38:49.515303
2023-06-01,129075156549.0,2026-10-06T23:38:49.515303
2023-06-02,129129149802.0,2026-10-06T23:38:49.515303
2023-06-03,129041348065.0,2026-10-06T23:38:49.515303
2023-06-04,129032994542.0,2026-10-06T23:38:49.515303
2023-06-05,129041052816.0,2026-10-06T23:38:49.515303
2023-06-06,128958840851.0,2026-10-06T23:38:49.515303
2023-06-07,128784631881.0,2026-10-06T23:38:49.515303
2023-06-08,128552310038.0,2026-10-06T23:38:49.515303
2023-06-09,128443597702.0,2026-10-06T23:38:49.515303
2023-06-10,128110147287.0,2026-10-06T23:38:49.515303
2023-06-11,128176926797.0,2026-10-06T23:38:49.515303
2023-06-12,128175574826.0,2026-10-06T23:38:49.515303
2023-06-13,128020747381.0,2026-10-06T23:38:49.515303
2023-06-14,127829286849.0,2026-10-06T23:38:49.515303
2023-06-15,127647119449.0,2026-10-06T23:38:49.515303
2023-06-16,128586630164.0,2026-10-06T23:38:49.515303
2023-06-17,128694871275.0,2026-10-06T23:38:49.515303
2023-06-18,128314512862.0,2026-10-06T23:38:49.515303
2023-06-19,128316061835.0,2026-10-06T23:38:49.515303
2023-06-20,128498297901.0,2026-10-06T23:38:49.515303
2023-06-21,128615467174.0,2026-10-06T23:38:49.515303
2023-06-22,128485827340.0,2026-10-06T23:38:49.515303
2023-06-23,128568906751.0,2026-10-06T23:38:49.515303
2023-06-24,128572780222.0,2026-10-06T23:38:49.515303
2023-06-25,128594766280.0,2026-10-06T23:38:49.515303
2023-06-26,128593282484.0,2026-10-06T23:38:49.515303
2023-06-27,128472217164.0,2026-10-06T23:38:49.515303
2023-06-28,128299414796.0,2026-10-06T23:38:49.515303
2023-06-29,128141654975.0,2026-10-06T23:38:49.515303
2023-06-30,128041538251.0,2026-10-06T23:38:49.515303
2023-07-01,127379030740.0,2026-10-06T23:38:49.515303
2023-07-02,127405094376.0,2026-10-06T23:38:49.515303
2023-07-03,127408950815.0,2026-10-06T23:38:49.515303
2023-07-04,127616605933.0,2026-10-06T23:38:49.515303
2023-07-05,127707012512.0,2026-10-06T23:38:49.515303
2023-07-06,127593377386.0,2026-10-06T23:38:49.515303
2023-07-07,127185248739.0,2026-10-06T23:38:49.515303
2023-07-08,127025493183.0,2026-10-06T23:38:49.515303
2023-07-09,127135474084.0,2026-10-06T23:38:49.515303
2023-07-10,127130917830.0,2026-10-06T23:38:49.515303
2023-07-11,126959733628.0,2026-10-06T23:38:49.515303
2023-07-12,126810411471.0,2026-10-06T23:38:49.515303
2023-07-13,126651622688.0,2026-10-06T23:38:49.515303
2023-07-14,126820499880.0,2026-10-06T23:38:49.515303
2023-07-15,126851608695.0,2026-10-06T23:38:49.515303
2023-07-16,126895623601.0,2026-10-06T23:38:49.515303
2023-07-17,126920041133.0,2026-10-06T23:38:49.515303
2023-07-18,126742499096.0,2026-10-06T23:38:49.515303
2023-07-19,126646477114.0,2026-10-06T23:38:49.515303
2023-07-20,126439298586.0,2026-10-06T23:38:49.515303
2023-07-21,126370738969.0,2026-10-06T23:38:49.515303
2023-07-22,126212037308.0,2026-10-06T23:38:49.515303
2023-07-23,126122483663.0,2026-10-06T23:38:49.515303
2023-07-24,126101277126.0,2026-10-06T23:38:49.515303
2023-07-25,125927060774.0,2026-10-06T23:38:49.515303
2023-07-26,125827835369.0,2026-10-06T23:38:49.515303
2023-07-27,125707492035.0,2026-10-06T23:38:49.515303
2023-07-28,125629700443.0,2026-10-06T23:38:49.515303
2023-07-29,125455332863.0,2026-10-06T23:38:49.515303
2023-07-30,125747243604.0,2026-10-06T23:38:49.515303
2023-07-31,125579617586.0,2026-10-06T23:38:49.515303
2023-08-01,125522245037.0,2026-10-06T23:38:49.515303
2023-08-02,125262512151.0,2026-10-06T23:38:49.515303
2023-08-03,125113454699.0,2026-10-06T23:38:49.515303
2023-08-04,124899956687.0,2026-10-06T23:38:49.515303
2023-08-05,124759022998.0,2026-10-06T23:38:49.515303
2023-08-06,124754090879.0,2026-10-06T23:38:49.515303
2023-08-07,124778735334.0,2026-10-06T23:38:49.515303
2023-08-08,124584002138.0,2026-10-06T23:38:49.515303
2023-08-09,124703200164.0,2026-10-06T23:38:49.515303
2023-08-10,124709327525.0,2026-10-06T23:38:49.515303
2023-08-11,124498728366.0,2026-10-06T23:38:49.515303
2023-08-12,124305184503.0,2026-10-06T23:38:49.515303
2023-08-13,124393406705.0,2026-10-06T23:38:49.515303
2023-08-14,124402211673.0,2026-10-06T23:38:49.515303
2023-08-15,124000020508.0,2026-10-06T23:38:49.515303
2023-08-16,123730440046.0,2026-10-06T23:38:49.515303
2023-08-17,123569422125.0,2026-10-06T23:38:49.515303
2023-08-18,123402428414.0,2026-10-06T23:38:49.515303
2023-08-19,123034186712.0,2026-10-06T23:38:49.515303
2023-08-20,123231926277.0,2026-10-06T23:38:49.515303
2023-08-21,123281263687.0,2026-10-06T23:38:49.515303
2023-08-22,124364862734.0,2026-10-06T23:38:49.515303
2023-08-23,124285158457.0,2026-10-06T23:38:49.515303
2023-08-24,124280269379.0,2026-10-06T23:38:49.515303
2023-08-25,124382289181.0,2026-10-06T23:38:49.515303
2023-08-26,124416986262.0,2026-10-06T23:38:49.515303
2023-08-27,124501730536.0,2026-10-06T23:38:49.515303
2023-08-28,124585660089.0,2026-10-06T23:38:49.515303
2023-08-29,124638027348.0,2026-10-06T23:38:49.515303
2023-08-30,125024943970.0,2026-10-06T23:38:49.515303
2023-08-31,125172063399.0,2026-10-06T23:38:49.515303
2023-09-01,125264697210.0,2026-10-06T23:38:49.515303
2023-09-02,125135191982.0,2026-10-06T23:38:49.515303
2023-09-03,125145346955.0,2026-10-06T23:38:49.515303
2023-09-04,125191169108.0,2026-10-06T23:38:49.515303
2023-09-05,124990553187.0,2026-10-06T23:38:49.515303
2023-09-06,124477886473.0,2026-10-06T23:38:49.515303
2023-09-07,124308284466.0,2026-10-06T23:38:49.515303
2023-09-08,124090322660.0,2026-10-06T23:38:49.515303
2023-09-09,124224996895.0,2026-10-06T23:38:49.515303
2023-09-10,124273684979.0,2026-10-06T23:38:49.515303
2023-09-11,124344745184.0,2026-10-06T23:38:49.515303
2023-09-12,124227916486.0,2026-10-06T23:38:49.515303
2023-09-13,124319429008.0,2026-10-06T23:38:49.515303
2023-09-14,124363582095.0,2026-10-06T23:38:49.515303
2023-09-15,124331857236.0,2026-10-06T23:38:49.515303
2023-09-16,124212106149.0,2026-10-06T23:38:49.515303
2023-09-17,124289493772.0,2026-10-06T23:38:49.515303
2023-09-18,124326873952.0,2026-10-06T23:38:49.515303
2023-09-19,124300691591.0,2026-10-06T23:38:49.515303
2023-09-20,124290744343.0,2026-10-06T23:38:49.515303
2023-09-21,124382424058.0,2026-10-06T23:38:49.515303
2023-09-22,124420783081.0,2026-10-06T23:38:49.515303
2023-09-23,124355950135.0,2026-10-06T23:38:49.515303
2023-09-24,124401106348.0,2026-10-06T23:38:49.515303
2023-09-25,124406423473.0,2026-10-06T23:38:49.515303
2023-09-26,124188507873.0,2026-10-06T23:38:49.515303
2023-09-27,124126800086.0,2026-10-06T23:38:49.515303
2023-09-28,123960457153.0,2026-10-06T23:38:49.515303
2023-09-29,124162482311.0,2026-10-06T23:38:49.515303
2023-09-30,123808695709.0,2026-10-06T23:38:49.515303
2023-10-01,123861453617.0,2026-10-06T23:38:49.515303
2023-10-02,123892846055.0,2026-10-06T23:38:49.515303
2023-10-03,124071679617.0,2026-10-06T23:38:49.515303
2023-10-04,123924281699.0,2026-10-06T23:38:49.515303
2023-10-05,123807417722.0,2026-10-06T23:38:49.515303
2023-10-06,123838576750.0,2026-10-06T23:38:49.515303
2023-10-07,124128538690.0,2026-10-06T23:38:49.515303
2023-10-08,124201106034.0,2026-10-06T23:38:49.515303
2023-10-09,124227630606.0,2026-10-06T23:38:49.515303
2023-10-10,124204229543.0,2026-10-06T23:38:49.515303
2023-10-11,124029863588.0,2026-10-06T23:38:49.515303
2023-10-12,123816455969.0,2026-10-06T23:38:49.515303
2023-10-13,123656840284.0,2026-10-06T23:38:49.515303
2023-10-14,123609006485.0,2026-10-06T23:38:49.515303
2023-10-15,123651224803.0,2026-10-06T23:38:49.515303
2023-10-16,123718667093.0,2026-10-06T23:38:49.515303
2023-10-17,123837535727.0,2026-10-06T23:38:49.515303
2023-10-18,123973366146.0,2026-10-06T23:38:49.515303
2023-10-19,124094440981.0,2026-10-06T23:38:49.515303
2023-10-20,124782168138.0,2026-10-06T23:38:49.515303
2023-10-21,124601172440.0,2026-10-06T23:38:49.515303
2023-10-22,124625869023.0,2026-10-06T23:38:49.515303
2023-10-23,124659527657.0,2026-10-06T23:38:49.515303
2023-10-24,124644766001.0,2026-10-06T23:38:49.515303
2023-10-25,124190649533.0,2026-10-06T23:38:49.515303
2023-10-26,124433504464.0,2026-10-06T23:38:49.515303
2023-10-27,124519146285.0,2026-10-06T23:38:49.515303
2023-10-28,124361212765.0,2026-10-06T23:38:49.515303
2023-10-29,124381745121.0,2026-10-06T23:38:49.515303
2023-10-30,124415303458.0,2026-10-06T23:38:49.515303
2023-10-31,124245558265.0,2026-10-06T23:38:49.515303
2023-11-01,124257849817.0,2026-10-06T23:38:49.515303
2023-11-02,124381384930.0,2026-10-06T23:38:49.515303
2023-11-03,124470973398.0,2026-10-06T23:38:49.515303
2023-11-04,124684347588.0,2026-10-06T23:38:49.515303
2023-11-05,124833362937.0,2026-10-06T23:38:49.515303
2023-11-06,124887609154.0,2026-10-06T23:38:49.515303
2023-11-07,125039073188.0,2026-10-06T23:38:49.515303
2023-11-08,125304472638.0,2026-10-06T23:38:49.515303
2023-11-09,125311119984.0,2026-10-06T23:38:49.515303
2023-11-10,125476677257.0,2026-10-06T23:38:49.515303
2023-11-11,125643503655.0,2026-10-06T23:38:49.515303
2023-11-12,125845195137.0,2026-10-06T23:38:49.515303
2023-11-13,125897452878.0,2026-10-06T23:38:49.515303
2023-11-14,125896629673.0,2026-10-06T23:38:49.515303
2023-11-15,125877893436.0,2026-10-06T23:38:49.515303
2023-11-16,126214900879.0,2026-10-06T23:38:49.515303
2023-11-17,126353294806.0,2026-10-06T23:38:49.515303
2023-11-18,126696760745.0,2026-10-06T23:38:49.515303
2023-11-19,126744300575.0,2026-10-06T23:38:49.515303
2023-11-20,126838014737.0,2026-10-06T23:38:49.515303
2023-11-21,127163301738.0,2026-10-06T23:38:49.515303
2023-11-22,127235914029.0,2026-10-06T23:38:49.515303
2023-11-23,127433132020.0,2026-10-06T23:38:49.515303
2023-11-24,127357431552.0,2026-10-06T23:38:49.515303
2023-11-25,127904318808.0,2026-10-06T23:38:49.515303
2023-11-26,127933596241.0,2026-10-06T23:38:49.515303
2023-11-27,127955786785.0,2026-10-06T23:38:49.515303
2023-11-28,127803873855.0,2026-10-06T23:38:49.515303
2023-11-29,128037854866.0,2026-10-06T23:38:49.515303
2023-11-30,128087911128.0,2026-10-06T23:38:49.515303
2023-12-01,128283635048.0,2026-10-06T23:38:49.515303
2023-12-02,128453814749.0,2026-10-06T23:38:49.515303
2023-12-03,128486070532.0,2026-10-06T23:38:49.515303
2023-12-04,128548817290.0,2026-10-06T23:38:49.515303
2023-12-05,128481045615.0,2026-10-06T23:38:49.515303
2023-12-06,128695809556.0,2026-10-06T23:38:49.515303
2023-12-07,128712501958.0,2026-10-06T23:38:49.515303
2023-12-08,128714143702.0,2026-10-06T23:38:49.515303
2023-12-09,128921095461.0,2026-10-06T23:38:49.515303
2023-12-10,129235687758.0,2026-10-06T23:38:49.515303
2023-12-11,129212613614.0,2026-10-06T23:38:49.515303
2023-12-12,128727624365.0,2026-10-06T23:38:49.515303
2023-12-13,128481036731.0,2026-10-06T23:38:49.515303
2023-12-14,128780489276.0,2026-10-06T23:38:49.515303
2023-12-15,128955498297.0,2026-10-06T23:38:49.515303
2023-12-16,129342007382.0,2026-10-06T23:38:49.515303
2023-12-17,129389640513.0,2026-10-06T23:38:49.515303
2023-12-18,129344461946.0,2026-10-06T23:38:49.515303
2023-12-19,129472635280.0,2026-10-06T23:38:49.515303
2023-12-20,129745490362.0,2026-10-06T23:38:49.515303
2023-12-21,129948508437.0,2026-10-06T23:38:49.515303
2023-12-22,129903340234.0,2026-10-06T23:38:49.515303
2023-12-23,130319096971.0,2026-10-06T23:38:49.515303
2023-12-24,130440591873.0,2026-10-06T23:38:49.515303
2023-12-25,130524879555.0,2026-10-06T23:38:49.515303
2023-12-26,130469158924.0,2026-10-06T23:38:49.515303
2023-12-27,130114972281.0,2026-10-06T23:38:49.515303
2023-12-28,130384832666.0,2026-10-06T23:38:49.515303
2023-12-29,130393806375.0,2026-10-06T23:38:49.515303
2023-12-30,130410032374.0,2026-10-06T23:38:49.515303
2023-12-31,130348976321.0,2026-10-06T23:38:49.515303
2024-01-01,130177333538.0,2026-10-06T23:38:49.515303
2024-01-02,130321995477.0,2026-10-06T23:38:49.515303
2024-01-03,130841940706.0,2026-10-06T23:38:49.515303
2024-01-04,131388545566.0,2026-10-06T23:38:49.515303
2024-01-05,131831360996.0,2026-10-06T23:38:49.515303
2024-01-06,132433423148.0,2026-10-06T23:38:49.515303
2024-01-07,132705956712.0,2026-10-06T23:38:49.515303
2024-01-08,132751655735.0,2026-10-06T23:38:49.515303
2024-01-09,133101961047.0,2026-10-06T23:38:49.515303
2024-01-10,133194508663.0,2026-10-06T23:38:49.515303
2024-01-11,133368023121.0,2026-10-06T23:38:49.515303
2024-01-12,133651311583.0,2026-10-06T23:38:49.515303
2024-01-13,133108017535.0,2026-10-06T23:38:49.515303
2024-01-14,133735274400.0,2026-10-06T23:38:49.515303
2024-01-15,133700385687.0,2026-10-06T23:38:49.515303
2024-01-16,133640207083.0,2026-10-06T23:38:49.515303
2024-01-17,133565246656.0,2026-10-06T23:38:49.515303
2024-01-18,134187200672.0,2026-10-06T23:38:49.515303
2024-01-19,133586986128.0,2026-10-06T23:38:49.515303
2024-01-20,133710888300.0,2026-10-06T23:38:49.515303
2024-01-21,133908009821.0,2026-10-06T23:38:49.515303
2024-01-22,133696121789.0,2026-10-06T23:38:49.515303
2024-01-23,133675379455.0,2026-10-06T23:38:49.515303
2024-01-24,134365303870.0,2026-10-06T23:38:49.515303
2024-01-25,134471241663.0,2026-10-06T23:38:49.515303
2024-01-26,134606265507.0,2026-10-06T23:38:49.515303
2024-01-27,134902191670.0,2026-10-06T23:38:49.515303
2024-01-28,134961438742.0,2026-10-06T23:38:49.515303
2024-01-29,134991685738.0,2026-10-06T23:38:49.515303
2024-01-30,135233499368.0,2026-10-06T23:38:49.515303
2024-01-31,135191726488.0,2026-10-06T23:38:49.515303
2024-02-01,135388701297.0,2026-10-06T23:38:49.515303
2024-02-02,135347837228.0,2026-10-06T23:38:49.515303
2024-02-03,135463345364.0,2026-10-06T23:38:49.515303
2024-02-04,135462010082.0,2026-10-06T23:38:49.515303
2024-02-05,135512375891.0,2026-10-06T23:38:49.515303
2024-02-06,135477356853.0,2026-10-06T23:38:49.515303
2024-02-07,135666232689.0,2026-10-06T23:38:49.515303
2024-02-08,135793835835.0,2026-10-06T23:38:49.515303
2024-02-09,136153614796.0,2026-10-06T23:38:49.515303
2024-02-10,136483330962.0,2026-10-06T23:38:49.515303
2024-02-11,136661212829.0,2026-10-06T23:38:49.515303
2024-02-12,136785344236.0,2026-10-06T23:38:49.515303
2024-02-13,136544618753.0,2026-10-06T23:38:49.515303
2024-02-14,136743934839.0,2026-10-06T23:38:49.515303
2024-02-15,137089480578.0,2026-10-06T23:38:49.515303
2024-02-16,137579880128.0,2026-10-06T23:38:49.515303
2024-02-17,137793680244.0,2026-10-06T23:38:49.515303
2024-02-18,137942157168.0,2026-10-06T23:38:49.515303
2024-02-19,137947788858.0,2026-10-06T23:38:49.515303
2024-02-20,138003860370.0,2026-10-06T23:38:49.515303
2024-02-21,138086168363.0,2026-10-06T23:38:49.515303
2024-02-22,138243867069.0,2026-10-06T23:38:49.515303
2024-02-23,138458560434.0,2026-10-06T23:38:49.515303
2024-02-24,138810254041.0,2026-10-06T23:38:49.515303
2024-02-25,138884437211.0,2026-10-06T23:38:49.515303
2024-02-26,138929866915.0,2026-10-06T23:38:49.515303
2024-02-27,139439499967.0,2026-10-06T23:38:49.515303
2024-02-28,139706867137.0,2026-10-06T23:38:49.515303
2024-02-29,140332742730.0,2026-10-06T23:38:49.515303
2024-03-01,140733657019.0,2026-10-06T23:38:49.515303
2024-03-02,141359615988.0,2026-10-06T23:38:49.515303
2024-03-03,141622047114.0,2026-10-06T23:38:49.515303
2024-03-04,141728982225.0,2026-10-06T23:38:49.515303
2024-03-05,142122505929.0,2026-10-06T23:38:49.515303
2024-03-06,142241418011.0,2026-10-06T23:38:49.515303
2024-03-07,142913085125.0,2026-10-06T23:38:49.515303
2024-03-08,142987364698.0,2026-10-06T23:38:49.515303
2024-03-09,144201607546.0,2026-10-06T23:38:49.515303
2024-03-10,144479799128.0,2026-10-06T23:38:49.515303
2024-03-11,144989867021.0,2026-10-06T23:38:49.515303
2024-03-12,145780799038.0,2026-10-06T23:38:49.515303
2024-03-13,145832104355.0,2026-10-06T23:38:49.515303
2024-03-14,146514069924.0,2026-10-06T23:38:49.515303
2024-03-15,146574615843.0,2026-10-06T23:38:49.515303
2024-03-16,146652216885.0,2026-10-06T23:38:49.515303
2024-03-17,146871007878.0,2026-10-06T23:38:49.515303
2024-03-18,146771896995.0,2026-10-06T23:38:49.515303
2024-03-19,147412489243.0,2026-10-06T23:38:49.515303
2024-03-20,147262386297.0,2026-10-06T23:38:49.515303
2024-03-21,147354109288.0,2026-10-06T23:38:49.515303
2024-03-22,147744026126.0,2026-10-06T23:38:49.515303
2024-03-23,147938954410.0,2026-10-06T23:38:49.515303
2024-03-24,148054131551.0,2026-10-06T23:38:49.515303
2024-03-25,148138160712.0,2026-10-06T23:38:49.515303
2024-03-26,149311571969.0,2026-10-06T23:38:49.515303
2024-03-27,149587090706.0,2026-10-06T23:38:49.515303
2024-03-28,149428007558.0,2026-10-06T23:38:49.515303
2024-03-29,149880578889.0,2026-10-06T23:38:49.515303
2024-03-30,150096976729.0,2026-10-06T23:38:49.515303
2024-03-31,150101788544.0,2026-10-06T23:38:49.515303
2024-04-01,150020857583.0,2026-10-06T23:38:49.515303
2024-04-02,150563905638.0,2026-10-06T23:38:49.515303
2024-04-03,151452897250.0,2026-10-06T23:38:49.515303
2024-04-04,152494307793.0,2026-10-06T23:38:49.515303
2024-04-05,153525585238.0,2026-10-06T23:38:49.515303
2024-04-06,154378177891.0,2026-10-06T23:38:49.515303
2024-04-07,154584318020.0,2026-10-06T23:38:49.515303
2024-04-08,154565700036.0,2026-10-06T23:38:49.515303
2024-04-09,154331192095.0,2026-10-06T23:38:49.515303
2024-04-10,154020453153.0,2026-10-06T23:38:49.515303
2024-04-11,154026891120.0,2026-10-06T23:38:49.515303
2024-04-12,154193332031.0,2026-10-06T23:38:49.515303
2024-04-13,154685087901.0,2026-10-06T23:38:49.515303
2024-04-14,155534954587.0,2026-10-06T23:38:49.515303
2024-04-15,155449707398.0,2026-10-06T23:38:49.515303
2024-04-16,155875047142.0,2026-10-06T23:38:49.515303
2024-04-17,156787450343.0,2026-10-06T23:38:49.515303
2024-04-18,154745185183.0,2026-10-06T23:38:49.515303
2024-04-19,157747615881.0,2026-10-06T23:38:49.515303
2024-04-20,156569978362.0,2026-10-06T23:38:49.515303
2024-04-21,156661376241.0,2026-10-06T23:38:49.515303
2024-04-22,158945461345.0,2026-10-06T23:38:49.515303
2024-04-23,159378986877.0,2026-10-06T23:38:49.515303
2024-04-24,159386463929.0,2026-10-06T23:38:49.515303
2024-04-25,159891458143.0,2026-10-06T23:38:49.515303
2024-04-26,159940628646.0,2026-10-06T23:38:49.515303
2024-04-27,159929574538.0,2026-10-06T23:38:49.515303
2024-04-28,160007326640.0,2026-10-06T23:38:49.515303
2024-04-29,159994057180.0,2026-10-06T23:38:49.515303
2024-04-30,159781960419.0,2026-10-06T23:38:49.515303
2024-05-01,159835764164.0,2026-10-06T23:38:49.515303
2024-05-02,159604869500.0,2026-10-06T23:38:49.515303
2024-05-03,159620195520.0,2026-10-06T23:38:49.515303
2024-05-04,160060949745.0,2026-10-06T23:38:49.515303
2024-05-05,160433124312.0,2026-10-06T23:38:49.515303
2024-05-06,160480710063.0,2026-10-06T23:38:49.515303
2024-05-07,160583519613.0,2026-10-06T23:38:49.515303
2024-05-08,160579253236.0,2026-10-06T23:38:49.515303
2024-05-09,160421263101.0,2026-10-06T23:38:49.515303
2024-05-10,160403414608.0,2026-10-06T23:38:49.515303
2024-05-11,160310430541.0,2026-10-06T23:38:49.515303
2024-05-12,160333767366.0,2026-10-06T23:38:49.515303
2024-05-13,160334167878.0,2026-10-06T23:38:49.515303
2024-05-14,160394706456.0,2026-10-06T23:38:49.515303
2024-05-15,160187397077.0,2026-10-06T23:38:49.515303
2024-05-16,160744518358.0,2026-10-06T23:38:49.515303
2024-05-17,160892834119.0,2026-10-06T23:38:49.515303
2024-05-18,161166657426.0,2026-10-06T23:38:49.515303
2024-05-19,161451468617.0,2026-10-06T23:38:49.515303
2024-05-20,161433005939.0,2026-10-06T23:38:49.515303
2024-05-21,161118289023.0,2026-10-06T23:38:49.515303
2024-05-22,161191037684.0,2026-10-06T23:38:49.515303
2024-05-23,161241019008.0,2026-10-06T23:38:49.515303
2024-05-24,161065233408.0,2026-10-06T23:38:49.515303
2024-05-25,161232275877.0,2026-10-06T23:38:49.515303
2024-05-26,161220674237.0,2026-10-06T23:38:49.515303
2024-05-27,161135019263.0,2026-10-06T23:38:49.515303
2024-05-28,161154966037.0,2026-10-06T23:38:49.515303
2024-05-29,160949253614.0,2026-10-06T23:38:49.515303
2024-05-30,160587823400.0,2026-10-06T23:38:49.515303
2024-05-31,160725767777.0,2026-10-06T23:38:49.515303
2024-06-01,160860395391.0,2026-10-06T23:38:49.515303
2024-06-02,160913214370.0,2026-10-06T23:38:49.515303
2024-06-03,160846210702.0,2026-10-06T23:38:49.515303
2024-06-04,161174663407.0,2026-10-06T23:38:49.515303
2024-06-05,161267374781.0,2026-10-06T23:38:49.515303
2024-06-06,161596252546.0,2026-10-06T23:38:49.515303
2024-06-07,161784536783.0,2026-10-06T23:38:49.515303
2024-06-08,161927478991.0,2026-10-06T23:38:49.515303
2024-06-09,161947815024.0,2026-10-06T23:38:49.515303
2024-06-10,162044407198.0,2026-10-06T23:38:49.515303
2024-06-11,161884788681.0,2026-10-06T23:38:49.515303
2024-06-12,161689758237.0,2026-10-06T23:38:49.515303
2024-06-13,162021478074.0,2026-10-06T23:38:49.515303
2024-06-14,162164633903.0,2026-10-06T23:38:49.515303
2024-06-15,162135606946.0,2026-10-06T23:38:49.515303
2024-06-16,161903650363.0,2026-10-06T23:38:49.515303
2024-06-17,161941737602.0,2026-10-06T23:38:49.515303
2024-06-18,161821703122.0,2026-10-06T23:38:49.515303
2024-06-19,162139799222.0,2026-10-06T23:38:49.515303
2024-06-20,162130106478.0,2026-10-06T23:38:49.515303
2024-06-21,162202835507.0,2026-10-06T23:38:49.515303
2024-06-22,162209006131.0,2026-10-06T23:38:49.515303
2024-06-23,162313062694.0,2026-10-06T23:38:49.515303
2024-06-24,162285276858.0,2026-10-06T23:38:49.515303
2024-06-25,162058618306.0,2026-10-06T23:38:49.515303
2024-06-26,162182652854.0,2026-10-06T23:38:49.515303
2024-06-27,162273622489.0,2026-10-06T23:38:49.515303
2024-06-28,162051811626.0,2026-10-06T23:38:49.515303
2024-06-29,161789460208.0,2026-10-06T23:38:49.515303
2024-06-30,161880497828.0,2026-10-06T23:38:49.515303
2024-07-01,161643709656.0,2026-10-06T23:38:49.515303
2024-07-02,161863211276.0,2026-10-06T23:38:49.515303
2024-07-03,161766629433.0,2026-10-06T23:38:49.515303
2024-07-04,161976821594.0,2026-10-06T23:38:49.515303
2024-07-05,161924356930.0,2026-10-06T23:38:49.515303
2024-07-06,162389518281.0,2026-10-06T23:38:49.515303
2024-07-07,162603098095.0,2026-10-06T23:38:49.515303
2024-07-08,162586664616.0,2026-10-06T23:38:49.515303
2024-07-09,162670653456.0,2026-10-06T23:38:49.515303
2024-07-10,162846903403.0,2026-10-06T23:38:49.515303
2024-07-11,163082328745.0,2026-10-06T23:38:49.515303
2024-07-12,163040105265.0,2026-10-06T23:38:49.515303
2024-07-13,162460350629.0,2026-10-06T23:38:49.515303
2024-07-14,163256391691.0,2026-10-06T23:38:49.515303
2024-07-15,163307250847.0,2026-10-06T23:38:49.515303
2024-07-16,163595661002.0,2026-10-06T23:38:49.515303
2024-07-17,164017039459.0,2026-10-06T23:38:49.515303
2024-07-18,164198296278.0,2026-10-06T23:38:49.515303
2024-07-19,164188800473.0,2026-10-06T23:38:49.515303
2024-07-20,164679668658.0,2026-10-06T23:38:49.515303
2024-07-21,165114748767.0,2026-10-06T23:38:49.515303
2024-07-22,164994655288.0,2026-10-06T23:38:49.515303
2024-07-23,165182889994.0,2026-10-06T23:38:49.515303
2024-07-24,165512246967.0,2026-10-06T23:38:49.515303
2024-07-25,165326487917.0,2026-10-06T23:38:49.515303
2024-07-26,164860202139.0,2026-10-06T23:38:49.515303
2024-07-27,165138247140.0,2026-10-06T23:38:49.515303
2024-07-28,165258643639.0,2026-10-06T23:38:49.515303
2024-07-29,165236263764.0,2026-10-06T23:38:49.515303
2024-07-30,164859181627.0,2026-10-06T23:38:49.515303
2024-07-31,164730958728.0,2026-10-06T23:38:49.515303
2024-08-01,164658763265.0,2026-10-06T23:38:49.515303
2024-08-02,164258852457.0,2026-10-06T23:38:49.515303
2024-08-03,164372028378.0,2026-10-06T23:38:49.515303
2024-08-04,164446627459.0,2026-10-06T23:38:49.515303
2024-08-05,164595055769.0,2026-10-06T23:38:49.515303
2024-08-06,164661320069.0,2026-10-06T23:38:49.515303
2024-08-07,165274624943.0,2026-10-06T23:38:49.515303
2024-08-08,165908405168.0,2026-10-06T23:38:49.515303
2024-08-09,166387803516.0,2026-10-06T23:38:49.515303
2024-08-10,166509730957.0,2026-10-06T23:38:49.515303
2024-08-11,166632501741.0,2026-10-06T23:38:49.515303
2024-08-12,166604742870.0,2026-10-06T23:38:49.515303
2024-08-13,166927903361.0,2026-10-06T23:38:49.515303
2024-08-14,167264860525.0,2026-10-06T23:38:49.515303
2024-08-15,167783230286.0,2026-10-06T23:38:49.515303
2024-08-16,168166848423.0,2026-10-06T23:38:49.515303
2024-08-17,168736738573.0,2026-10-06T23:38:49.515303
2024-08-18,168827013940.0,2026-10-06T23:38:49.515303
2024-08-19,168801093535.0,2026-10-06T23:38:49.515303
2024-08-20,169006454079.0,2026-10-06T23:38:49.515303
2024-08-21,169263840630.0,2026-10-06T23:38:49.515303
2024-08-22,169721520699.0,2026-10-06T23:38:49.515303
2024-08-23,169838297864.0,2026-10-06T23:38:49.515303
2024-08-24,170559051202.0,2026-10-06T23:38:49.515303
2024-08-25,170615997285.0,2026-10-06T23:38:49.515303
2024-08-26,170582989782.0,2026-10-06T23:38:49.515303
2024-08-27,170628945042.0,2026-10-06T23:38:49.515303
2024-08-28,170323936934.0,2026-10-06T23:38:49.515303
2024-08-29,170490285689.0,2026-10-06T23:38:49.515303
2024-08-30,170933436771.0,2026-10-06T23:38:49.515303
2024-08-31,170813624891.0,2026-10-06T23:38:49.515303
2024-09-01,170819164306.0,2026-10-06T23:38:49.515303
2024-09-02,170816645358.0,2026-10-06T23:38:49.515303
2024-09-03,170701680475.0,2026-10-06T23:38:49.515303
2024-09-04,170483318156.0,2026-10-06T23:38:49.515303
2024-09-05,170623682814.0,2026-10-06T23:38:49.515303
2024-09-06,170564931885.0,2026-10-06T23:38:49.515303
2024-09-07,170543419934.0,2026-10-06T23:38:49.515303
2024-09-08,170672189724.0,2026-10-06T23:38:49.515303
2024-09-09,170712438732.0,2026-10-06T23:38:49.515303
2024-09-10,171024042450.0,2026-10-06T23:38:49.515303
2024-09-11,171230901561.0,2026-10-06T23:38:49.515303
2024-09-12,171269567292.0,2026-10-06T23:38:49.515303
2024-09-13,171039753986.0,2026-10-06T23:38:49.515303
2024-09-14,171785342040.0,2026-10-06T23:38:49.515303
2024-09-15,172250379648.0,2026-10-06T23:38:49.515303
2024-09-16,171993291886.0,2026-10-06T23:38:49.515303
2024-09-17,171808558795.0,2026-10-06T23:38:49.515303
2024-09-18,172222200030.0,2026-10-06T23:38:49.515303
2024-09-19,172366463834.0,2026-10-06T23:38:49.515303
2024-09-20,172572415685.0,2026-10-06T23:38:49.515303
2024-09-21,172827648189.0,2026-10-06T23:38:49.515303
2024-09-22,172891819660.0,2026-10-06T23:38:49.515303
2024-09-23,172959980490.0,2026-10-06T23:38:49.515303
2024-09-24,173115224123.0,2026-10-06T23:38:49.515303
2024-09-25,173204871049.0,2026-10-06T23:38:49.515303
2024-09-26,173386653909.0,2026-10-06T23:38:49.515303
2024-09-27,173619307979.0,2026-10-06T23:38:49.515303
2024-09-28,173588484767.0,2026-10-06T23:38:49.515303
2024-09-29,173583531858.0,2026-10-06T23:38:49.515303
2024-09-30,173802305007.0,2026-10-06T23:38:49.515303
2024-10-01,173041904806.0,2026-10-06T23:38:49.515303
2024-10-02,173382987492.0,2026-10-06T23:38:49.515303
2024-10-03,173512591415.0,2026-10-06T23:38:49.515303
2024-10-04,173398062563.0,2026-10-06T23:38:49.515303
2024-10-05,173454745918.0,2026-10-06T23:38:49.515303
2024-10-06,173530926213.0,2026-10-06T23:38:49.515303
2024-10-07,173507160696.0,2026-10-06T23:38:49.515303
2024-10-08,173599944107.0,2026-10-06T23:38:49.515303
2024-10-09,173512882645.0,2026-10-06T23:38:49.515303
2024-10-10,173535659222.0,2026-10-06T23:38:49.515303
2024-10-11,173312999469.0,2026-10-06T23:38:49.515303
2024-10-12,173625421544.0,2026-10-06T23:38:49.515303
2024-10-13,173675118464.0,2026-10-06T23:38:49.515303
2024-10-14,173657222488.0,2026-10-06T23:38:49.515303
2024-10-15,173509893709.0,2026-10-06T23:38:49.515303
2024-10-16,173408276704.0,2026-10-06T23:38:49.515303
2024-10-17,173391075151.0,2026-10-06T23:38:49.515303
2024-10-18,173246325433.0,2026-10-06T23:38:49.515303
2024-10-19,173574207043.0,2026-10-06T23:38:49.515303
2024-10-20,173717103567.0,2026-10-06T23:38:49.515303
2024-10-21,173797081469.0,2026-10-06T23:38:49.515303
2024-10-22,173514265170.0,2026-10-06T23:38:49.515303
2024-10-23,173427771997.0,2026-10-06T23:38:49.515303
2024-10-24,173111244655.0,2026-10-06T23:38:49.515303
2024-10-25,173143128428.0,2026-10-06T23:38:49.515303
2024-10-26,173255418601.0,2026-10-06T23:38:49.515303
2024-10-27,173275756443.0,2026-10-06T23:38:49.515303
2024-10-28,173348368052.0,2026-10-06T23:38:49.515303
2024-10-29,173265866352.0,2026-10-06T23:38:49.515303
2024-10-30,173622064112.0,2026-10-06T23:38:49.515303
2024-10-31,173956504969.0,2026-10-06T23:38:49.515303
2024-11-01,173420547789.0,2026-10-06T23:38:49.515303
2024-11-02,173769395272.0,2026-10-06T23:38:49.515303
2024-11-03,174065006696.0,2026-10-06T23:38:49.515303
2024-11-04,174100280495.0,2026-10-06T23:38:49.515303
2024-11-05,175088941976.0,2026-10-06T23:38:49.515303
2024-11-06,175516341037.0,2026-10-06T23:38:49.515303
2024-11-07,177090950767.0,2026-10-06T23:38:49.515303
2024-11-08,177802048379.0,2026-10-06T23:38:49.515303
2024-11-09,179060989437.0,2026-10-06T23:38:49.515303
2024-11-10,179297374018.0,2026-10-06T23:38:49.515303
2024-11-11,179548587947.0,2026-10-06T23:38:49.515303
2024-11-12,181204618500.0,2026-10-06T23:38:49.515303
2024-11-13,181282534063.0,2026-10-06T23:38:49.515303
2024-11-14,182577125085.0,2026-10-06T23:38:49.515303
2024-11-15,184548972709.0,2026-10-06T23:38:49.515303
2024-11-16,184961040198.0,2026-10-06T23:38:49.515303
2024-11-17,185467403414.0,2026-10-06T23:38:49.515303
2024-11-18,185712722431.0,2026-10-06T23:38:49.515303
2024-11-19,185772761188.0,2026-10-06T23:38:49.515303
2024-11-20,186442700040.0,2026-10-06T23:38:49.515303
2024-11-21,188232396192.0,2026-10-06T23:38:49.515303
2024-11-22,188943373663.0,2026-10-06T23:38:49.515303
2024-11-23,190996772493.0,2026-10-06T23:38:49.515303
2024-11-24,192536547772.0,2026-10-06T23:38:49.515303
2024-11-25,192948726885.0,2026-10-06T23:38:49.515303
2024-11-26,192708260381.0,2026-10-06T23:38:49.515303
2024-11-27,192544656007.0,2026-10-06T23:38:49.515303
2024-11-28,194068263935.0,2026-10-06T23:38:49.515303
2024-11-29,194908944517.0,2026-10-06T23:38:49.515303
2024-11-30,195667046940.0,2026-10-06T23:38:49.515303
2024-12-01,193793416643.0,2026-10-06T23:38:49.515303
2024-12-02,194071556625.0,2026-10-06T23:38:49.515303
2024-12-03,194790553891.0,2026-10-06T23:38:49.515303
2024-12-04,195328019728.0,2026-10-06T23:38:49.515303
2024-12-05,196596662274.0,2026-10-06T23:38:49.515303
2024-12-06,197247286255.0,2026-10-06T23:38:49.515303
2024-12-07,198373788518.0,2026-10-06T23:38:49.515303
2024-12-08,198792180531.0,2026-10-06T23:38:49.515303
2024-12-09,199969665487.0,2026-10-06T23:38:49.515303
2024-12-10,199727000787.0,2026-10-06T23:38:49.515303
2024-12-11,200371817113.0,2026-10-06T23:38:49.515303
2024-12-12,202535181834.0,2026-10-06T23:38:49.515303
2024-12-13,203019254624.0,2026-10-06T23:38:49.515303
2024-12-14,203947881621.0,2026-10-06T23:38:49.515303
2024-12-15,204189598879.0,2026-10-06T23:38:49.515303
2024-12-16,204347011533.0,2026-10-06T23:38:49.515303
2024-12-17,204821566293.0,2026-10-06T23:38:49.515303
2024-12-18,205140311646.0,2026-10-06T23:38:49.515303
2024-12-19,205277222823.0,2026-10-06T23:38:49.515303
2024-12-20,205726993121.0,2026-10-06T23:38:49.515303
2024-12-21,205951393244.0,2026-10-06T23:38:49.515303
2024-12-22,205969056840.0,2026-10-06T23:38:49.515303
2024-12-23,206079997260.0,2026-10-06T23:38:49.515303
2024-12-24,206175403484.0,2026-10-06T23:38:49.515303
2024-12-25,206542124619.0,2026-10-06T23:38:49.515303
2024-12-26,206775403287.0,2026-10-06T23:38:49.515303
2024-12-27,207506533586.0,2026-10-06T23:38:49.515303
2024-12-28,207616249893.0,2026-10-06T23:38:49.515303
2024-12-29,207471940630.0,2026-10-06T23:38:49.515303
2024-12-30,207308866455.0,2026-10-06T23:38:49.515303
2024-12-31,206474186332.0,2026-10-06T23:38:49.515303
2025-01-01,205892562066.0,2026-10-06T23:38:49.515303
2025-01-02,205406297026.0,2026-10-06T23:38:49.515303
2025-01-03,206971193340.0,2026-10-06T23:38:49.515303
2025-01-04,208191758121.0,2026-10-06T23:38:49.515303
2025-01-05,208479817392.0,2026-10-06T23:38:49.515303
2025-01-06,208576857308.0,2026-10-06T23:38:49.515303
2025-01-07,209146142430.0,2026-10-06T23:38:49.515303
2025-01-08,208539850503.0,2026-10-06T23:38:49.515303
2025-01-09,208405286824.0,2026-10-06T23:38:49.515303
2025-01-10,208182686301.0,2026-10-06T23:38:49.515303
2025-01-11,208373824264.0,2026-10-06T23:38:49.515303
2025-01-12,208314126806.0,2026-10-06T23:38:49.515303
2025-01-13,208578742564.0,2026-10-06T23:38:49.515303
2025-01-14,208474750722.0,2026-10-06T23:38:49.515303
2025-01-15,208713906224.0,2026-10-06T23:38:49.515303
2025-01-16,209582329731.0,2026-10-06T23:38:49.515303
2025-01-17,209784394163.0,2026-10-06T23:38:49.515303
2025-01-18,211645718766.0,2026-10-06T23:38:49.515303
2025-01-19,211707053935.0,2026-10-06T23:38:49.515303
2025-01-20,212069564678.0,2026-10-06T23:38:49.515303
2025-01-21,211940905219.0,2026-10-06T23:38:49.515303
2025-01-22,214689833640.0,2026-10-06T23:38:49.515303
2025-01-23,215945976622.0,2026-10-06T23:38:49.515303
2025-01-24,216712281196.0,2026-10-06T23:38:49.515303
2025-01-25,217330372815.0,2026-10-06T23:38:49.515303
2025-01-26,217375872163.0,2026-10-06T23:38:49.515303
2025-01-27,217304540462.0,2026-10-06T23:38:49.515303
2025-01-28,217563434383.0,2026-10-06T23:38:49.515303
2025-01-29,217934576861.0,2026-10-06T23:38:49.515303
2025-01-30,218156947524.0,2026-10-06T23:38:49.515303
2025-01-31,218846749347.0,2026-10-06T23:38:49.515303
2025-02-01,219079814320.0,2026-10-06T23:38:49.515303
2025-02-02,219109131061.0,2026-10-06T23:38:49.515303
2025-02-03,219021545528.0,2026-10-06T23:38:49.515303
2025-02-04,219925634438.0,2026-10-06T23:38:49.515303
2025-02-05,222441991920.0,2026-10-06T23:38:49.515303
2025-02-06,223725780902.0,2026-10-06T23:38:49.515303
2025-02-07,224380973634.0,2026-10-06T23:38:49.515303
2025-02-08,225501365336.0,2026-10-06T23:38:49.515303
2025-02-09,225410715210.0,2026-10-06T23:38:49.515303
2025-02-10,225548951010.0,2026-10-06T23:38:49.515303
2025-02-11,225960634413.0,2026-10-06T23:38:49.515303
2025-02-12,225937159912.0,2026-10-06T23:38:49.515303
2025-02-13,226166836150.0,2026-10-06T23:38:49.515303
2025-02-14,226169431843.0,2026-10-06T23:38:49.515303
2025-02-15,226690577802.0,2026-10-06T23:38:49.515303
2025-02-16,226839538545.0,2026-10-06T23:38:49.515303
2025-02-17,226873829494.0,2026-10-06T23:38:49.515303
2025-02-18,226874210327.0,2026-10-06T23:38:49.515303
2025-02-19,226695192586.0,2026-10-06T23:38:49.515303
2025-02-20,227318233627.0,2026-10-06T23:38:49.515303
2025-02-21,227308757402.0,2026-10-06T23:38:49.515303
2025-02-22,227912992128.0,2026-10-06T23:38:49.515303
2025-02-23,227863000967.0,2026-10-06T23:38:49.515303
2025-02-24,228083495587.0,2026-10-06T23:38:49.515303
2025-02-25,227577674256.0,2026-10-06T23:38:49.515303
2025-02-26,226533804395.0,2026-10-06T23:38:49.515303
2025-02-27,225936937038.0,2026-10-06T23:38:49.515303
2025-02-28,225813630948.0,2026-10-06T23:38:49.515303
2025-03-01,226641763834.0,2026-10-06T23:38:49.515303
2025-03-02,225857741119.0,2026-10-06T23:38:49.515303
2025-03-03,225988637687.0,2026-10-06T23:38:49.515303
2025-03-04,225943989386.0,2026-10-06T23:38:49.515303
2025-03-05,226268858311.0,2026-10-06T23:38:49.515303
2025-03-06,227457583735.0,2026-10-06T23:38:49.515303
2025-03-07,227610451185.0,2026-10-06T23:38:49.515303
2025-03-08,228692874352.0,2026-10-06T23:38:49.515303
2025-03-09,228746035832.0,2026-10-06T23:38:49.515303
2025-03-10,228701792130.0,2026-10-06T23:38:49.515303
2025-03-11,228275771405.0,2026-10-06T23:38:49.515303
2025-03-12,228847490160.0,2026-10-06T23:38:49.515303
2025-03-13,229462022406.0,2026-10-06T23:38:49.515303
2025-03-14,229575875979.0,2026-10-06T23:38:49.515303
2025-03-15,230172593884.0,2026-10-06T23:38:49.515303
2025-03-16,230328707946.0,2026-10-06T23:38:49.515303
2025-03-17,230298019666.0,2026-10-06T23:38:49.515303
2025-03-18,230710623363.0,2026-10-06T23:38:49.515303
2025-03-19,230978370981.0,2026-10-06T23:38:49.515303
2025-03-20,231646366220.0,2026-10-06T23:38:49.515303
2025-03-21,231504556375.0,2026-10-06T23:38:49.515303
2025-03-22,232087010708.0,2026-10-06T23:38:49.515303
2025-03-23,233018152519.0,2026-10-06T23:38:49.515303
2025-03-24,233353278700.0,2026-10-06T23:38:49.515303
2025-03-25,234365749652.0,2026-10-06T23:38:49.515303
2025-03-26,235474977058.0,2026-10-06T23:38:49.515303
2025-03-27,235644940719.0,2026-10-06T23:38:49.515303
2025-03-28,235243064192.0,2026-10-06T23:38:49.515303
2025-03-29,234625369585.0,2026-10-06T23:38:49.515303
2025-03-30,234677410525.0,2026-10-06T23:38:49.515303
2025-03-31,234800078551.0,2026-10-06T23:38:49.515303
2025-04-01,234972356896.0,2026-10-06T23:38:49.515303
2025-04-02,235080223453.0,2026-10-06T23:38:49.515303
2025-04-03,235648085863.0,2026-10-06T23:38:49.515303
2025-04-04,235571515334.0,2026-10-06T23:38:49.515303
2025-04-05,235092264471.0,2026-10-06T23:38:49.515303
2025-04-06,235038148907.0,2026-10-06T23:38:49.515303
2025-04-07,234514687096.0,2026-10-06T23:38:49.515303
2025-04-08,234205839729.0,2026-10-06T23:38:49.515303
2025-04-09,233741858776.0,2026-10-06T23:38:49.515303
2025-04-10,233896890986.0,2026-10-06T23:38:49.515303
2025-04-11,233716654680.0,2026-10-06T23:38:49.515303
2025-04-12,233533355756.0,2026-10-06T23:38:49.515303
2025-04-13,233758985323.0,2026-10-06T23:38:49.515303
2025-04-14,233502032402.0,2026-10-06T23:38:49.515303
2025-04-15,233642468598.0,2026-10-06T23:38:49.515303
2025-04-16,234078230171.0,2026-10-06T23:38:49.515303
2025-04-17,234279645634.0,2026-10-06T23:38:49.515303
2025-04-18,234613553242.0,2026-10-06T23:38:49.515303
2025-04-19,234075578098.0,2026-10-06T23:38:49.515303
2025-04-20,234303557429.0,2026-10-06T23:38:49.515303
2025-04-21,234309306541.0,2026-10-06T23:38:49.515303
2025-04-22,234465192816.0,2026-10-06T23:38:49.515303
2025-04-23,235851380270.0,2026-10-06T23:38:49.515303
2025-04-24,236383730767.0,2026-10-06T23:38:49.515303
2025-04-25,237283558362.0,2026-10-06T23:38:49.515303
2025-04-26,237868516022.0,2026-10-06T23:38:49.515303
2025-04-27,238688876686.0,2026-10-06T23:38:49.515303
2025-04-28,239413886354.0,2026-10-06T23:38:49.515303
2025-04-29,239917681291.0,2026-10-06T23:38:49.515303
2025-04-30,241582588443.0,2026-10-06T23:38:49.515303
2025-05-01,241656835950.0,2026-10-06T23:38:49.515303
2025-05-02,241984172127.0,2026-10-06T23:38:49.515303
2025-05-03,242433555752.0,2026-10-06T23:38:49.515303
2025-05-04,242776209959.0,2026-10-06T23:38:49.515303
2025-05-05,242744726074.0,2026-10-06T23:38:49.515303
2025-05-06,242625304020.0,2026-10-06T23:38:49.515303
2025-05-07,241850213469.0,2026-10-06T23:38:49.515303
2025-05-08,241972542931.0,2026-10-06T23:38:49.515303
2025-05-09,242585418305.0,2026-10-06T23:38:49.515303
2025-05-10,242465490180.0,2026-10-06T23:38:49.515303
2025-05-11,242711723929.0,2026-10-06T23:38:49.515303
2025-05-12,242701912393.0,2026-10-06T23:38:49.515303
2025-05-13,242159444645.0,2026-10-06T23:38:49.515303
2025-05-14,242030460395.0,2026-10-06T23:38:49.515303
2025-05-15,242447119940.0,2026-10-06T23:38:49.515303
2025-05-16,243051093597.0,2026-10-06T23:38:49.515303
2025-05-17,243592851236.0,2026-10-06T23:38:49.515303
2025-05-18,243626762311.0,2026-10-06T23:38:49.515303
2025-05-19,243753449714.0,2026-10-06T23:38:49.515303
2025-05-20,243716966006.0,2026-10-06T23:38:49.515303
2025-05-21,244029704804.0,2026-10-06T23:38:49.515303
2025-05-22,245046909927.0,2026-10-06T23:38:49.515303
2025-05-23,245576341860.0,2026-10-06T23:38:49.515303
2025-05-24,245914567206.0,2026-10-06T23:38:49.515303
2025-05-25,246001470290.0,2026-10-06T23:38:49.515303
2025-05-26,246026383559.0,2026-10-06T23:38:49.515303
2025-05-27,246262877853.0,2026-10-06T23:38:49.515303
2025-05-28,246225442709.0,2026-10-06T23:38:49.515303
2025-05-29,246236965175.0,2026-10-06T23:38:49.515303
2025-05-30,246376925996.0,2026-10-06T23:38:49.515303
2025-05-31,246557087088.0,2026-10-06T23:38:49.515303
2025-06-01,246680195226.0,2026-10-06T23:38:49.515303
2025-06-02,246726470770.0,2026-10-06T23:38:49.515303
2025-06-03,247203948287.0,2026-10-06T23:38:49.515303
2025-06-04,248071548164.0,2026-10-06T23:38:49.515303
2025-06-05,248674235855.0,2026-10-06T23:38:49.515303
2025-06-06,248297799937.0,2026-10-06T23:38:49.515303
2025-06-07,248929953633.0,2026-10-06T23:38:49.515303
2025-06-08,249258195886.0,2026-10-06T23:38:49.515303
2025-06-09,249271090309.0,2026-10-06T23:38:49.515303
2025-06-10,249807605805.0,2026-10-06T23:38:49.515303
2025-06-11,249461636134.0,2026-10-06T23:38:49.515303
2025-06-12,250121105907.0,2026-10-06T23:38:49.515303
2025-06-13,249962012172.0,2026-10-06T23:38:49.515303
2025-06-14,250690062408.0,2026-10-06T23:38:49.515303
2025-06-15,250610172574.0,2026-10-06T23:38:49.515303
2025-06-16,250557724923.0,2026-10-06T23:38:49.515303
2025-06-17,250640576130.0,2026-10-06T23:38:49.515303
2025-06-18,250833305214.0,2026-10-06T23:38:49.515303
2025-06-19,250885809854.0,2026-10-06T23:38:49.515303
2025-06-20,250750314875.0,2026-10-06T23:38:49.515303
2025-06-21,250548873841.0,2026-10-06T23:38:49.515303
2025-06-22,250524175097.0,2026-10-06T23:38:49.515303
2025-06-23,250527196615.0,2026-10-06T23:38:49.515303
2025-06-24,250140143733.0,2026-10-06T23:38:49.515303
2025-06-25,251898306860.0,2026-10-06T23:38:49.515303
2025-06-26,251749279332.0,2026-10-06T23:38:49.515303
2025-06-27,251904450211.0,2026-10-06T23:38:49.515303
2025-06-28,252222531130.0,2026-10-06T23:38:49.515303
2025-06-29,252387314663.0,2026-10-06T23:38:49.515303
2025-06-30,252365354153.0,2026-10-06T23:38:49.515303
2025-07-01,252628521594.0,2026-10-06T23:38:49.515303
2025-07-02,252898652591.0,2026-10-06T23:38:49.515303
2025-07-03,253490700696.0,2026-10-06T23:38:49.515303
2025-07-04,253780997362.0,2026-10-06T23:38:49.515303
2025-07-05,253908594923.0,2026-10-06T23:38:49.515303
2025-07-06,253957872619.0,2026-10-06T23:38:49.515303
2025-07-07,254016485494.0,2026-10-06T23:38:49.515303
2025-07-08,254181802884.0,2026-10-06T23:38:49.515303
2025-07-09,254115542555.0,2026-10-06T23:38:49.515303
2025-07-10,254779562384.0,2026-10-06T23:38:49.515303
2025-07-11,255893934293.0,2026-10-06T23:38:49.515303
2025-07-12,256891975097.0,2026-10-06T23:38:49.515303
2025-07-13,257158211694.0,2026-10-06T23:38:49.515303
2025-07-14,257321419935.0,2026-10-06T23:38:49.515303
2025-07-15,256960723772.0,2026-10-06T23:38:49.515303
2025-07-16,255935877231.0,2026-10-06T23:38:49.515303
2025-07-17,258454163856.0,2026-10-06T23:38:49.515303
2025-07-18,259087482488.0,2026-10-06T23:38:49.515303
2025-07-19,259896734756.0,2026-10-06T23:38:49.515303
2025-07-20,260246018644.0,2026-10-06T23:38:49.515303
2025-07-21,260627206530.0,2026-10-06T23:38:49.515303
2025-07-22,261079055674.0,2026-10-06T23:38:49.515303
2025-07-23,261574427659.0,2026-10-06T23:38:49.515303
2025-07-24,262379890451.0,2026-10-06T23:38:49.515303
2025-07-25,263713902456.0,2026-10-06T23:38:49.515303
2025-07-26,263508336474.0,2026-10-06T23:38:49.515303
2025-07-27,264135102209.0,2026-10-06T23:38:49.515303
2025-07-28,264312674107.0,2026-10-06T23:38:49.515303
2025-07-29,264308316506.0,2026-10-06T23:38:49.515303
2025-07-30,264512105829.0,2026-10-06T23:38:49.515303
2025-07-31,265173136875.0,2026-10-06T23:38:49.515303
2025-08-01,265779167054.0,2026-10-06T23:38:49.515303
2025-08-02,266013599424.0,2026-10-06T23:38:49.515303
2025-08-03,265969096030.0,2026-10-06T23:38:49.515303
2025-08-04,266495977248.0,2026-10-06T23:38:49.515303
2025-08-05,266826981259.0,2026-10-06T23:38:49.515303
2025-08-06,266972660443.0,2026-10-06T23:38:49.515303
2025-08-07,267080534084.0,2026-10-06T23:38:49.515303
2025-08-08,268212461016.0,2026-10-06T23:38:49.515303
2025-08-09,268790990514.0,2026-10-06T23:38:49.515303
2025-08-10,269330827874.0,2026-10-06T23:38:49.515303
2025-08-11,268711943238.0,2026-10-06T23:38:49.515303
2025-08-12,269508490186.0,2026-10-06T23:38:49.515303
2025-08-13,270309443188.0,2026-10-06T23:38:49.515303
2025-08-14,271786386942.0,2026-10-06T23:38:49.515303
2025-08-15,273607312306.0,2026-10-06T23:38:49.515303
2025-08-16,274934713261.0,2026-10-06T23:38:49.515303
2025-08-17,274877150425.0,2026-10-06T23:38:49.515303
2025-08-18,276066569322.0,2026-10-06T23:38:49.515303
2025-08-19,276098460907.0,2026-10-06T23:38:49.515303
2025-08-20,276057919677.0,2026-10-06T23:38:49.515303
2025-08-21,276313679640.0,2026-10-06T23:38:49.515303
2025-08-22,275381621886.0,2026-10-06T23:38:49.515303
2025-08-23,275260421601.0,2026-10-06T23:38:49.515303
2025-08-24,276561498544.0,2026-10-06T23:38:49.515303
2025-08-25,276596953373.0,2026-10-06T23:38:49.515303
2025-08-26,278472976824.0,2026-10-06T23:38:49.515303
2025-08-27,278565551252.0,2026-10-06T23:38:49.515303
2025-08-28,279294032479.0,2026-10-06T23:38:49.515303
2025-08-29,281700108151.0,2026-10-06T23:38:49.515303
2025-08-30,281839862230.0,2026-10-06T23:38:49.515303
2025-08-31,282206346978.0,2026-10-06T23:38:49.515303
2025-09-01,282949394712.0,2026-10-06T23:38:49.515303
2025-09-02,282958560750.0,2026-10-06T23:38:49.515303
2025-09-03,282103604368.0,2026-10-06T23:38:49.515303
2025-09-04,283941538975.0,2026-10-06T23:38:49.515303
2025-09-05,286579013012.0,2026-10-06T23:38:49.515303
2025-09-06,285033444540.0,2026-10-06T23:38:49.515303
2025-09-07,285070848764.0,2026-10-06T23:38:49.515303
2025-09-08,284856551543.0,2026-10-06T23:38:49.515303
2025-09-09,285015870134.0,2026-10-06T23:38:49.515303
2025-09-10,285499569255.0,2026-10-06T23:38:49.515303
2025-09-11,285610688733.0,2026-10-06T23:38:49.515303
2025-09-12,286232536162.0,2026-10-06T23:38:49.515303
2025-09-13,287612952844.0,2026-10-06T23:38:49.515303
2025-09-14,288315376960.0,2026-10-06T23:38:49.515303
2025-09-15,288530683497.0,2026-10-06T23:38:49.515303
2025-09-16,288842037023.0,2026-10-06T23:38:49.515303
2025-09-17,289659925769.0,2026-10-06T23:38:49.515303
2025-09-18,289823326202.0,2026-10-06T23:38:49.515303
2025-09-19,290962129487.0,2026-10-06T23:38:49.515303
2025-09-20,291734723247.0,2026-10-06T23:38:49.515303
2025-09-21,291941573554.0,2026-10-06T23:38:49.515303
2025-09-22,291783881758.0,2026-10-06T23:38:49.515303
2025-09-23,292828028313.0,2026-10-06T23:38:49.515303
2025-09-24,293459857382.0,2026-10-06T23:38:49.515303
2025-09-25,294486254092.0,2026-10-06T23:38:49.515303
2025-09-26,294466288752.0,2026-10-06T23:38:49.515303
2025-09-27,295389265528.0,2026-10-06T23:38:49.515303
2025-09-28,295639153681.0,2026-10-06T23:38:49.515303
2025-09-29,295790609399.0,2026-10-06T23:38:49.515303
2025-09-30,296615824501.0,2026-10-06T23:38:49.515303
2025-10-01,298011259271.0,2026-10-06T23:38:49.515303
2025-10-02,298612452672.0,2026-10-06T23:38:49.515303
2025-10-03,299990806934.0,2026-10-06T23:38:49.515303
2025-10-04,301583150632.0,2026-10-06T23:38:49.515303
2025-10-05,301960210341.0,2026-10-06T23:38:49.515303
2025-10-06,301650835529.0,2026-10-06T23:38:49.515303
2025-10-07,302292747686.0,2026-10-06T23:38:49.515303
2025-10-08,302943967971.0,2026-10-06T23:38:49.515303
2025-10-09,303051387454.0,2026-10-06T23:38:49.515303
2025-10-10,302781050400.0,2026-10-06T23:38:49.515303
2025-10-11,303455283242.0,2026-10-06T23:38:49.515303
2025-10-12,303072853221.0,2026-10-06T23:38:49.515303
2025-10-13,303133296812.0,2026-10-06T23:38:49.515303
2025-10-14,304091879071.0,2026-10-06T23:38:49.515303
2025-10-15,305310511092.0,2026-10-06T23:38:49.515303
2025-10-16,306186998606.0,2026-10-06T23:38:49.515303
2025-10-17,306201564310.0,2026-10-06T23:38:49.515303
2025-10-18,306325213894.0,2026-10-06T23:38:49.515303
2025-10-19,306338003399.0,2026-10-06T23:38:49.515303
2025-10-20,306638292969.0,2026-10-06T23:38:49.515303
2025-10-21,306573718664.0,2026-10-06T23:38:49.515303
2025-10-22,307841257511.0,2026-10-06T23:38:49.515303
2025-10-23,307216849289.0,2026-10-06T23:38:49.515303
2025-10-24,307256139705.0,2026-10-06T23:38:49.515303
2025-10-25,307855219565.0,2026-10-06T23:38:49.515303
2025-10-26,307655558568.0,2026-10-06T23:38:49.515303
2025-10-27,307524169456.0,2026-10-06T23:38:49.515303
2025-10-28,307149332738.0,2026-10-06T23:38:49.515303
2025-10-29,307336506975.0,2026-10-06T23:38:49.515303
2025-10-30,306796326888.0,2026-10-06T23:38:49.515303
2025-10-31,306556996141.0,2026-10-06T23:38:49.515303
2025-11-01,306343284421.0,2026-10-06T23:38:49.515303
2025-11-02,306464825529.0,2026-10-06T23:38:49.515303
2025-11-03,306434281378.0,2026-10-06T23:38:49.515303
2025-11-04,306262394207.0,2026-10-06T23:38:49.515303
2025-11-05,305115199483.0,2026-10-06T23:38:49.515303
2025-11-06,305160213397.0,2026-10-06T23:38:49.515303
2025-11-07,305037927391.0,2026-10-06T23:38:49.515303
2025-11-08,305453595712.0,2026-10-06T23:38:49.515303
2025-11-09,304956803748.0,2026-10-06T23:38:49.515303
2025-11-10,304926386323.0,2026-10-06T23:38:49.515303
2025-11-11,305136594763.0,2026-10-06T23:38:49.515303
2025-11-12,305239834047.0,2026-10-06T23:38:49.515303
2025-11-13,305576645595.0,2026-10-06T23:38:49.515303
2025-11-14,304392373113.0,2026-10-06T23:38:49.515303
2025-11-15,303701569810.0,2026-10-06T23:38:49.515303
2025-11-16,303540027888.0,2026-10-06T23:38:49.515303
2025-11-17,303393852447.0,2026-10-06T23:38:49.515303
2025-11-18,302903990171.0,2026-10-06T23:38:49.515303
2025-11-19,302873813281.0,2026-10-06T23:38:49.515303
2025-11-20,302690184408.0,2026-10-06T23:38:49.515303
2025-11-21,302473538852.0,2026-10-06T23:38:49.515303
2025-11-22,302162456144.0,2026-10-06T23:38:49.515303
2025-11-23,302296124854.0,2026-10-06T23:38:49.515303
2025-11-24,302072184100.0,2026-10-06T23:38:49.515303
2025-11-25,303165700191.0,2026-10-06T23:38:49.515303
2025-11-26,303735759898.0,2026-10-06T23:38:49.515303
2025-11-27,304713364365.0,2026-10-06T23:38:49.515303
2025-11-28,305085008944.0,2026-10-06T23:38:49.515303
2025-11-29,305635406513.0,2026-10-06T23:38:49.515303
2025-11-30,305667839561.0,2026-10-06T23:38:49.515303
2025-12-01,305538599781.0,2026-10-06T23:38:49.515303
2025-12-02,306342257693.0,2026-10-06T23:38:49.515303
2025-12-03,306915210051.0,2026-10-06T23:38:49.515303
2025-12-04,307108165961.0,2026-10-06T23:38:49.515303
2025-12-05,307497637346.0,2026-10-06T23:38:49.515303
2025-12-06,307794665580.0,2026-10-06T23:38:49.515303
2025-12-07,307680328787.0,2026-10-06T23:38:49.515303
2025-12-08,307694097683.0,2026-10-06T23:38:49.515303
2025-12-09,308132476892.0,2026-10-06T23:38:49.515303
2025-12-10,308351537674.0,2026-10-06T23:38:49.515303
2025-12-11,308284120602.0,2026-10-06T23:38:49.515303
2025-12-12,309226797449.0,2026-10-06T23:38:49.515303
2025-12-13,309307991635.0,2026-10-06T23:38:49.515303
2025-12-14,309277091776.0,2026-10-06T23:38:49.515303
2025-12-15,309178711865.0,2026-10-06T23:38:49.515303
2025-12-16,309032422819.0,2026-10-06T23:38:49.515303
2025-12-17,308902278724.0,2026-10-06T23:38:49.515303
2025-12-18,308991844408.0,2026-10-06T23:38:49.515303
2025-12-19,308255778208.0,2026-10-06T23:38:49.515303
2025-12-20,308710988800.0,2026-10-06T23:38:49.515303
2025-12-21,309649915664.0,2026-10-06T23:38:49.515303
2025-12-22,308564456330.0,2026-10-06T23:38:49.515303
2025-12-23,308697354379.0,2026-10-06T23:38:49.515303
2025-12-24,308465303351.0,2026-10-06T23:38:49.515303
2025-12-25,307994562278.0,2026-10-06T23:38:49.515303
2025-12-26,308068881046.0,2026-10-06T23:38:49.515303
2025-12-27,307964236412.0,2026-10-06T23:38:49.515303
2025-12-28,307867362048.0,2026-10-06T23:38:49.515303
2025-12-29,307823652396.0,2026-10-06T23:38:49.515303
2025-12-30,307766038565.0,2026-10-06T23:38:49.515303
2025-12-31,307538984417.0,2026-10-06T23:38:49.515303
2026-01-01,306645269455.0,2026-10-06T23:38:49.515303
2026-01-02,306331939875.0,2026-10-06T23:38:49.515303
2026-01-03,307112930294.0,2026-10-06T23:38:49.515303
2026-01-04,307129700527.0,2026-10-06T23:38:49.515303
2026-01-05,307280839259.0,2026-10-06T23:38:49.515303
2026-01-06,307873339965.0,2026-10-06T23:38:49.515303
2026-01-07,307577814725.0,2026-10-06T23:38:49.515303
2026-01-08,307273687847.0,2026-10-06T23:38:49.515303
2026-01-09,307038068245.0,2026-10-06T23:38:49.515303
2026-01-10,307320787237.0,2026-10-06T23:38:49.515303
2026-01-11,307450471233.0,2026-10-06T23:38:49.515303
2026-01-12,307375056009.0,2026-10-06T23:38:49.515303
2026-01-13,306721622692.0,2026-10-06T23:38:49.515303
2026-01-14,307935911971.0,2026-10-06T23:38:49.515303
2026-01-15,308894863452.0,2026-10-06T23:38:49.515303
2026-01-16,309964652366.0,2026-10-06T23:38:49.515303
2026-01-17,310620089703.0,2026-10-06T23:38:49.515303
2026-01-18,310701608500.0,2026-10-06T23:38:49.515303
2026-01-19,310760088587.0,2026-10-06T23:38:49.515303
2026-01-20,310719899675.0,2026-10-06T23:38:49.515303
2026-01-21,308758666450.0,2026-10-06T23:38:49.515303
2026-01-22,308398497275.0,2026-10-06T23:38:49.515303
2026-01-23,307942985846.0,2026-10-06T23:38:49.515303
2026-01-24,308408746065.0,2026-10-06T23:38:49.515303
2026-01-25,308474429708.0,2026-10-06T23:38:49.515303
2026-01-26,308425888281.0,2026-10-06T23:38:49.515303
2026-01-27,307917683836.0,2026-10-06T23:38:49.515303
2026-01-28,307358480342.0,2026-10-06T23:38:49.515303
2026-01-29,307160531762.0,2026-10-06T23:38:49.515303
2026-01-30,305671817827.0,2026-10-06T23:38:49.515303
2026-01-31,304903486158.0,2026-10-06T23:38:49.515303
2026-02-01,304634652119.0,2026-10-06T23:38:49.515303
2026-02-02,304754776922.0,2026-10-06T23:38:49.515303
2026-02-03,304921690112.0,2026-10-06T23:38:49.515303
2026-02-04,305283580412.0,2026-10-06T23:38:49.515303
2026-02-05,305518388265.0,2026-10-06T23:38:49.515303
2026-02-06,304579855229.0,2026-10-06T23:38:49.515303
2026-02-07,304917260356.0,2026-10-06T23:38:49.515303
2026-02-08,305125678712.0,2026-10-06T23:38:49.515303
2026-02-09,306325270506.0,2026-10-06T23:38:49.515303
2026-02-10,306210829187.0,2026-10-06T23:38:49.515303
2026-02-11,305875410863.0,2026-10-06T23:38:49.515303
2026-02-12,305613522836.0,2026-10-06T23:38:49.515303
2026-02-13,305349100752.0,2026-10-06T23:38:49.515303
2026-02-14,306118061092.0,2026-10-06T23:38:49.515303
2026-02-15,306235867873.0,2026-10-06T23:38:49.515303
2026-02-16,306356599621.0,2026-10-06T23:38:49.515303
2026-02-17,306603709212.0,2026-10-06T23:38:49.515303
2026-02-18,306375657945.0,2026-10-06T23:38:49.515303
2026-02-19,306623423279.0,2026-10-06T23:38:49.515303
2026-02-20,306616223418.0,2026-10-06T23:38:49.515303
2026-02-21,306177669489.0,2026-10-06T23:38:49.515303
2026-02-22,306115595393.0,2026-10-06T23:38:49.515303
2026-02-23,307090279339.0,2026-10-06T23:38:49.515303
2026-02-24,306989444419.0,2026-10-06T23:38:49.515303
2026-02-25,307051779434.0,2026-10-06T23:38:49.515303
2026-02-26,307662062191.0,2026-10-06T23:38:49.515303
2026-02-27,307379231202.0,2026-10-06T23:38:49.515303
2026-02-28,307584772170.0,2026-10-06T23:38:49.515303
2026-03-01,307769824042.0,2026-10-06T23:38:49.515303
2026-03-02,307582795187.0,2026-10-06T23:38:49.515303
2026-03-03,308476146705.0,2026-10-06T23:38:49.515303
2026-03-04,308729915192.0,2026-10-06T23:38:49.515303
2026-03-05,309643680320.0,2026-10-06T23:38:49.515303
2026-03-06,310738757245.0,2026-10-06T23:38:49.515303
2026-03-07,310897699223.0,2026-10-06T23:38:49.515303
2026-03-08,310876563144.0,2026-10-06T23:38:49.515303
2026-03-09,311038022911.0,2026-10-06T23:38:49.515303
2026-03-10,312279720430.0,2026-10-06T23:38:49.515303
2026-03-11,312555875743.0,2026-10-06T23:38:49.515303
2026-03-12,312867196156.0,2026-10-06T23:38:49.515303
2026-03-13,313266555112.0,2026-10-06T23:38:49.515303
2026-03-14,313720132453.0,2026-10-06T23:38:49.515303
2026-03-15,313675787309.0,2026-10-06T23:38:49.515303
2026-03-16,313665485207.0,2026-10-06T23:38:49.515303
2026-03-17,313714189516.0,2026-10-06T23:38:49.515303
2026-03-18,314032289493.0,2026-10-06T23:38:49.515303
2026-03-19,313380260013.0,2026-10-06T23:38:49.515303
2026-03-20,313975539166.0,2026-10-06T23:38:49.515303
2026-03-21,313926753335.0,2026-10-06T23:38:49.515303
2026-03-22,314190121523.0,2026-10-06T23:38:49.515303
2026-03-23,314027165743.0,2026-10-06T23:38:49.515303
2026-03-24,313533839786.0,2026-10-06T23:38:49.515303
2026-03-25,313809205621.0,2026-10-06T23:38:49.515303
2026-03-26,313969314723.0,2026-10-06T23:38:49.515303
2026-03-27,313472409274.0,2026-10-06T23:38:49.515303
2026-03-28,313150236404.0,2026-10-06T23:38:49.515303
2026-03-29,313079240784.0,2026-10-06T23:38:49.515303
2026-03-30,313387399256.0,2026-10-06T23:38:49.515303
2026-03-31,313693293441.0,2026-10-06T23:38:49.515303
2026-04-01,314080002949.0,2026-10-06T23:38:49.515303
2026-04-02,314284419880.0,2026-10-06T23:38:49.515303
2026-04-03,314499918594.0,2026-10-06T23:38:49.515303
2026-04-04,314895343253.0,2026-10-06T23:38:49.515303
2026-04-05,314840489859.0,2026-10-06T23:38:49.515303
2026-04-06,314850952161.0,2026-10-06T23:38:49.515303
2026-04-07,314526589897.0,2026-10-06T23:38:49.515303
2026-04-08,315243418394.0,2026-10-06T23:38:49.515303
2026-04-09,315246285018.0,2026-10-06T23:38:49.515303
2026-04-10,315446705969.0,2026-10-06T23:38:49.515303
2026-04-11,316135531417.0,2026-10-06T23:38:49.515303
2026-04-12,316247660076.0,2026-10-06T23:38:49.515303
2026-04-13,316301903571.0,2026-10-06T23:38:49.515303
2026-04-14,316447096498.0,2026-10-06T23:38:49.515303
2026-04-15,317527469810.0,2026-10-06T23:38:49.515303
2026-04-16,317572839141.0,2026-10-06T23:38:49.515303
2026-04-17,318240811820.0,2026-10-06T23:38:49.515303
2026-04-18,319006728115.0,2026-10-06T23:38:49.515303
2026-04-19,318950382765.0,2026-10-06T23:38:49.515303
2026-04-20,318234735496.0,2026-10-06T23:38:49.515303
2026-04-21,318308489597.0,2026-10-06T23:38:49.515303
2026-04-22,318854107958.0,2026-10-06T23:38:49.515303
2026-04-23,318512416476.0,2026-10-06T23:38:49.515303
2026-04-24,318251242004.0,2026-10-06T23:38:49.515303
2026-04-25,318004734325.0,2026-10-06T23:38:49.515303
2026-04-26,318082605797.0,2026-10-06T23:38:49.515303
2026-04-27,318134643934.0,2026-10-06T23:38:49.515303
2026-04-28,317910667919.0,2026-10-06T23:38:49.515303
2026-04-29,318103059202.0,2026-10-06T23:38:49.515303
2026-04-30,317328701368.0,2026-10-06T23:38:49.515303
2026-05-01,317940395810.0,2026-10-06T23:38:49.515303
2026-05-02,318344779627.0,2026-10-06T23:38:49.515303
2026-05-03,318771301411.0,2026-10-06T23:38:49.515303
2026-05-04,318826471275.0,2026-10-06T23:38:49.515303
2026-05-05,319300146890.0,2026-10-06T23:38:49.515303
2026-05-06,319996313074.0,2026-10-06T23:38:49.515303
2026-05-07,320267183823.0,2026-10-06T23:38:49.515303
2026-05-08,320522796213.0,2026-10-06T23:38:49.515303
2026-05-09,319200613725.0,2026-10-06T23:38:49.515303
2026-05-10,319935236335.0,2026-10-06T23:38:49.515303
2026-05-11,320217800875.0,2026-10-06T23:38:49.515303
2026-05-12,320416043515.0,2026-10-06T23:38:49.515303
2026-05-13,320203050326.0,2026-10-06T23:38:49.515303
2026-05-14,319903554695.0,2026-10-06T23:38:49.515303
2026-05-15,320085648534.0,2026-10-06T23:38:49.515303
2026-05-16,320748844867.0,2026-10-06T23:38:49.515303
2026-05-17,320844445921.0,2026-10-06T23:38:49.515303
2026-05-18,320834112902.0,2026-10-06T23:38:49.515303
2026-05-19,320829300058.0,2026-10-06T23:38:49.515303
2026-05-20,321069982852.0,2026-10-06T23:38:49.515303
2026-05-21,319724099743.0,2026-10-06T23:38:49.515303
2026-05-22,320530799984.0,2026-10-06T23:38:49.515303
2026-05-23,320632744722.0,2026-10-06T23:38:49.515303
2026-05-24,320532179093.0,2026-10-06T23:38:49.515303
2026-05-25,320383853632.0,2026-10-06T23:38:49.515303
2026-05-26,320442859374.0,2026-10-06T23:38:49.515303
2026-05-27,320348111827.0,2026-10-06T23:38:49.515303
2026-05-28,319693052377.0,2026-10-06T23:38:49.515303
2026-05-29,318694644609.0,2026-10-06T23:38:49.515303
2026-05-30,318090816957.0,2026-10-06T23:38:49.515303
2026-05-31,317899288711.0,2026-10-06T23:38:49.515303
2026-06-01,317634318724.0,2026-10-06T23:38:49.515303
2026-06-02,317691881002.0,2026-10-06T23:38:49.515303
2026-06-03,317189623153.0,2026-10-06T23:38:49.515303
2026-06-04,316385659949.0,2026-10-06T23:38:49.515303
2026-06-05,314933310361.0,2026-10-06T23:38:49.515303
2026-06-06,314457118898.0,2026-10-06T23:38:49.515303
2026-06-07,313961901273.0,2026-10-06T23:38:49.515303
2026-06-08,313872679689.0,2026-10-06T23:38:49.515303
2026-06-09,314561106590.0,2026-10-06T23:38:49.515303
2026-06-10,313477679081.0,2026-10-06T23:38:49.515303
2026-06-11,313355288219.0,2026-10-06T23:38:49.515303
2026-06-12,313131994212.0,2026-10-06T23:38:49.515303
2026-06-13,312708984974.0,2026-10-06T23:38:49.515303
2026-06-14,312717539133.0,2026-10-06T23:38:49.515303
2026-06-15,312713841730.0,2026-10-06T23:38:49.515303
2026-06-16,313183734547.0,2026-10-06T23:38:49.515303
2026-06-17,313065521857.0,2026-10-06T23:38:49.515303
2026-06-18,312506855809.0,2026-10-06T23:38:49.515303
2026-06-19,312490346789.0,2026-10-06T23:38:49.515303
2026-06-20,312662347412.0,2026-10-06T23:38:49.515303
2026-06-21,312710647803.0,2026-10-06T23:38:49.515303
2026-06-22,312751456794.0,2026-10-06T23:38:49.515303
2026-06-23,312801937499.0,2026-10-06T23:38:49.515303
2026-06-24,312395041059.0,2026-10-06T23:38:49.515303
2026-06-25,312096811179.0,2026-10-06T23:38:49.515303
2026-06-26,311985557875.0,2026-10-06T23:38:49.515303
2026-06-27,310595352795.0,2026-10-06T23:38:49.515303
2026-06-28,310583538655.0,2026-10-06T23:38:49.515303
2026-06-29,310402053835.0,2026-10-06T23:38:49.515303
2026-06-30,309760019953.0,2026-10-06T23:38:49.515303
2026-07-01,308922154110.0,2026-10-06T23:38:49.515303
2026-07-02,309061873984.0,2026-10-06T23:38:49.515303
2026-07-03,308749926967.0,2026-10-06T23:38:49.515303
2026-07-04,308583121226.0,2026-10-06T23:38:49.515303
2026-07-05,308559457807.0,2026-10-06T23:38:49.515303
2026-07-06,309240551828.0,2026-10-06T23:38:49.515303
2026-07-07,308805151499.0,2026-10-06T23:38:49.515303
2026-07-08,306838833161.0,2026-10-06T23:38:49.515303
2026-07-09,306868734590.0,2026-10-06T23:38:49.515303
2026-07-10,307735514886.0,2026-10-06T23:38:49.515303
2026-07-11,307905907030.0,2026-10-06T23:38:49.515303
2026-07-12,307840988693.0,2026-10-06T23:38:49.515303
2026-07-13,307865532296.0,2026-10-06T23:38:49.515303
2026-07-14,306468261569.0,2026-10-06T23:38:49.515303
2026-07-15,306567119337.0,2026-10-06T23:38:49.515303
2026-07-16,305901263791.0,2026-10-06T23:38:49.515303
2026-07-17,306107324469.0,2026-10-06T23:38:49.515303
2026-07-18,306348590477.0,2026-10-06T23:38:49.515303
2026-07-19,306469557044.0,2026-10-06T23:38:49.515303
2026-07-20,306452460673.0,2026-10-06T23:38:49.515303
2026-07-21,306182018618.0,2026-10-06T23:38:49.515303
2026-07-22,306155163296.0,2026-10-06T23:38:49.515303
2026-07-23,305838035508.0,2026-10-06T23:38:49.515303
2026-07-24,306709521067.0,2026-10-06T23:38:49.515303
2026-07-25,306747674476.0,2026-10-06T23:38:49.515303
2026-07-26,306630641558.0,2026-10-06T23:38:49.515303
2026-07-27,306199410156.0,2026-10-06T23:38:49.515303
2026-07-28,305124868136.0,2026-10-06T23:38:49.515303
2026-07-29,304817245003.0,2026-10-06T23:38:49.515303
2026-07-30,304530299435.0,2026-10-06T23:38:49.515303
2026-07-31,303768873798.0,2026-10-06T23:38:49.515303
2026-08-01,303785544573.0,2026-10-06T23:38:49.515303
2026-08-02,303735481953.0,2026-10-06T23:38:49.515303
2026-08-03,303596757072.0,2026-10-06T23:38:49.515303
2026-08-04,303780087474.0,2026-10-06T23:38:49.515303
2026-08-05,304011832519.0,2026-10-06T23:38:49.515303
2026-08-06,304143973120.0,2026-10-06T23:38:49.515303
2026-08-07,304216411960.0,2026-10-06T23:38:49.515303
2026-08-08,304304323702.0,2026-10-06T23:38:49.515303
2026-08-09,304314841756.0,2026-10-06T23:38:49.515303
2026-08-10,304389270612.0,2026-10-06T23:38:49.515303
2026-08-11,303472680733.0,2026-10-06T23:38:49.515303
2026-08-12,304425268138.0,2026-10-06T23:38:49.515303
2026-08-13,304491975306.0,2026-10-06T23:38:49.515303
2026-08-14,304416727224.0,2026-10-06T23:38:49.515303
2026-08-15,304592942008.0,2026-10-06T23:38:49.515303
2026-08-16,304490102617.0,2026-10-06T23:38:49.515303
2026-08-17,304485992423.0,2026-10-06T23:38:49.515303
2026-08-18,304548581108.0,2026-10-06T23:38:49.515303
2026-08-19,304519749182.0,2026-10-06T23:38:49.515303
2026-08-20,305162134294.0,2026-10-06T23:38:49.515303
2026-08-21,306109948347.0,2026-10-06T23:38:49.515303
2026-08-22,306372851852.0,2026-10-06T23:38:49.515303
2026-08-23,306462026622.0,2026-10-06T23:38:49.515303
2026-08-24,306544757670.0,2026-10-06T23:38:49.515303
2026-08-25,306675480134.0,2026-10-06T23:38:49.515303
2026-08-26,306961336206.0,2026-10-06T23:38:49.515303
2026-08-27,307234568417.0,2026-10-06T23:38:49.515303
2026-08-28,307344004921.0,2026-10-06T23:38:49.515303
2026-08-29,306977187345.0,2026-10-06T23:38:49.515303
2026-08-30,306892318919.0,2026-10-06T23:38:49.515303
2026-08-31,307038414415.0,2026-10-06T23:38:49.515303
2026-09-01,307047276293.0,2026-10-06T23:38:49.515303
2026-09-02,307018822108.0,2026-10-06T23:38:49.515303
2026-09-03,307297916973.0,2026-10-06T23:38:49.515303
2026-09-04,308288642550.0,2026-10-06T23:38:49.515303
2026-09-05,308531211661.0,2026-10-06T23:38:49.515303
2026-09-06,308592338369.0,2026-10-06T23:38:49.515303
2026-09-07,308645753955.0,2026-10-06T23:38:49.515303
2026-09-08,308502865229.0,2026-10-06T23:38:49.515303
2026-09-09,308757654437.0,2026-10-06T23:38:49.515303
2026-09-10,308622133208.0,2026-10-06T23:38:49.515303
2026-09-11,308233282292.0,2026-10-06T23:38:49.515303
2026-09-12,308412002347.0,2026-10-06T23:38:49.515303
2026-09-13,308435385719.0,2026-10-06T23:38:49.515303
2026-09-14,308260296110.0,2026-10-06T23:38:49.515303
2026-09-15,308563909987.0,2026-10-06T23:38:49.515303
2026-09-16,307796390869.0,2026-10-06T23:38:49.515303
2026-09-17,307814854861.0,2026-10-06T23:38:49.515303
2026-09-18,307720451010.0,2026-10-06T23:38:49.515303
2026-09-19,308286072577.0,2026-10-06T23:38:49.515303
2026-09-20,308226432402.0,2026-10-06T23:38:49.515303
2026-09-21,308376173594.0,2026-10-06T23:38:49.515303
2026-09-22,310010213356.0,2026-10-06T23:38:49.515303
2026-09-23,307869461339.0,2026-10-06T23:38:49.515303
2026-09-24,307164561953.0,2026-10-06T23:38:49.515303
2026-09-25,308497888903.0,2026-10-06T23:38:49.515303
2026-09-26,307777796103.0,2026-10-06T23:38:49.515303
2026-09-27,309791850834.0,2026-10-06T23:38:49.515303
2026-09-28,311200656890.0,2026-10-06T23:38:49.515303
2026-09-29,311007652972.0,2026-10-06T23:38:49.515303
2026-09-30,310955914423.0,2026-10-06T23:38:49.515303
2026-10-01,310415170415.0,2026-10-06T23:38:49.515303
2026-10-02,311179588451.0,2026-10-06T23:38:49.515303
2026-10-03,311564621603.0,2026-10-06T23:38:49.515303
2026-10-04,311648770103.0,2026-10-06T23:38:49.515303
2026-10-05,311870440066.0,2026-10-06T23:38:49.515303
2026-10-06,312342656510.7,2026-10-06T23:38:49.515303
