datetime,symbol,funding_rate,retrieved_at
2026-09-01 16:00,BTC,5.383077350294241e-05,2026-10-02T15:48:00.826681
2026-09-01 16:00,ETH,4.728866700053388e-05,2026-10-02T15:48:00.826681
2026-09-01 17:00,BTC,3.693340320216377e-05,2026-10-02T16:21:07.103874
2026-09-01 17:00,ETH,6.0419435467647184e-05,2026-10-02T16:21:07.103874
2026-09-01 18:00,BTC,3.619898767323326e-05,2026-10-02T16:21:07.103874
2026-09-01 18:00,ETH,6.200449084969829e-05,2026-10-02T16:21:07.103874
2026-09-01 19:00,BTC,3.2616565423426024e-05,2026-10-02T16:21:07.103874
2026-09-01 19:00,ETH,7.16199930440622e-05,2026-10-02T16:21:07.103874
2026-09-01 20:00,BTC,2.51945047868196e-05,2026-10-02T16:21:07.103874
2026-09-01 20:00,ETH,8.258493835527011e-05,2026-10-02T16:21:07.103874
2026-09-01 21:00,BTC,2.108562093555624e-05,2026-10-02T16:21:07.103874
2026-09-01 21:00,ETH,9.90768969349121e-05,2026-10-02T16:21:07.103874
2026-09-01 22:00,BTC,2.0091744674987044e-05,2026-10-02T16:21:07.103874
2026-09-01 22:00,ETH,0.0001080431242253,2026-10-02T16:21:07.103874
2026-09-01 23:00,BTC,2.2956236108238875e-05,2026-10-02T16:21:07.103874
2026-09-01 23:00,ETH,0.0001098181801821,2026-10-02T16:21:07.103874
2026-09-02 00:00,BTC,3.3767807447184686e-05,2026-10-02T16:21:07.103874
2026-09-02 00:00,ETH,0.0001026949636526,2026-10-02T16:21:07.103874
2026-09-02 01:00,BTC,4.702643277213386e-05,2026-10-02T16:21:07.103874
2026-09-02 01:00,ETH,9.342242150201127e-05,2026-10-02T16:21:07.103874
2026-09-02 02:00,BTC,5.830401044256341e-05,2026-10-02T16:21:07.103874
2026-09-02 02:00,ETH,9.607619673691344e-05,2026-10-02T16:21:07.103874
2026-09-02 03:00,BTC,6.979328278759336e-05,2026-10-02T16:21:07.103874
2026-09-02 03:00,ETH,9.120145887226633e-05,2026-10-02T16:21:07.103874
2026-09-02 04:00,BTC,8.259636784065618e-05,2026-10-02T16:21:07.103874
2026-09-02 04:00,ETH,8.540825484920453e-05,2026-10-02T16:21:07.103874
2026-09-02 05:00,BTC,8.667882008457291e-05,2026-10-02T16:21:07.103874
2026-09-02 05:00,ETH,6.936126942593815e-05,2026-10-02T16:21:07.103874
2026-09-02 06:00,BTC,9.60991579764584e-05,2026-10-02T16:21:07.103874
2026-09-02 06:00,ETH,5.579092061739308e-05,2026-10-02T16:21:07.103874
2026-09-02 07:00,BTC,0.0001094829271253,2026-10-03T06:55:22.506985
2026-09-02 07:00,ETH,4.715297348030179e-05,2026-10-03T06:55:22.506985
2026-09-02 08:00,BTC,0.0001076901052523,2026-10-03T06:55:22.506985
2026-09-02 08:00,ETH,4.007318060118098e-05,2026-10-03T06:55:22.506985
2026-09-02 09:00,BTC,0.0001085864510981,2026-10-03T06:55:22.506985
2026-09-02 09:00,ETH,3.338047954647365e-05,2026-10-03T06:55:22.506985
2026-09-02 10:00,BTC,0.000106770462514,2026-10-03T06:55:22.506985
2026-09-02 10:00,ETH,2.632980741393284e-05,2026-10-03T06:55:22.506985
2026-09-02 11:00,BTC,0.000102277132393,2026-10-03T06:55:22.506985
2026-09-02 11:00,ETH,2.808208111078547e-05,2026-10-03T06:55:22.506985
2026-09-02 12:00,BTC,9.278961232045444e-05,2026-10-03T06:55:22.506985
2026-09-02 12:00,ETH,3.540461457715652e-05,2026-10-03T06:55:22.506985
2026-09-02 13:00,BTC,8.719893203636482e-05,2026-10-03T06:55:22.506985
2026-09-02 13:00,ETH,4.6501989938762326e-05,2026-10-03T06:55:22.506985
2026-09-02 14:00,BTC,7.276330595509304e-05,2026-10-03T06:55:22.506985
2026-09-02 14:00,ETH,5.50408529547397e-05,2026-10-03T06:55:22.506985
2026-09-02 15:00,BTC,5.527058562268571e-05,2026-10-03T06:55:22.506985
2026-09-02 15:00,ETH,5.979721460694944e-05,2026-10-03T06:55:22.506985
2026-09-02 16:00,BTC,4.563685440942534e-05,2026-10-03T15:55:23.847137
2026-09-02 16:00,ETH,6.356726028819444e-05,2026-10-03T15:55:23.847137
2026-09-02 17:00,BTC,3.072222496891163e-05,2026-10-03T15:55:23.847137
2026-09-02 17:00,ETH,6.645581923782363e-05,2026-10-03T15:55:23.847137
2026-09-02 18:00,BTC,2.081378534074573e-05,2026-10-03T15:55:23.847137
2026-09-02 18:00,ETH,6.658549231543272e-05,2026-10-03T15:55:23.847137
2026-09-02 19:00,BTC,1.4101488308322074e-05,2026-10-03T15:55:23.847137
2026-09-02 19:00,ETH,6.356074093632188e-05,2026-10-03T15:55:23.847137
2026-09-02 20:00,BTC,5.193608366809702e-06,2026-10-03T15:55:23.847137
2026-09-02 20:00,ETH,6.348344008920672e-05,2026-10-03T15:55:23.847137
2026-09-02 21:00,BTC,9.417647006661318e-07,2026-10-03T15:55:23.847137
2026-09-02 21:00,ETH,5.798972171456717e-05,2026-10-03T15:55:23.847137
2026-09-02 22:00,BTC,0.0,2026-10-03T15:55:23.847137
2026-09-02 22:00,ETH,5.379958859545501e-05,2026-10-03T15:55:23.847137
2026-09-02 23:00,BTC,0.0,2026-10-03T15:55:23.847137
2026-09-02 23:00,ETH,5.927212864552027e-05,2026-10-03T15:55:23.847137
2026-09-03 00:00,BTC,1.2449314175489903e-09,2026-10-03T15:55:23.847137
2026-09-03 00:00,ETH,6.117030962025035e-05,2026-10-03T15:55:23.847137
2026-09-03 01:00,BTC,1.243084677802087e-09,2026-10-03T15:55:23.847137
2026-09-03 01:00,ETH,5.983994674782453e-05,2026-10-03T15:55:23.847137
2026-09-03 02:00,BTC,1.2464753628818942e-09,2026-10-03T15:55:23.847137
2026-09-03 02:00,ETH,5.654990510490389e-05,2026-10-03T15:55:23.847137
2026-09-03 03:00,BTC,1.2464305641341075e-09,2026-10-03T15:55:23.847137
2026-09-03 03:00,ETH,5.530774526319394e-05,2026-10-03T15:55:23.847137
2026-09-03 04:00,BTC,1.2458407676704371e-09,2026-10-03T15:55:23.847137
2026-09-03 04:00,ETH,4.761897079400236e-05,2026-10-03T15:55:23.847137
2026-09-03 05:00,BTC,1.2469178713762223e-09,2026-10-03T15:55:23.847137
2026-09-03 05:00,ETH,4.3715868335755226e-05,2026-10-03T15:55:23.847137
2026-09-03 06:00,BTC,1.2450331010376726e-09,2026-10-03T15:55:23.847137
2026-09-03 06:00,ETH,4.4006502773953904e-05,2026-10-03T15:55:23.847137
2026-09-03 07:00,BTC,1.2408805149523363e-09,2026-10-04T06:37:57.123135
2026-09-03 07:00,ETH,3.4571279377525486e-05,2026-10-04T06:37:57.123135
2026-09-03 08:00,BTC,1.0557847917913055e-06,2026-10-04T06:37:57.123135
2026-09-03 08:00,ETH,3.2241866253901305e-05,2026-10-04T06:37:57.123135
2026-09-03 09:00,BTC,1.0520154619141232e-06,2026-10-04T08:53:36.631996
2026-09-03 09:00,ETH,3.508441087673836e-05,2026-10-04T08:53:36.631996
2026-09-03 10:00,BTC,1.056015185251552e-06,2026-10-04T08:53:36.631996
2026-09-03 10:00,ETH,4.2971340178269145e-05,2026-10-04T08:53:36.631996
2026-09-03 11:00,BTC,1.0695432240057376e-06,2026-10-04T08:53:36.631996
2026-09-03 11:00,ETH,5.867656455494372e-05,2026-10-04T08:53:36.631996
2026-09-03 12:00,BTC,1.5245791218174784e-06,2026-10-04T08:53:36.631996
2026-09-03 12:00,ETH,6.427946930590754e-05,2026-10-04T08:53:36.631996
2026-09-03 13:00,BTC,3.392636137753952e-06,2026-10-04T08:53:36.631996
2026-09-03 13:00,ETH,6.37472757819458e-05,2026-10-04T08:53:36.631996
2026-09-03 14:00,BTC,5.114802377753832e-06,2026-10-04T08:53:36.631996
2026-09-03 14:00,ETH,5.904064851702607e-05,2026-10-04T08:53:36.631996
2026-09-03 15:00,BTC,8.466269976809204e-06,2026-10-04T08:53:36.631996
2026-09-03 15:00,ETH,5.7106743683602186e-05,2026-10-04T08:53:36.631996
2026-09-03 16:00,BTC,3.890705789259423e-05,2026-10-04T08:53:36.631996
2026-09-03 16:00,ETH,5.4243634565276365e-05,2026-10-04T08:53:36.631996
2026-09-03 17:00,BTC,6.484985209622376e-05,2026-10-04T08:53:36.631996
2026-09-03 17:00,ETH,4.958461319718402e-05,2026-10-04T08:53:36.631996
2026-09-03 18:00,BTC,8.986127793270913e-05,2026-10-04T08:53:36.631996
2026-09-03 18:00,ETH,4.067082845750755e-05,2026-10-04T08:53:36.631996
2026-09-03 19:00,BTC,0.0001095253911641,2026-10-04T08:53:36.631996
2026-09-03 19:00,ETH,2.079923955424074e-05,2026-10-04T08:53:36.631996
2026-09-03 20:00,BTC,0.0001290150083,2026-10-04T08:53:36.631996
2026-09-03 20:00,ETH,1.3682833219546326e-05,2026-10-04T08:53:36.631996
2026-09-03 21:00,BTC,0.0001379226572858,2026-10-04T08:53:36.631996
2026-09-03 21:00,ETH,1.1707510732393734e-05,2026-10-04T08:53:36.631996
2026-09-03 22:00,BTC,0.0001483222110279,2026-10-04T08:53:36.631996
2026-09-03 22:00,ETH,1.7770267213947595e-05,2026-10-04T08:53:36.631996
2026-09-03 23:00,BTC,0.0001480978208772,2026-10-04T08:53:36.631996
2026-09-03 23:00,ETH,1.9840815160717803e-05,2026-10-04T08:53:36.631996
2026-09-04 00:00,BTC,0.0001166068985164,2026-10-04T08:53:36.631996
2026-09-04 00:00,ETH,2.027512608032914e-05,2026-10-04T08:53:36.631996
2026-09-04 01:00,BTC,9.099385961660708e-05,2026-10-04T08:53:36.631996
2026-09-04 01:00,ETH,2.116245099234264e-05,2026-10-04T08:53:36.631996
2026-09-04 02:00,BTC,6.490019479116648e-05,2026-10-04T08:53:36.631996
2026-09-04 02:00,ETH,2.4209805448253912e-05,2026-10-04T08:53:36.631996
2026-09-04 03:00,BTC,4.224973282540993e-05,2026-10-04T08:53:36.631996
2026-09-04 03:00,ETH,2.501122953148761e-05,2026-10-04T08:53:36.631996
2026-09-04 04:00,BTC,2.185770068373795e-05,2026-10-04T08:53:36.631996
2026-09-04 04:00,ETH,2.198810049967968e-05,2026-10-04T08:53:36.631996
2026-09-04 05:00,BTC,1.181119976253779e-05,2026-10-04T08:53:36.631996
2026-09-04 05:00,ETH,2.15660038172522e-05,2026-10-04T08:53:36.631996
2026-09-04 06:00,BTC,-3.703844583290627e-07,2026-10-04T08:53:36.631996
2026-09-04 06:00,ETH,1.257077931315036e-05,2026-10-04T08:53:36.631996
2026-09-04 07:00,BTC,-3.757109383788773e-07,2026-10-05T06:34:31.095066
2026-09-04 07:00,ETH,1.1378624512762085e-05,2026-10-05T06:34:31.095066
2026-09-04 08:00,BTC,-1.2613030370863338e-06,2026-10-05T06:34:31.095066
2026-09-04 08:00,ETH,1.0788903521836529e-05,2026-10-05T06:34:31.095066
2026-09-04 09:00,BTC,-3.1464104275080227e-06,2026-10-05T06:34:31.095066
2026-09-04 09:00,ETH,1.727392651283987e-05,2026-10-05T06:34:31.095066
2026-09-04 10:00,BTC,-3.2956707632280903e-06,2026-10-05T06:34:31.095066
2026-09-04 10:00,ETH,2.577700230612961e-05,2026-10-05T06:34:31.095066
2026-09-04 11:00,BTC,-8.91005815902447e-07,2026-10-05T06:34:31.095066
2026-09-04 11:00,ETH,3.3688146044577534e-05,2026-10-05T06:34:31.095066
2026-09-04 12:00,BTC,-8.88672201287423e-07,2026-10-05T06:34:31.095066
2026-09-04 12:00,ETH,3.903409450238277e-05,2026-10-05T06:34:31.095066
2026-09-04 13:00,BTC,-1.6454587711704258e-06,2026-10-05T06:34:31.095066
2026-09-04 13:00,ETH,4.566236855387993e-05,2026-10-05T06:34:31.095066
2026-09-04 14:00,BTC,-1.6430040202914716e-06,2026-10-05T13:45:22.510338
2026-09-04 14:00,ETH,4.866990355065309e-05,2026-10-05T13:45:22.510338
2026-09-04 15:00,BTC,-1.3861702701480638e-06,2026-10-05T13:45:22.510338
2026-09-04 15:00,ETH,4.956146220988032e-05,2026-10-05T13:45:22.510338
2026-09-04 16:00,BTC,5.279026316261801e-06,2026-10-05T15:23:40.738156
2026-09-04 16:00,ETH,4.986931978009962e-05,2026-10-05T15:23:40.738156
2026-09-04 17:00,BTC,5.348763678423609e-06,2026-10-05T15:23:40.738156
2026-09-04 17:00,ETH,4.124273920298516e-05,2026-10-05T15:23:40.738156
2026-09-04 18:00,BTC,4.755302032334868e-06,2026-10-05T15:23:40.738156
2026-09-04 18:00,ETH,2.736787278847918e-05,2026-10-05T15:23:40.738156
2026-09-04 19:00,BTC,2.238963978481121e-06,2026-10-05T15:23:40.738156
2026-09-04 19:00,ETH,1.871515134593968e-05,2026-10-05T15:23:40.738156
2026-09-04 20:00,BTC,1.5475864884353844e-06,2026-10-05T15:23:40.738156
2026-09-04 20:00,ETH,1.2849563971805688e-05,2026-10-05T15:23:40.738156
2026-09-04 21:00,BTC,-1.7635351547525174e-06,2026-10-05T15:23:40.738156
2026-09-04 21:00,ETH,5.6074147915911975e-06,2026-10-05T15:23:40.738156
2026-09-04 22:00,BTC,-7.833149680569972e-06,2026-10-05T15:23:40.738156
2026-09-04 22:00,ETH,3.6058116193951474e-06,2026-10-05T15:23:40.738156
2026-09-04 23:00,BTC,-1.693270484444355e-05,2026-10-05T15:23:40.738156
2026-09-04 23:00,ETH,2.186732845795287e-06,2026-10-05T15:23:40.738156
2026-09-05 00:00,BTC,-3.093092816232489e-05,2026-10-05T15:23:40.738156
2026-09-05 00:00,ETH,1.2932302665798631e-06,2026-10-05T15:23:40.738156
2026-09-05 01:00,BTC,-3.678912003952945e-05,2026-10-05T15:23:40.738156
2026-09-05 01:00,ETH,1.3011739380163808e-06,2026-10-05T15:23:40.738156
2026-09-05 02:00,BTC,-3.747636884071312e-05,2026-10-06T01:10:52.858903
2026-09-05 02:00,ETH,1.2768180831407166e-06,2026-10-06T01:10:52.858903
2026-09-05 03:00,BTC,-3.603907602136372e-05,2026-10-06T01:10:52.858903
2026-09-05 03:00,ETH,3.3879269882770584e-06,2026-10-06T01:10:52.858903
2026-09-05 04:00,BTC,-3.703487498180071e-05,2026-10-06T01:10:52.858903
2026-09-05 04:00,ETH,7.231732956373428e-06,2026-10-06T01:10:52.858903
2026-09-05 05:00,BTC,-3.315350694884243e-05,2026-10-06T01:10:52.858903
2026-09-05 05:00,ETH,1.3605749160179704e-05,2026-10-06T01:10:52.858903
2026-09-05 06:00,BTC,-2.7169225311746057e-05,2026-10-06T01:10:52.858903
2026-09-05 06:00,ETH,2.21387844826748e-05,2026-10-06T01:10:52.858903
2026-09-05 07:00,BTC,-1.8736978758958163e-05,2026-10-06T01:10:52.858903
2026-09-05 07:00,ETH,2.602846272320137e-05,2026-10-06T01:10:52.858903
2026-09-05 08:00,BTC,-1.997123480281917e-05,2026-10-06T01:10:52.858903
2026-09-05 08:00,ETH,2.6845168521720407e-05,2026-10-06T01:10:52.858903
2026-09-05 09:00,BTC,-2.7052894746303223e-05,2026-10-06T01:10:52.858903
2026-09-05 09:00,ETH,2.6797647298271835e-05,2026-10-06T01:10:52.858903
2026-09-05 10:00,BTC,-2.881896979457328e-05,2026-10-06T01:10:52.858903
2026-09-05 10:00,ETH,2.676866759059628e-05,2026-10-06T01:10:52.858903
2026-09-05 11:00,BTC,-3.458603493383909e-05,2026-10-06T01:10:52.858903
2026-09-05 11:00,ETH,2.4662090516081777e-05,2026-10-06T01:10:52.858903
2026-09-05 12:00,BTC,-4.215342694359416e-05,2026-10-06T01:10:52.858903
2026-09-05 12:00,ETH,2.082716209905175e-05,2026-10-06T01:10:52.858903
2026-09-05 13:00,BTC,-4.414232548453575e-05,2026-10-06T01:10:52.858903
2026-09-05 13:00,ETH,1.431314843553107e-05,2026-10-06T01:10:52.858903
2026-09-05 14:00,BTC,-4.456948962569182e-05,2026-10-06T01:10:52.858903
2026-09-05 14:00,ETH,4.659523280440403e-06,2026-10-06T01:10:52.858903
2026-09-05 15:00,BTC,-4.511696432987352e-05,2026-10-06T01:10:52.858903
2026-09-05 15:00,ETH,7.639716732987733e-07,2026-10-06T01:10:52.858903
2026-09-05 16:00,BTC,-3.573775408488988e-05,2026-10-06T01:10:52.858903
2026-09-05 16:00,ETH,0.0,2026-10-06T01:10:52.858903
2026-09-05 17:00,BTC,-2.2895735167411787e-05,2026-10-06T01:10:52.858903
2026-09-05 17:00,ETH,0.0,2026-10-06T01:10:52.858903
2026-09-05 18:00,BTC,-1.970377928000268e-05,2026-10-06T01:10:52.858903
2026-09-05 18:00,ETH,0.0,2026-10-06T01:10:52.858903
2026-09-05 19:00,BTC,-1.2985513443592484e-05,2026-10-06T01:10:52.858903
2026-09-05 19:00,ETH,0.0,2026-10-06T01:10:52.858903
2026-09-05 20:00,BTC,-3.686950289677672e-06,2026-10-06T01:10:52.858903
2026-09-05 20:00,ETH,0.0,2026-10-06T01:10:52.858903
2026-09-05 21:00,BTC,-1.6148149688321784e-06,2026-10-06T01:10:52.858903
2026-09-05 21:00,ETH,0.0,2026-10-06T01:10:52.858903
2026-09-05 22:00,BTC,-1.075465542596679e-06,2026-10-06T01:10:52.858903
2026-09-05 22:00,ETH,-4.730368206545683e-07,2026-10-06T01:10:52.858903
2026-09-05 23:00,BTC,-2.51514035735502e-08,2026-10-06T01:10:52.858903
2026-09-05 23:00,ETH,-4.730488793579733e-07,2026-10-06T01:10:52.858903
2026-09-06 00:00,BTC,-6.663454776539849e-09,2026-10-06T23:38:34.490186
2026-09-06 00:00,ETH,-4.735512546347121e-07,2026-10-06T23:38:34.490186
2026-09-06 01:00,BTC,-6.683669827600938e-09,2026-10-06T23:38:34.490186
2026-09-06 01:00,ETH,-4.757108908818421e-07,2026-10-06T23:38:34.490186
2026-09-06 02:00,BTC,-6.685330549444749e-09,2026-10-06T23:38:34.490186
2026-09-06 02:00,ETH,-4.775952793719849e-07,2026-10-06T23:38:34.490186
2026-09-06 03:00,BTC,-6.6798707907033314e-09,2026-10-06T23:38:34.490186
2026-09-06 03:00,ETH,-4.774951892785349e-07,2026-10-06T23:38:34.490186
2026-09-06 04:00,BTC,-6.659210709605666e-09,2026-10-06T23:38:34.490186
2026-09-06 04:00,ETH,-4.769254456696666e-07,2026-10-06T23:38:34.490186
2026-09-06 05:00,BTC,-6.658383271019835e-09,2026-10-06T23:38:34.490186
2026-09-06 05:00,ETH,-4.76927370479156e-07,2026-10-06T23:38:34.490186
2026-09-06 06:00,BTC,-6.672509843606782e-09,2026-10-06T23:38:34.490186
2026-09-06 06:00,ETH,3.955431572613664e-07,2026-10-06T23:38:34.490186
2026-09-06 07:00,BTC,-6.662530483386959e-09,2026-10-06T23:38:34.490186
2026-09-06 07:00,ETH,3.937000941825277e-07,2026-10-06T23:38:34.490186
2026-09-06 08:00,BTC,0.0,2026-10-06T23:38:34.490186
2026-09-06 08:00,ETH,1.474308997341891e-06,2026-10-06T23:38:34.490186
2026-09-06 09:00,BTC,0.0,2026-10-06T23:38:34.490186
2026-09-06 09:00,ETH,8.461718602906502e-06,2026-10-06T23:38:34.490186
2026-09-06 10:00,BTC,0.0,2026-10-06T23:38:34.490186
2026-09-06 10:00,ETH,1.2181629397591045e-05,2026-10-06T23:38:34.490186
2026-09-06 11:00,BTC,0.0,2026-10-06T23:38:34.490186
2026-09-06 11:00,ETH,1.3457794119673924e-05,2026-10-06T23:38:34.490186
2026-09-06 12:00,BTC,0.0,2026-10-06T23:38:34.490186
2026-09-06 12:00,ETH,1.595950344741601e-05,2026-10-06T23:38:34.490186
2026-09-06 13:00,BTC,0.0,2026-10-06T23:38:34.490186
2026-09-06 13:00,ETH,1.9404013961264608e-05,2026-10-06T23:38:34.490186
2026-09-06 14:00,BTC,0.0,2026-10-06T23:38:34.490186
2026-09-06 14:00,ETH,2.322739574183353e-05,2026-10-06T23:38:34.490186
2026-09-06 15:00,BTC,9.6491672558311e-10,2026-10-06T23:38:34.490186
2026-09-06 15:00,ETH,2.578727931383848e-05,2026-10-06T23:38:34.490186
2026-09-06 16:00,BTC,9.653647178703811e-10,2026-10-06T23:38:34.490186
2026-09-06 16:00,ETH,3.0166894364074006e-05,2026-10-06T23:38:34.490186
2026-09-06 17:00,BTC,9.657338519035636e-10,2026-10-06T23:38:34.490186
2026-09-06 17:00,ETH,2.4007871064678387e-05,2026-10-06T23:38:34.490186
2026-09-06 18:00,BTC,9.66262274770855e-10,2026-10-06T23:38:34.490186
2026-09-06 18:00,ETH,2.1310823982876465e-05,2026-10-06T23:38:34.490186
2026-09-06 19:00,BTC,9.67677006352158e-10,2026-10-06T23:38:34.490186
2026-09-06 19:00,ETH,2.008559180086136e-05,2026-10-06T23:38:34.490186
2026-09-06 20:00,BTC,9.666592268995924e-10,2026-10-06T23:38:34.490186
2026-09-06 20:00,ETH,1.9726265460693768e-05,2026-10-06T23:38:34.490186
2026-09-06 21:00,BTC,9.666603154337662e-10,2026-10-06T23:38:34.490186
2026-09-06 21:00,ETH,1.7357106329996135e-05,2026-10-06T23:38:34.490186
2026-09-06 22:00,BTC,-2.578423686639326e-07,2026-10-06T23:38:34.490186
2026-09-06 22:00,ETH,1.402282450581222e-05,2026-10-06T23:38:34.490186
2026-09-06 23:00,BTC,-2.5791811082244e-07,2026-10-06T23:38:34.490186
2026-09-06 23:00,ETH,1.2723292689437945e-05,2026-10-06T23:38:34.490186
2026-09-07 00:00,BTC,2.0115915483290924e-06,2026-10-06T23:38:34.490186
2026-09-07 00:00,ETH,7.416703021727714e-06,2026-10-06T23:38:34.490186
2026-09-07 01:00,BTC,4.967047759418327e-06,2026-10-08T00:02:57.630697
2026-09-07 01:00,ETH,8.21145027993184e-06,2026-10-08T00:02:57.630697
2026-09-07 02:00,BTC,5.159301852592863e-06,2026-10-08T00:02:57.630697
2026-09-07 02:00,ETH,1.389089079540805e-05,2026-10-08T00:02:57.630697
2026-09-07 03:00,BTC,5.296184084145871e-06,2026-10-08T00:02:57.630697
2026-09-07 03:00,ETH,1.794854678451806e-05,2026-10-08T00:02:57.630697
2026-09-07 04:00,BTC,5.28873743340108e-06,2026-10-08T00:02:57.630697
2026-09-07 04:00,ETH,1.6817918942294074e-05,2026-10-08T00:02:57.630697
2026-09-07 05:00,BTC,5.293877537751323e-06,2026-10-08T00:02:57.630697
2026-09-07 05:00,ETH,1.6519082197891528e-05,2026-10-08T00:02:57.630697
2026-09-07 06:00,BTC,5.555496443266261e-06,2026-10-08T00:02:57.630697
2026-09-07 06:00,ETH,1.5851593158663725e-05,2026-10-08T00:02:57.630697
2026-09-07 07:00,BTC,5.562647599570421e-06,2026-10-08T00:02:57.630697
2026-09-07 07:00,ETH,1.4780787535871036e-05,2026-10-08T00:02:57.630697
2026-09-07 08:00,BTC,3.2949808808114617e-06,2026-10-08T00:02:57.630697
2026-09-07 08:00,ETH,1.792583961562364e-05,2026-10-08T00:02:57.630697
2026-09-07 09:00,BTC,3.13621538416843e-07,2026-10-08T00:02:57.630697
2026-09-07 09:00,ETH,1.627059620806771e-05,2026-10-08T00:02:57.630697
2026-09-07 10:00,BTC,1.236591005881791e-07,2026-10-08T00:02:57.630697
2026-09-07 10:00,ETH,9.5967652090566e-06,2026-10-08T00:02:57.630697
2026-09-07 11:00,BTC,8.115034189685678e-12,2026-10-08T00:02:57.630697
2026-09-07 11:00,ETH,5.518147084046762e-06,2026-10-08T00:02:57.630697
2026-09-07 12:00,BTC,0.0,2026-10-08T00:02:57.630697
2026-09-07 12:00,ETH,4.519253118715378e-06,2026-10-08T00:02:57.630697
2026-09-07 13:00,BTC,0.0,2026-10-08T00:02:57.630697
2026-09-07 13:00,ETH,3.764311799441921e-06,2026-10-08T00:02:57.630697
2026-09-07 14:00,BTC,0.0,2026-10-08T00:02:57.630697
2026-09-07 14:00,ETH,3.7544521262882847e-06,2026-10-08T00:02:57.630697
2026-09-07 15:00,BTC,0.0,2026-10-08T14:47:48.613940
2026-09-07 15:00,ETH,7.403837206069913e-06,2026-10-08T14:47:48.613940
2026-09-07 16:00,BTC,0.0,2026-10-08T14:47:48.613940
2026-09-07 16:00,ETH,6.770310762793101e-06,2026-10-08T14:47:48.613940
2026-09-07 17:00,BTC,0.0,2026-10-08T16:08:36.730926
2026-09-07 17:00,ETH,1.0890658346576963e-05,2026-10-08T16:08:36.730926
2026-09-07 18:00,BTC,0.0,2026-10-08T16:08:36.730926
2026-09-07 18:00,ETH,1.0862417024093104e-05,2026-10-08T16:08:36.730926
2026-09-07 19:00,BTC,0.0,2026-10-08T16:08:36.730926
2026-09-07 19:00,ETH,1.0893235202704905e-05,2026-10-08T16:08:36.730926
2026-09-07 20:00,BTC,0.0,2026-10-08T16:08:36.730926
2026-09-07 20:00,ETH,1.0872256543226207e-05,2026-10-08T16:08:36.730926
2026-09-07 21:00,BTC,0.0,2026-10-08T16:08:36.730926
2026-09-07 21:00,ETH,1.1718910312283278e-05,2026-10-08T16:08:36.730926
2026-09-07 22:00,BTC,9.434453569877454e-10,2026-10-08T16:08:36.730926
2026-09-07 22:00,ETH,1.1601473240480204e-05,2026-10-08T16:08:36.730926
2026-09-07 23:00,BTC,9.41539061825156e-10,2026-10-08T16:08:36.730926
2026-09-07 23:00,ETH,9.09264664533053e-06,2026-10-08T16:08:36.730926
2026-09-08 00:00,BTC,9.369628595030875e-10,2026-10-08T16:08:36.730926
2026-09-08 00:00,ETH,6.392875945225732e-06,2026-10-08T16:08:36.730926
2026-09-08 01:00,BTC,9.395217087981796e-10,2026-10-09T00:11:22.564013
2026-09-08 01:00,ETH,3.1413334474416343e-06,2026-10-09T00:11:22.564013
2026-09-08 02:00,BTC,7.317178167536993e-08,2026-10-09T01:43:23.143826
2026-09-08 02:00,ETH,3.6226670270297232e-06,2026-10-09T01:43:23.143826
2026-09-08 03:00,BTC,5.748308532363271e-07,2026-10-09T01:43:23.143826
2026-09-08 03:00,ETH,6.062110196692077e-06,2026-10-09T01:43:23.143826
2026-09-08 04:00,BTC,6.023533374191486e-07,2026-10-09T01:43:23.143826
2026-09-08 04:00,ETH,1.4703140710242916e-05,2026-10-09T01:43:23.143826
2026-09-08 05:00,BTC,6.096121345562959e-07,2026-10-09T01:43:23.143826
2026-09-08 05:00,ETH,1.6241870151900274e-05,2026-10-09T01:43:23.143826
2026-09-08 06:00,BTC,6.081071957152562e-07,2026-10-09T01:43:23.143826
2026-09-08 06:00,ETH,2.473554488283227e-05,2026-10-09T01:43:23.143826
2026-09-08 07:00,BTC,6.064653368191004e-07,2026-10-09T01:43:23.143826
2026-09-08 07:00,ETH,2.832581617340811e-05,2026-10-09T01:43:23.143826
2026-09-08 08:00,BTC,6.076861668546604e-07,2026-10-09T01:43:23.143826
2026-09-08 08:00,ETH,2.895311641610913e-05,2026-10-09T01:43:23.143826
2026-09-08 09:00,BTC,9.538687428648903e-07,2026-10-09T01:43:23.143826
2026-09-08 09:00,ETH,2.819699028726892e-05,2026-10-09T01:43:23.143826
2026-09-08 10:00,BTC,1.998302671461613e-06,2026-10-09T01:43:23.143826
2026-09-08 10:00,ETH,2.8374165077484136e-05,2026-10-09T01:43:23.143826
2026-09-08 11:00,BTC,1.139804754861961e-05,2026-10-09T01:43:23.143826
2026-09-08 11:00,ETH,2.743264428888993e-05,2026-10-09T01:43:23.143826
2026-09-08 12:00,BTC,1.7298160129334935e-05,2026-10-09T01:43:23.143826
2026-09-08 12:00,ETH,1.9555709879353425e-05,2026-10-09T01:43:23.143826
2026-09-08 13:00,BTC,2.0402524233496693e-05,2026-10-09T01:43:23.143826
2026-09-08 13:00,ETH,1.75940027275183e-05,2026-10-09T01:43:23.143826
2026-09-08 14:00,BTC,2.6004902307130407e-05,2026-10-09T01:43:23.143826
2026-09-08 14:00,ETH,1.4345757141156057e-05,2026-10-09T01:43:23.143826
2026-09-08 15:00,BTC,3.0593460784003804e-05,2026-10-09T01:43:23.143826
2026-09-08 15:00,ETH,1.0775571370654031e-05,2026-10-09T01:43:23.143826
2026-09-08 16:00,BTC,3.466454399155148e-05,2026-10-09T01:43:23.143826
2026-09-08 16:00,ETH,1.194609367745076e-05,2026-10-09T01:43:23.143826
2026-09-08 17:00,BTC,4.044584420268937e-05,2026-10-09T01:43:23.143826
2026-09-08 17:00,ETH,1.193595687085831e-05,2026-10-09T01:43:23.143826
2026-09-08 18:00,BTC,4.248885370556458e-05,2026-10-09T01:43:23.143826
2026-09-08 18:00,ETH,1.1470559216567146e-05,2026-10-09T01:43:23.143826
2026-09-08 19:00,BTC,3.581436355230265e-05,2026-10-09T01:43:23.143826
2026-09-08 19:00,ETH,9.76467701100279e-06,2026-10-09T01:43:23.143826
2026-09-08 20:00,BTC,3.5693075267315945e-05,2026-10-09T01:43:23.143826
2026-09-08 20:00,ETH,9.320419235071906e-06,2026-10-09T01:43:23.143826
2026-09-08 21:00,BTC,3.7707209451433977e-05,2026-10-09T01:43:23.143826
2026-09-08 21:00,ETH,9.14869572147757e-06,2026-10-09T01:43:23.143826
2026-09-08 22:00,BTC,4.15764067581257e-05,2026-10-09T21:18:28.672748
2026-09-08 22:00,ETH,7.275558759642244e-06,2026-10-09T21:18:28.672748
2026-09-08 23:00,BTC,4.814876354910485e-05,2026-10-09T21:18:28.672748
2026-09-08 23:00,ETH,7.64793066902721e-06,2026-10-09T21:18:28.672748
2026-09-09 00:00,BTC,5.471721139112683e-05,2026-10-09T21:18:28.672748
2026-09-09 00:00,ETH,7.445290527136499e-06,2026-10-09T21:18:28.672748
2026-09-09 01:00,BTC,5.94610635981382e-05,2026-10-09T21:18:28.672748
2026-09-09 01:00,ETH,7.76133380806325e-06,2026-10-09T21:18:28.672748
2026-09-09 02:00,BTC,5.834039363277375e-05,2026-10-09T21:18:28.672748
2026-09-09 02:00,ETH,7.722587232919214e-06,2026-10-09T21:18:28.672748
2026-09-09 03:00,BTC,6.011231156892513e-05,2026-10-09T21:18:28.672748
2026-09-09 03:00,ETH,8.385093052226432e-06,2026-10-09T21:18:28.672748
2026-09-09 04:00,BTC,6.129062998004817e-05,2026-10-09T21:18:28.672748
2026-09-09 04:00,ETH,8.91374422387774e-06,2026-10-09T21:18:28.672748
2026-09-09 05:00,BTC,6.253067502265106e-05,2026-10-09T21:18:28.672748
2026-09-09 05:00,ETH,9.193173659766715e-06,2026-10-09T21:18:28.672748
2026-09-09 06:00,BTC,6.988524394083869e-05,2026-10-09T21:18:28.672748
2026-09-09 06:00,ETH,5.7717530287666426e-06,2026-10-09T21:18:28.672748
2026-09-09 07:00,BTC,7.526632170295318e-05,2026-10-10T06:19:31.471958
2026-09-09 07:00,ETH,4.7996545006783045e-06,2026-10-10T06:19:31.471958
2026-09-09 08:00,BTC,8.62918098302485e-05,2026-10-10T06:19:31.471958
2026-09-09 08:00,ETH,5.592489498341374e-06,2026-10-10T06:19:31.471958
2026-09-09 09:00,BTC,9.97037188635234e-05,2026-10-10T06:19:31.471958
2026-09-09 09:00,ETH,1.1909790926123498e-05,2026-10-10T06:19:31.471958
2026-09-09 10:00,BTC,0.0001120416621956,2026-10-10T06:19:31.471958
2026-09-09 10:00,ETH,2.0202904322285872e-05,2026-10-10T06:19:31.471958
2026-09-09 11:00,BTC,0.0001111335946345,2026-10-10T06:19:31.471958
2026-09-09 11:00,ETH,2.914219417891125e-05,2026-10-10T06:19:31.471958
2026-09-09 12:00,BTC,0.0001100022780103,2026-10-10T06:19:31.471958
2026-09-09 12:00,ETH,3.958647410006576e-05,2026-10-10T06:19:31.471958
2026-09-09 13:00,BTC,0.0001069344622383,2026-10-10T06:19:31.471958
2026-09-09 13:00,ETH,4.596026632137042e-05,2026-10-10T06:19:31.471958
2026-09-09 14:00,BTC,9.172870011275966e-05,2026-10-10T06:19:31.471958
2026-09-09 14:00,ETH,5.533535971934342e-05,2026-10-10T06:19:31.471958
2026-09-09 15:00,BTC,7.775736603613527e-05,2026-10-10T06:19:31.471958
2026-09-09 15:00,ETH,5.8121442689211536e-05,2026-10-10T06:19:31.471958
2026-09-09 16:00,BTC,6.0564685668319457e-05,2026-10-10T06:19:31.471958
2026-09-09 16:00,ETH,6.291781800522009e-05,2026-10-10T06:19:31.471958
2026-09-09 17:00,BTC,3.654442823824887e-05,2026-10-10T06:19:31.471958
2026-09-09 17:00,ETH,6.142087304204255e-05,2026-10-10T06:19:31.471958
2026-09-09 18:00,BTC,2.1968418255929413e-05,2026-10-10T06:19:31.471958
2026-09-09 18:00,ETH,5.433223066581318e-05,2026-10-10T06:19:31.471958
2026-09-09 19:00,BTC,1.7486006713342042e-05,2026-10-10T06:19:31.471958
2026-09-09 19:00,ETH,4.57459147592347e-05,2026-10-10T06:19:31.471958
2026-09-09 20:00,BTC,1.1500647955408304e-05,2026-10-10T06:19:31.471958
2026-09-09 20:00,ETH,3.5008505180905444e-05,2026-10-10T06:19:31.471958
2026-09-09 21:00,BTC,8.913097045914611e-06,2026-10-10T20:19:45.479372
2026-09-09 21:00,ETH,2.861845902854408e-05,2026-10-10T20:19:45.479372
2026-09-09 22:00,BTC,6.2142897555955295e-06,2026-10-10T20:19:45.479372
2026-09-09 22:00,ETH,1.8921213226948932e-05,2026-10-10T20:19:45.479372
2026-09-09 23:00,BTC,4.371650516998549e-06,2026-10-10T20:19:45.479372
2026-09-09 23:00,ETH,1.6005778700296847e-05,2026-10-10T20:19:45.479372
2026-09-10 00:00,BTC,-1.2038223752910426e-08,2026-10-10T20:19:45.479372
2026-09-10 00:00,ETH,9.14276953025857e-06,2026-10-10T20:19:45.479372
2026-09-10 01:00,BTC,-1.206885378685348e-08,2026-10-10T20:19:45.479372
2026-09-10 01:00,ETH,4.275801253034201e-06,2026-10-10T20:19:45.479372
2026-09-10 02:00,BTC,-1.206376639786999e-08,2026-10-10T20:19:45.479372
2026-09-10 02:00,ETH,2.4083213436610956e-06,2026-10-10T20:19:45.479372
2026-09-10 03:00,BTC,-9.996242759485634e-09,2026-10-10T20:19:45.479372
2026-09-10 03:00,ETH,1.281783830313382e-06,2026-10-10T20:19:45.479372
2026-09-10 04:00,BTC,1.2844338737998232e-07,2026-10-10T20:19:45.479372
2026-09-10 04:00,ETH,8.820903382487376e-07,2026-10-10T20:19:45.479372
2026-09-10 05:00,BTC,1.2858411644782746e-07,2026-10-10T20:19:45.479372
2026-09-10 05:00,ETH,8.517056149795118e-07,2026-10-10T20:19:45.479372
2026-09-10 06:00,BTC,1.7705622770691906e-07,2026-10-10T20:19:45.479372
2026-09-10 06:00,ETH,8.115322323724442e-07,2026-10-10T20:19:45.479372
2026-09-10 07:00,BTC,1.7653341507480509e-07,2026-10-10T20:19:45.479372
2026-09-10 07:00,ETH,9.821577077638565e-08,2026-10-10T20:19:45.479372
2026-09-10 08:00,BTC,1.774057287786148e-07,2026-10-10T20:19:45.479372
2026-09-10 08:00,ETH,9.276642086760452e-08,2026-10-10T20:19:45.479372
2026-09-10 09:00,BTC,1.771078495341461e-07,2026-10-10T20:19:45.479372
2026-09-10 09:00,ETH,9.264499393014965e-08,2026-10-10T20:19:45.479372
2026-09-10 10:00,BTC,1.7692109998270702e-07,2026-10-10T20:19:45.479372
2026-09-10 10:00,ETH,7.885990605380194e-08,2026-10-10T20:19:45.479372
2026-09-10 11:00,BTC,1.754840769167613e-07,2026-10-10T20:19:45.479372
2026-09-10 11:00,ETH,3.301757403305821e-08,2026-10-10T20:19:45.479372
2026-09-10 12:00,BTC,3.6863420138060956e-08,2026-10-10T20:19:45.479372
2026-09-10 12:00,ETH,1.4849062808211807e-06,2026-10-10T20:19:45.479372
2026-09-10 13:00,BTC,4.770454125628103e-08,2026-10-10T20:19:45.479372
2026-09-10 13:00,ETH,6.308648845877041e-06,2026-10-10T20:19:45.479372
2026-09-10 14:00,BTC,6.075567692476927e-07,2026-10-10T20:19:45.479372
2026-09-10 14:00,ETH,6.307386825658568e-06,2026-10-10T20:19:45.479372
2026-09-10 15:00,BTC,9.990582234425477e-07,2026-10-10T20:19:45.479372
2026-09-10 15:00,ETH,6.30319276330598e-06,2026-10-10T20:19:45.479372
2026-09-10 16:00,BTC,3.964673565193756e-06,2026-10-10T20:19:45.479372
2026-09-10 16:00,ETH,6.283874657924358e-06,2026-10-10T20:19:45.479372
2026-09-10 17:00,BTC,8.650942676341665e-06,2026-10-10T20:19:45.479372
2026-09-10 17:00,ETH,6.497814092178737e-06,2026-10-10T20:19:45.479372
2026-09-10 18:00,BTC,1.4010406230736776e-05,2026-10-10T20:19:45.479372
2026-09-10 18:00,ETH,6.885663080397849e-06,2026-10-10T20:19:45.479372
2026-09-10 19:00,BTC,2.000911023936149e-05,2026-10-10T20:19:45.479372
2026-09-10 19:00,ETH,7.4122566306471626e-06,2026-10-10T20:19:45.479372
2026-09-10 20:00,BTC,3.0589863928969936e-05,2026-10-10T20:19:45.479372
2026-09-10 20:00,ETH,7.4123636236849865e-06,2026-10-10T20:19:45.479372
2026-09-10 21:00,BTC,3.282228259680956e-05,2026-10-10T20:19:45.479372
2026-09-10 21:00,ETH,3.3032297625211296e-06,2026-10-10T20:19:45.479372
2026-09-10 22:00,BTC,3.384459125479375e-05,2026-10-10T20:19:45.479372
2026-09-10 22:00,ETH,4.953292266174107e-06,2026-10-10T20:19:45.479372
2026-09-10 23:00,BTC,3.3518047533479147e-05,2026-10-10T20:19:45.479372
2026-09-10 23:00,ETH,5.425053728448951e-06,2026-10-10T20:19:45.479372
2026-09-11 00:00,BTC,3.0510829495304625e-05,2026-10-10T20:19:45.479372
2026-09-11 00:00,ETH,7.554900817859504e-06,2026-10-10T20:19:45.479372
2026-09-11 01:00,BTC,2.588812225235453e-05,2026-10-10T20:19:45.479372
2026-09-11 01:00,ETH,8.440347137332865e-06,2026-10-10T20:19:45.479372
2026-09-11 02:00,BTC,2.0652315911519324e-05,2026-10-10T20:19:45.479372
2026-09-11 02:00,ETH,1.0630367184504075e-05,2026-10-10T20:19:45.479372
2026-09-11 03:00,BTC,1.4658095576207712e-05,2026-10-10T20:19:45.479372
2026-09-11 03:00,ETH,1.2498989789726223e-05,2026-10-10T20:19:45.479372
2026-09-11 04:00,BTC,4.023694386535294e-06,2026-10-10T20:19:45.479372
2026-09-11 04:00,ETH,1.2248372159697818e-05,2026-10-10T20:19:45.479372
2026-09-11 05:00,BTC,1.527466855604008e-06,2026-10-10T20:19:45.479372
2026-09-11 05:00,ETH,1.3749115544890314e-05,2026-10-10T20:19:45.479372
2026-09-11 06:00,BTC,8.002103774986629e-08,2026-10-10T20:19:45.479372
2026-09-11 06:00,ETH,1.54656351819518e-05,2026-10-10T20:19:45.479372
2026-09-11 07:00,BTC,7.882767043725204e-08,2026-10-10T20:19:45.479372
2026-09-11 07:00,ETH,1.7960394265151537e-05,2026-10-10T20:19:45.479372
2026-09-11 08:00,BTC,7.863922467413964e-08,2026-10-10T20:19:45.479372
2026-09-11 08:00,ETH,1.8472294316832663e-05,2026-10-10T20:19:45.479372
2026-09-11 09:00,BTC,4.672608161860871e-08,2026-10-10T20:19:45.479372
2026-09-11 09:00,ETH,1.7852086892230398e-05,2026-10-10T20:19:45.479372
2026-09-11 10:00,BTC,0.0,2026-10-10T20:19:45.479372
2026-09-11 10:00,ETH,1.7361673684449597e-05,2026-10-10T20:19:45.479372
2026-09-11 11:00,BTC,4.412450703214514e-06,2026-10-10T20:19:45.479372
2026-09-11 11:00,ETH,1.6565825916973923e-05,2026-10-10T20:19:45.479372
2026-09-11 12:00,BTC,8.12647343122183e-06,2026-10-10T20:19:45.479372
2026-09-11 12:00,ETH,1.595623943400773e-05,2026-10-10T20:19:45.479372
2026-09-11 13:00,BTC,9.508081157373158e-06,2026-10-10T20:19:45.479372
2026-09-11 13:00,ETH,1.8723595383710636e-05,2026-10-10T20:19:45.479372
2026-09-11 14:00,BTC,1.0294809584970218e-05,2026-10-10T20:19:45.479372
2026-09-11 14:00,ETH,2.161593025591894e-05,2026-10-10T20:19:45.479372
2026-09-11 15:00,BTC,1.9566347868981934e-05,2026-10-10T20:19:45.479372
2026-09-11 15:00,ETH,2.3462759809334177e-05,2026-10-10T20:19:45.479372
2026-09-11 16:00,BTC,2.453374488987679e-05,2026-10-10T20:19:45.479372
2026-09-11 16:00,ETH,3.09505873305224e-05,2026-10-10T20:19:45.479372
2026-09-11 17:00,BTC,2.5971651383403765e-05,2026-10-10T20:19:45.479372
2026-09-11 17:00,ETH,3.634423222903833e-05,2026-10-10T20:19:45.479372
2026-09-11 18:00,BTC,2.5865202041359948e-05,2026-10-10T20:19:45.479372
2026-09-11 18:00,ETH,3.507501009669044e-05,2026-10-10T20:19:45.479372
2026-09-11 19:00,BTC,2.1428024454843585e-05,2026-10-10T20:19:45.479372
2026-09-11 19:00,ETH,3.642554332381352e-05,2026-10-10T20:19:45.479372
2026-09-11 20:00,BTC,1.772256623891959e-05,2026-10-10T20:19:45.479372
2026-09-11 20:00,ETH,3.582851241730604e-05,2026-10-10T20:19:45.479372
2026-09-11 21:00,BTC,1.6574940507364247e-05,2026-10-10T20:19:45.479372
2026-09-11 21:00,ETH,3.167900059557481e-05,2026-10-10T20:19:45.479372
2026-09-11 22:00,BTC,1.595391239434518e-05,2026-10-10T20:19:45.479372
2026-09-11 22:00,ETH,2.7015037351214672e-05,2026-10-10T20:19:45.479372
2026-09-11 23:00,BTC,6.439756292753398e-06,2026-10-10T20:19:45.479372
2026-09-11 23:00,ETH,2.160977637858267e-05,2026-10-10T20:19:45.479372
2026-09-12 00:00,BTC,1.335039201868859e-06,2026-10-10T20:19:45.479372
2026-09-12 00:00,ETH,1.0798231140910372e-05,2026-10-10T20:19:45.479372
2026-09-12 01:00,BTC,-6.62186114137043e-08,2026-10-10T20:19:45.479372
2026-09-12 01:00,ETH,5.483502045440172e-06,2026-10-10T20:19:45.479372
2026-09-12 02:00,BTC,-6.58878663147603e-08,2026-10-10T20:19:45.479372
2026-09-12 02:00,ETH,4.913533792641723e-06,2026-10-10T20:19:45.479372
2026-09-12 03:00,BTC,-6.6668059223767e-08,2026-10-10T20:19:45.479372
2026-09-12 03:00,ETH,2.1974099920102167e-06,2026-10-10T20:19:45.479372
2026-09-12 04:00,BTC,-6.686799831283989e-08,2026-10-10T20:19:45.479372
2026-09-12 04:00,ETH,3.0529474936385877e-06,2026-10-10T20:19:45.479372
2026-09-12 05:00,BTC,-6.690800690084941e-08,2026-10-10T20:19:45.479372
2026-09-12 05:00,ETH,4.055372776154532e-06,2026-10-10T20:19:45.479372
2026-09-12 06:00,BTC,0.0,2026-10-10T20:19:45.479372
2026-09-12 06:00,ETH,4.5090112096739035e-06,2026-10-10T20:19:45.479372
2026-09-12 07:00,BTC,0.0,2026-10-10T20:19:45.479372
2026-09-12 07:00,ETH,6.108514365288781e-06,2026-10-10T20:19:45.479372
2026-09-12 08:00,BTC,-6.270106000200726e-08,2026-10-10T20:19:45.479372
2026-09-12 08:00,ETH,2.3701686612270853e-05,2026-10-10T20:19:45.479372
2026-09-12 09:00,BTC,-2.953552000924534e-07,2026-10-10T20:19:45.479372
2026-09-12 09:00,ETH,5.108536034225013e-05,2026-10-10T20:19:45.479372
2026-09-12 10:00,BTC,-2.9528418507576347e-07,2026-10-10T20:19:45.479372
2026-09-12 10:00,ETH,9.027943096004121e-05,2026-10-10T20:19:45.479372
2026-09-12 11:00,BTC,-2.953707179055729e-07,2026-10-10T20:19:45.479372
2026-09-12 11:00,ETH,0.00010787635267896758,2026-10-10T20:19:45.479372
2026-09-12 12:00,BTC,-2.953003526495309e-07,2026-10-10T20:19:45.479372
2026-09-12 12:00,ETH,0.00011687789820106608,2026-10-10T20:19:45.479372
2026-09-12 13:00,BTC,-3.2297610520104735e-07,2026-10-10T20:19:45.479372
2026-09-12 13:00,ETH,0.00013489166025851165,2026-10-10T20:19:45.479372
2026-09-12 14:00,BTC,-3.2293824959242247e-07,2026-10-10T20:19:45.479372
2026-09-12 14:00,ETH,0.00015403346462482896,2026-10-10T20:19:45.479372
2026-09-12 15:00,BTC,5.864451841093122e-07,2026-10-10T20:19:45.479372
2026-09-12 15:00,ETH,0.00018017437590183132,2026-10-10T20:19:45.479372
2026-09-12 16:00,BTC,6.490313754372083e-07,2026-10-10T20:19:45.479372
2026-09-12 16:00,ETH,0.00019252458230108546,2026-10-10T20:19:45.479372
2026-09-12 17:00,BTC,8.892797473265483e-07,2026-10-10T20:19:45.479372
2026-09-12 17:00,ETH,0.0001874422693292474,2026-10-10T20:19:45.479372
2026-09-12 18:00,BTC,9.271856794259423e-07,2026-10-10T20:19:45.479372
2026-09-12 18:00,ETH,0.0001735611298070078,2026-10-10T20:19:45.479372
2026-09-12 19:00,BTC,9.269215624903634e-07,2026-10-10T20:19:45.479372
2026-09-12 19:00,ETH,0.0001763463978765056,2026-10-10T20:19:45.479372
2026-09-12 20:00,BTC,9.274308699581497e-07,2026-10-10T20:19:45.479372
2026-09-12 20:00,ETH,0.0001834211932022771,2026-10-10T20:19:45.479372
2026-09-12 21:00,BTC,9.550835233505959e-07,2026-10-10T20:19:45.479372
2026-09-12 21:00,ETH,0.00017738713651468857,2026-10-10T20:19:45.479372
2026-09-12 22:00,BTC,1.048541237220064e-06,2026-10-10T20:19:45.479372
2026-09-12 22:00,ETH,0.00018004216269770274,2026-10-10T20:19:45.479372
2026-09-12 23:00,BTC,2.3584299305090263e-07,2026-10-10T20:19:45.479372
2026-09-12 23:00,ETH,0.00017347785111507794,2026-10-10T20:19:45.479372
2026-09-13 00:00,BTC,2.356164788957634e-07,2026-10-10T20:19:45.479372
2026-09-13 00:00,ETH,0.0001629723683895609,2026-10-10T20:19:45.479372
2026-09-13 01:00,BTC,1.530079231658501e-06,2026-10-10T20:19:45.479372
2026-09-13 01:00,ETH,0.00015981389925213984,2026-10-10T20:19:45.479372
2026-09-13 02:00,BTC,3.634122512860857e-06,2026-10-10T20:19:45.479372
2026-09-13 02:00,ETH,0.0001501948467633282,2026-10-10T20:19:45.479372
2026-09-13 03:00,BTC,1.0554223754933538e-05,2026-10-10T20:19:45.479372
2026-09-13 03:00,ETH,0.00014765183885141728,2026-10-10T20:19:45.479372
2026-09-13 04:00,BTC,2.005468889460754e-05,2026-10-10T20:19:45.479372
2026-09-13 04:00,ETH,0.00014336572948526373,2026-10-10T20:19:45.479372
2026-09-13 05:00,BTC,2.7587233395883314e-05,2026-10-10T20:19:45.479372
2026-09-13 05:00,ETH,0.00013877103034712755,2026-10-10T20:19:45.479372
2026-09-13 06:00,BTC,3.2341693589897885e-05,2026-10-10T20:19:45.479372
2026-09-13 06:00,ETH,0.0001275387662160422,2026-10-10T20:19:45.479372
2026-09-13 07:00,BTC,3.568345786087306e-05,2026-10-10T20:19:45.479372
2026-09-13 07:00,ETH,0.00010992305816236739,2026-10-10T20:19:45.479372
2026-09-13 08:00,BTC,3.591444463367008e-05,2026-10-10T20:19:45.479372
2026-09-13 08:00,ETH,9.055913122015772e-05,2026-10-10T20:19:45.479372
2026-09-13 09:00,BTC,3.493498416682175e-05,2026-10-10T20:19:45.479372
2026-09-13 09:00,ETH,7.126774035738023e-05,2026-10-10T20:19:45.479372
2026-09-13 10:00,BTC,3.340234466628913e-05,2026-10-10T20:19:45.479372
2026-09-13 10:00,ETH,5.5601562634203663e-05,2026-10-10T20:19:45.479372
2026-09-13 11:00,BTC,2.7695082918057113e-05,2026-10-10T20:19:45.479372
2026-09-13 11:00,ETH,3.778691567076079e-05,2026-10-10T20:19:45.479372
2026-09-13 12:00,BTC,1.847242780548647e-05,2026-10-10T20:19:45.479372
2026-09-13 12:00,ETH,2.7311002516481716e-05,2026-10-10T20:19:45.479372
2026-09-13 13:00,BTC,1.1050943307505984e-05,2026-10-10T20:19:45.479372
2026-09-13 13:00,ETH,1.9491751032637356e-05,2026-10-10T20:19:45.479372
2026-09-13 14:00,BTC,6.265387768116225e-06,2026-10-10T20:19:45.479372
2026-09-13 14:00,ETH,9.106428029168397e-06,2026-10-10T20:19:45.479372
2026-09-13 15:00,BTC,3.365705435711968e-06,2026-10-10T20:19:45.479372
2026-09-13 15:00,ETH,5.44708786009198e-06,2026-10-10T20:19:45.479372
2026-09-13 16:00,BTC,7.352689867395146e-06,2026-10-10T20:19:45.479372
2026-09-13 16:00,ETH,5.233173766649133e-06,2026-10-10T20:19:45.479372
2026-09-13 17:00,BTC,7.035439942536548e-06,2026-10-10T20:19:45.479372
2026-09-13 17:00,ETH,5.152162167740451e-06,2026-10-10T20:19:45.479372
2026-09-13 18:00,BTC,8.440028679663476e-06,2026-10-10T20:19:45.479372
2026-09-13 18:00,ETH,4.066272444415535e-06,2026-10-10T20:19:45.479372
2026-09-13 19:00,BTC,8.709528064969159e-06,2026-10-10T20:19:45.479372
2026-09-13 19:00,ETH,3.3689891753958287e-06,2026-10-10T20:19:45.479372
2026-09-13 20:00,BTC,8.537999034194643e-06,2026-10-10T20:19:45.479372
2026-09-13 20:00,ETH,1.1593682402249635e-06,2026-10-10T20:19:45.479372
2026-09-13 21:00,BTC,8.632250011505979e-06,2026-10-10T20:19:45.479372
2026-09-13 21:00,ETH,3.281190182560281e-07,2026-10-10T20:19:45.479372
2026-09-13 22:00,BTC,9.947085561331796e-06,2026-10-10T20:19:45.479372
2026-09-13 22:00,ETH,6.219711499386537e-07,2026-10-10T20:19:45.479372
2026-09-13 23:00,BTC,1.023627913615728e-05,2026-10-10T20:19:45.479372
2026-09-13 23:00,ETH,2.4091209363445783e-05,2026-10-10T20:19:45.479372
2026-09-14 00:00,BTC,6.211001417067381e-06,2026-10-10T20:19:45.479372
2026-09-14 00:00,ETH,4.088545423008765e-05,2026-10-10T20:19:45.479372
2026-09-14 01:00,BTC,6.1844411014019454e-06,2026-10-10T20:19:45.479372
2026-09-14 01:00,ETH,5.190903770177396e-05,2026-10-10T20:19:45.479372
2026-09-14 02:00,BTC,4.1735438306655975e-06,2026-10-10T20:19:45.479372
2026-09-14 02:00,ETH,6.623344540916513e-05,2026-10-10T20:19:45.479372
2026-09-14 03:00,BTC,2.650163915987753e-06,2026-10-10T20:19:45.479372
2026-09-14 03:00,ETH,8.250405769947182e-05,2026-10-10T20:19:45.479372
2026-09-14 04:00,BTC,2.5073681423839585e-06,2026-10-10T20:19:45.479372
2026-09-14 04:00,ETH,0.00010408313844643762,2026-10-10T20:19:45.479372
2026-09-14 05:00,BTC,2.314505761279771e-06,2026-10-10T20:19:45.479372
2026-09-14 05:00,ETH,0.0001263964335413392,2026-10-10T20:19:45.479372
2026-09-14 06:00,BTC,9.371056561971254e-07,2026-10-10T20:19:45.479372
2026-09-14 06:00,ETH,0.00014224406340262324,2026-10-10T20:19:45.479372
2026-09-14 07:00,BTC,9.235147088966543e-07,2026-10-10T20:19:45.479372
2026-09-14 07:00,ETH,0.00012612879644360923,2026-10-10T20:19:45.479372
2026-09-14 08:00,BTC,7.580664193363663e-07,2026-10-10T20:19:45.479372
2026-09-14 08:00,ETH,0.00011844150674622014,2026-10-10T20:19:45.479372
2026-09-14 09:00,BTC,7.856853609755005e-07,2026-10-10T20:19:45.479372
2026-09-14 09:00,ETH,0.00011481995307301389,2026-10-10T20:19:45.479372
2026-09-14 10:00,BTC,8.091997670878755e-07,2026-10-10T20:19:45.479372
2026-09-14 10:00,ETH,0.00010720943895287445,2026-10-10T20:19:45.479372
2026-09-14 11:00,BTC,3.519567142982388e-06,2026-10-10T20:19:45.479372
2026-09-14 11:00,ETH,9.56405749774549e-05,2026-10-10T20:19:45.479372
2026-09-14 12:00,BTC,8.700164852617097e-06,2026-10-10T20:19:45.479372
2026-09-14 12:00,ETH,8.008943775107798e-05,2026-10-10T20:19:45.479372
2026-09-14 13:00,BTC,9.418173793242533e-06,2026-10-10T20:19:45.479372
2026-09-14 13:00,ETH,6.26706574859205e-05,2026-10-10T20:19:45.479372
2026-09-14 14:00,BTC,9.695471475907213e-06,2026-10-10T20:19:45.479372
2026-09-14 14:00,ETH,4.7768687029306296e-05,2026-10-10T20:19:45.479372
2026-09-14 15:00,BTC,1.0088952864120338e-05,2026-10-10T20:19:45.479372
2026-09-14 15:00,ETH,4.461460095762119e-05,2026-10-10T20:19:45.479372
2026-09-14 16:00,BTC,1.0173234615043724e-05,2026-10-10T20:19:45.479372
2026-09-14 16:00,ETH,4.5429566092436255e-05,2026-10-10T20:19:45.479372
2026-09-14 17:00,BTC,1.0254177592828263e-05,2026-10-10T20:19:45.479372
2026-09-14 17:00,ETH,4.3488078461758386e-05,2026-10-10T20:19:45.479372
2026-09-14 18:00,BTC,1.0286064712963884e-05,2026-10-10T20:19:45.479372
2026-09-14 18:00,ETH,3.97709844353677e-05,2026-10-10T20:19:45.479372
2026-09-14 19:00,BTC,7.54415637149737e-06,2026-10-10T20:19:45.479372
2026-09-14 19:00,ETH,3.631277940391633e-05,2026-10-10T20:19:45.479372
2026-09-14 20:00,BTC,2.339748334829974e-06,2026-10-10T20:19:45.479372
2026-09-14 20:00,ETH,3.017730576937758e-05,2026-10-10T20:19:45.479372
2026-09-14 21:00,BTC,1.6289323954296832e-06,2026-10-10T20:19:45.479372
2026-09-14 21:00,ETH,2.6909523124906826e-05,2026-10-10T20:19:45.479372
2026-09-14 22:00,BTC,1.3625323828051622e-06,2026-10-10T20:19:45.479372
2026-09-14 22:00,ETH,2.9443910781213055e-05,2026-10-10T20:19:45.479372
2026-09-14 23:00,BTC,4.1300255190330383e-07,2026-10-10T20:19:45.479372
2026-09-14 23:00,ETH,3.683695830801348e-05,2026-10-10T20:19:45.479372
2026-09-15 00:00,BTC,3.556570738895403e-07,2026-10-10T20:19:45.479372
2026-09-15 00:00,ETH,4.027574638131785e-05,2026-10-10T20:19:45.479372
2026-09-15 01:00,BTC,2.9459503282787675e-07,2026-10-10T20:19:45.479372
2026-09-15 01:00,ETH,4.373325814030604e-05,2026-10-10T20:19:45.479372
2026-09-15 02:00,BTC,3.3040593102379576e-07,2026-10-10T20:19:45.479372
2026-09-15 02:00,ETH,4.26314483604011e-05,2026-10-10T20:19:45.479372
2026-09-15 03:00,BTC,3.27518052978691e-07,2026-10-10T20:19:45.479372
2026-09-15 03:00,ETH,4.6715510913592204e-05,2026-10-10T20:19:45.479372
2026-09-15 04:00,BTC,3.264366123366702e-07,2026-10-10T20:19:45.479372
2026-09-15 04:00,ETH,4.790536948345266e-05,2026-10-10T20:19:45.479372
2026-09-15 05:00,BTC,3.268759247551024e-07,2026-10-10T20:19:45.479372
2026-09-15 05:00,ETH,4.71245529889268e-05,2026-10-10T20:19:45.479372
2026-09-15 06:00,BTC,3.135392909362178e-07,2026-10-10T20:19:45.479372
2026-09-15 06:00,ETH,4.224843685587781e-05,2026-10-10T20:19:45.479372
2026-09-15 07:00,BTC,1.0404971674921938e-07,2026-10-10T20:19:45.479372
2026-09-15 07:00,ETH,2.8491036106652436e-05,2026-10-10T20:19:45.479372
2026-09-15 08:00,BTC,1.0358427020983755e-07,2026-10-10T20:19:45.479372
2026-09-15 08:00,ETH,1.5255677582568677e-05,2026-10-10T20:19:45.479372
2026-09-15 09:00,BTC,9.453843535330812e-08,2026-10-10T20:19:45.479372
2026-09-15 09:00,ETH,7.579078873063543e-06,2026-10-10T20:19:45.479372
2026-09-15 10:00,BTC,1.5083078022269606e-07,2026-10-10T20:19:45.479372
2026-09-15 10:00,ETH,6.412489547527572e-06,2026-10-10T20:19:45.479372
2026-09-15 11:00,BTC,1.538726980207801e-07,2026-10-10T20:19:45.479372
2026-09-15 11:00,ETH,1.9620316146179107e-06,2026-10-10T20:19:45.479372
2026-09-15 12:00,BTC,4.2494748739910117e-07,2026-10-10T20:19:45.479372
2026-09-15 12:00,ETH,1.1037749087129971e-06,2026-10-10T20:19:45.479372
2026-09-15 13:00,BTC,7.466664546039069e-07,2026-10-10T20:19:45.479372
2026-09-15 13:00,ETH,1.1003376532149403e-06,2026-10-10T20:19:45.479372
2026-09-15 14:00,BTC,1.0646748243604589e-05,2026-10-10T20:19:45.479372
2026-09-15 14:00,ETH,1.81850989450705e-06,2026-10-10T20:19:45.479372
2026-09-15 15:00,BTC,2.7263255124717044e-05,2026-10-10T20:19:45.479372
2026-09-15 15:00,ETH,4.943695905281861e-06,2026-10-10T20:19:45.479372
2026-09-15 16:00,BTC,4.215715831234733e-05,2026-10-10T20:19:45.479372
2026-09-15 16:00,ETH,4.83992908077024e-06,2026-10-10T20:19:45.479372
2026-09-15 17:00,BTC,4.8036594416381126e-05,2026-10-10T20:19:45.479372
2026-09-15 17:00,ETH,4.223512068469106e-06,2026-10-10T20:19:45.479372
2026-09-15 18:00,BTC,5.3464201593618164e-05,2026-10-10T20:19:45.479372
2026-09-15 18:00,ETH,1.228239746226573e-05,2026-10-10T20:19:45.479372
2026-09-15 19:00,BTC,6.022583482457189e-05,2026-10-10T20:19:45.479372
2026-09-15 19:00,ETH,9.27799841868349e-06,2026-10-10T20:19:45.479372
2026-09-15 20:00,BTC,6.421143078686683e-05,2026-10-10T20:19:45.479372
2026-09-15 20:00,ETH,9.9706293966669e-06,2026-10-10T20:19:45.479372
2026-09-15 21:00,BTC,6.87607996564529e-05,2026-10-10T20:19:45.479372
2026-09-15 21:00,ETH,1.1592961325424098e-05,2026-10-10T20:19:45.479372
2026-09-15 22:00,BTC,6.222107816012816e-05,2026-10-10T20:19:45.479372
2026-09-15 22:00,ETH,1.4334721870717699e-05,2026-10-10T20:19:45.479372
2026-09-15 23:00,BTC,4.994930385329923e-05,2026-10-10T20:19:45.479372
2026-09-15 23:00,ETH,2.1004974796336997e-05,2026-10-10T20:19:45.479372
2026-09-16 00:00,BTC,4.156299357808077e-05,2026-10-10T20:19:45.479372
2026-09-16 00:00,ETH,2.977794441770752e-05,2026-10-10T20:19:45.479372
2026-09-16 01:00,BTC,3.856061655588455e-05,2026-10-10T20:19:45.479372
2026-09-16 01:00,ETH,3.975505202725058e-05,2026-10-10T20:19:45.479372
2026-09-16 02:00,BTC,3.399309829815932e-05,2026-10-10T20:19:45.479372
2026-09-16 02:00,ETH,3.908783426069687e-05,2026-10-10T20:19:45.479372
2026-09-16 03:00,BTC,2.9467995935111976e-05,2026-10-10T20:19:45.479372
2026-09-16 03:00,ETH,5.160327691449153e-05,2026-10-10T20:19:45.479372
2026-09-16 04:00,BTC,2.509468332700893e-05,2026-10-10T20:19:45.479372
2026-09-16 04:00,ETH,5.8016793976587386e-05,2026-10-10T20:19:45.479372
2026-09-16 05:00,BTC,2.0808214187973457e-05,2026-10-10T20:19:45.479372
2026-09-16 05:00,ETH,6.138272919293974e-05,2026-10-10T20:19:45.479372
2026-09-16 06:00,BTC,1.8639625397300125e-05,2026-10-10T20:19:45.479372
2026-09-16 06:00,ETH,6.290171044582424e-05,2026-10-10T20:19:45.479372
2026-09-16 07:00,BTC,2.3410628893802938e-05,2026-10-10T20:19:45.479372
2026-09-16 07:00,ETH,5.87930724322703e-05,2026-10-10T20:19:45.479372
2026-09-16 08:00,BTC,3.070988031338696e-05,2026-10-10T20:19:45.479372
2026-09-16 08:00,ETH,5.226630676265107e-05,2026-10-10T20:19:45.479372
2026-09-16 09:00,BTC,4.190594666998652e-05,2026-10-10T20:19:45.479372
2026-09-16 09:00,ETH,4.260184656105453e-05,2026-10-10T20:19:45.479372
2026-09-16 10:00,BTC,5.7018741877471905e-05,2026-10-10T20:19:45.479372
2026-09-16 10:00,ETH,3.549064475830996e-05,2026-10-10T20:19:45.479372
2026-09-16 11:00,BTC,6.2654055756879e-05,2026-10-10T20:19:45.479372
2026-09-16 11:00,ETH,2.5382990417670994e-05,2026-10-10T20:19:45.479372
2026-09-16 12:00,BTC,7.1429158784343e-05,2026-10-10T20:19:45.479372
2026-09-16 12:00,ETH,1.829647830475196e-05,2026-10-10T20:19:45.479372
2026-09-16 13:00,BTC,7.502496326072766e-05,2026-10-10T20:19:45.479372
2026-09-16 13:00,ETH,1.328450119140202e-05,2026-10-10T20:19:45.479372
2026-09-16 14:00,BTC,7.622115085641924e-05,2026-10-10T20:19:45.479372
2026-09-16 14:00,ETH,8.785712762397357e-06,2026-10-10T20:19:45.479372
2026-09-16 15:00,BTC,7.647046994369194e-05,2026-10-10T20:19:45.479372
2026-09-16 15:00,ETH,9.101544438636884e-06,2026-10-10T20:19:45.479372
2026-09-16 16:00,BTC,7.739478272753857e-05,2026-10-10T20:19:45.479372
2026-09-16 16:00,ETH,9.715902158195043e-06,2026-10-10T20:19:45.479372
2026-09-16 17:00,BTC,7.544066366011608e-05,2026-10-10T20:19:45.479372
2026-09-16 17:00,ETH,1.356349102516219e-05,2026-10-10T20:19:45.479372
2026-09-16 18:00,BTC,7.353881033500545e-05,2026-10-10T20:19:45.479372
2026-09-16 18:00,ETH,2.103997924521808e-05,2026-10-10T20:19:45.479372
2026-09-16 19:00,BTC,7.523071299343458e-05,2026-10-10T20:19:45.479372
2026-09-16 19:00,ETH,2.463011312004832e-05,2026-10-10T20:19:45.479372
2026-09-16 20:00,BTC,7.62803182929565e-05,2026-10-10T20:19:45.479372
2026-09-16 20:00,ETH,2.9561430183953513e-05,2026-10-10T20:19:45.479372
2026-09-16 21:00,BTC,7.942627026163318e-05,2026-10-10T20:19:45.479372
2026-09-16 21:00,ETH,3.086052812511331e-05,2026-10-10T20:19:45.479372
2026-09-16 22:00,BTC,7.853514408319235e-05,2026-10-10T20:19:45.479372
2026-09-16 22:00,ETH,2.986810122367898e-05,2026-10-10T20:19:45.479372
2026-09-16 23:00,BTC,7.86466130262243e-05,2026-10-10T20:19:45.479372
2026-09-16 23:00,ETH,2.377943203640881e-05,2026-10-10T20:19:45.479372
2026-09-17 00:00,BTC,7.977153772848422e-05,2026-10-10T20:19:45.479372
2026-09-17 00:00,ETH,2.1305794757279187e-05,2026-10-10T20:19:45.479372
2026-09-17 01:00,BTC,6.992481885236327e-05,2026-10-10T20:19:45.479372
2026-09-17 01:00,ETH,1.7491061013085086e-05,2026-10-10T20:19:45.479372
2026-09-17 02:00,BTC,5.63814432491872e-05,2026-10-10T20:19:45.479372
2026-09-17 02:00,ETH,1.3210679243901417e-05,2026-10-10T20:19:45.479372
2026-09-17 03:00,BTC,5.314329514002545e-05,2026-10-10T20:19:45.479372
2026-09-17 03:00,ETH,1.1966527712792527e-05,2026-10-10T20:19:45.479372
2026-09-17 04:00,BTC,5.411717834379619e-05,2026-10-10T20:19:45.479372
2026-09-17 04:00,ETH,1.595128169924029e-05,2026-10-10T20:19:45.479372
2026-09-17 05:00,BTC,5.609753521692917e-05,2026-10-10T20:19:45.479372
2026-09-17 05:00,ETH,2.859929567096824e-05,2026-10-10T20:19:45.479372
2026-09-17 06:00,BTC,6.502603015406338e-05,2026-10-10T20:19:45.479372
2026-09-17 06:00,ETH,4.362901453735004e-05,2026-10-10T20:19:45.479372
2026-09-17 07:00,BTC,6.967782666290882e-05,2026-10-10T20:19:45.479372
2026-09-17 07:00,ETH,5.9469154234655174e-05,2026-10-10T20:19:45.479372
2026-09-17 08:00,BTC,6.672620302919049e-05,2026-10-10T20:19:45.479372
2026-09-17 08:00,ETH,7.62315161431498e-05,2026-10-10T20:19:45.479372
2026-09-17 09:00,BTC,7.76977563925675e-05,2026-10-10T20:19:45.479372
2026-09-17 09:00,ETH,8.117559697236577e-05,2026-10-10T20:19:45.479372
2026-09-17 10:00,BTC,8.528084595225838e-05,2026-10-10T20:19:45.479372
2026-09-17 10:00,ETH,8.049181725033782e-05,2026-10-10T20:19:45.479372
2026-09-17 11:00,BTC,8.451694890644248e-05,2026-10-10T20:19:45.479372
2026-09-17 11:00,ETH,8.777596036811727e-05,2026-10-10T20:19:45.479372
2026-09-17 12:00,BTC,9.084313602648603e-05,2026-10-10T20:19:45.479372
2026-09-17 12:00,ETH,8.338799930459215e-05,2026-10-10T20:19:45.479372
2026-09-17 13:00,BTC,9.37194253410717e-05,2026-10-10T20:19:45.479372
2026-09-17 13:00,ETH,7.134172158529216e-05,2026-10-10T20:19:45.479372
2026-09-17 14:00,BTC,9.35046647047203e-05,2026-10-10T20:19:45.479372
2026-09-17 14:00,ETH,5.628303229232081e-05,2026-10-10T20:19:45.479372
2026-09-17 15:00,BTC,8.764324197515255e-05,2026-10-10T20:19:45.479372
2026-09-17 15:00,ETH,4.0006746160764594e-05,2026-10-10T20:19:45.479372
2026-09-17 16:00,BTC,8.559132216093103e-05,2026-10-10T20:19:45.479372
2026-09-17 16:00,ETH,2.4559139844309818e-05,2026-10-10T20:19:45.479372
2026-09-17 17:00,BTC,7.27698323589228e-05,2026-10-10T20:19:45.479372
2026-09-17 17:00,ETH,1.968131918544542e-05,2026-10-10T20:19:45.479372
2026-09-17 18:00,BTC,6.47977189344428e-05,2026-10-10T20:19:45.479372
2026-09-17 18:00,ETH,1.7398031892742026e-05,2026-10-10T20:19:45.479372
2026-09-17 19:00,BTC,5.9050298488331313e-05,2026-10-10T20:19:45.479372
2026-09-17 19:00,ETH,7.782837314263895e-06,2026-10-10T20:19:45.479372
2026-09-17 20:00,BTC,4.245971844955805e-05,2026-10-10T20:19:45.479372
2026-09-17 20:00,ETH,3.673705428655734e-06,2026-10-10T20:19:45.479372
2026-09-17 21:00,BTC,3.057111401517224e-05,2026-10-10T20:19:45.479372
2026-09-17 21:00,ETH,1.579259513796096e-06,2026-10-10T20:19:45.479372
2026-09-17 22:00,BTC,2.0099529886831934e-05,2026-10-10T20:19:45.479372
2026-09-17 22:00,ETH,7.896600774477923e-06,2026-10-10T20:19:45.479372
2026-09-17 23:00,BTC,1.368520250874786e-05,2026-10-10T20:19:45.479372
2026-09-17 23:00,ETH,1.0720502574647743e-05,2026-10-10T20:19:45.479372
2026-09-18 00:00,BTC,4.932473668173491e-06,2026-10-10T20:19:45.479372
2026-09-18 00:00,ETH,1.2743037030701659e-05,2026-10-10T20:19:45.479372
2026-09-18 01:00,BTC,5.91821175553615e-06,2026-10-10T20:19:45.479372
2026-09-18 01:00,ETH,1.8400999547511536e-05,2026-10-10T20:19:45.479372
2026-09-18 02:00,BTC,6.58893789986428e-06,2026-10-10T20:19:45.479372
2026-09-18 02:00,ETH,2.247594281248464e-05,2026-10-10T20:19:45.479372
2026-09-18 03:00,BTC,6.671087826985443e-06,2026-10-10T20:19:45.479372
2026-09-18 03:00,ETH,2.7870519635097032e-05,2026-10-10T20:19:45.479372
2026-09-18 04:00,BTC,6.822794509797774e-06,2026-10-10T20:19:45.479372
2026-09-18 04:00,ETH,3.317975658581728e-05,2026-10-10T20:19:45.479372
2026-09-18 05:00,BTC,6.785927012442097e-06,2026-10-10T20:19:45.479372
2026-09-18 05:00,ETH,4.182526916236963e-05,2026-10-10T20:19:45.479372
2026-09-18 06:00,BTC,5.902747218408441e-06,2026-10-10T20:19:45.479372
2026-09-18 06:00,ETH,4.600963950901746e-05,2026-10-10T20:19:45.479372
2026-09-18 07:00,BTC,3.846074430320492e-06,2026-10-10T20:19:45.479372
2026-09-18 07:00,ETH,5.6133714235360585e-05,2026-10-10T20:19:45.479372
2026-09-18 08:00,BTC,6.8077191684220606e-06,2026-10-10T20:19:45.479372
2026-09-18 08:00,ETH,6.611145042733266e-05,2026-10-10T20:19:45.479372
2026-09-18 09:00,BTC,1.3425642983165611e-05,2026-10-10T20:19:45.479372
2026-09-18 09:00,ETH,9.895531095949487e-05,2026-10-10T20:19:45.479372
2026-09-18 10:00,BTC,1.673297515919286e-05,2026-10-10T20:19:45.479372
2026-09-18 10:00,ETH,0.00013882206384625026,2026-10-10T20:19:45.479372
2026-09-18 11:00,BTC,2.579665216987847e-05,2026-10-10T20:19:45.479372
2026-09-18 11:00,ETH,0.0001751784835241927,2026-10-10T20:19:45.479372
2026-09-18 12:00,BTC,3.092680502369444e-05,2026-10-10T20:19:45.479372
2026-09-18 12:00,ETH,0.0002056370209432498,2026-10-10T20:19:45.479372
2026-09-18 13:00,BTC,3.6739789262843614e-05,2026-10-10T20:19:45.479372
2026-09-18 13:00,ETH,0.0002214517886279175,2026-10-10T20:19:45.479372
2026-09-18 14:00,BTC,3.8243565569141006e-05,2026-10-10T20:19:45.479372
2026-09-18 14:00,ETH,0.0002301013171291357,2026-10-10T20:19:45.479372
2026-09-18 15:00,BTC,4.4877765501563e-05,2026-10-10T20:19:45.479372
2026-09-18 15:00,ETH,0.00022969844491775538,2026-10-10T20:19:45.479372
2026-09-18 16:00,BTC,4.60543338752805e-05,2026-10-10T20:19:45.479372
2026-09-18 16:00,ETH,0.00022515602846213094,2026-10-10T20:19:45.479372
2026-09-18 17:00,BTC,3.868756065696137e-05,2026-10-10T20:19:45.479372
2026-09-18 17:00,ETH,0.0001897714300324903,2026-10-10T20:19:45.479372
2026-09-18 18:00,BTC,3.580483072993483e-05,2026-10-10T20:19:45.479372
2026-09-18 18:00,ETH,0.0001523256556972171,2026-10-10T20:19:45.479372
2026-09-18 19:00,BTC,2.7290827967595894e-05,2026-10-10T20:19:45.479372
2026-09-18 19:00,ETH,0.00012106371471177928,2026-10-10T20:19:45.479372
2026-09-18 20:00,BTC,2.2167567384856962e-05,2026-10-10T20:19:45.479372
2026-09-18 20:00,ETH,9.63184414104544e-05,2026-10-10T20:19:45.479372
2026-09-18 21:00,BTC,1.7142662987727607e-05,2026-10-10T20:19:45.479372
2026-09-18 21:00,ETH,7.479438917324779e-05,2026-10-10T20:19:45.479372
2026-09-18 22:00,BTC,1.839138221989888e-05,2026-10-10T20:19:45.479372
2026-09-18 22:00,ETH,6.014159878751232e-05,2026-10-10T20:19:45.479372
2026-09-18 23:00,BTC,1.4494098114645884e-05,2026-10-10T20:19:45.479372
2026-09-18 23:00,ETH,5.657005023832897e-05,2026-10-10T20:19:45.479372
2026-09-19 00:00,BTC,1.5034920231654931e-05,2026-10-10T20:19:45.479372
2026-09-19 00:00,ETH,5.346674035460128e-05,2026-10-10T20:19:45.479372
2026-09-19 01:00,BTC,2.6686981047242157e-05,2026-10-10T20:19:45.479372
2026-09-19 01:00,ETH,5.5269090075927385e-05,2026-10-10T20:19:45.479372
2026-09-19 02:00,BTC,3.2175763676025774e-05,2026-10-10T20:19:45.479372
2026-09-19 02:00,ETH,5.110017355257454e-05,2026-10-10T20:19:45.479372
2026-09-19 03:00,BTC,3.6067743682446786e-05,2026-10-10T20:19:45.479372
2026-09-19 03:00,ETH,4.3354651547843786e-05,2026-10-10T20:19:45.479372
2026-09-19 04:00,BTC,3.6057994947887334e-05,2026-10-10T20:19:45.479372
2026-09-19 04:00,ETH,3.855660150421108e-05,2026-10-10T20:19:45.479372
2026-09-19 05:00,BTC,3.5647230139851945e-05,2026-10-10T20:19:45.479372
2026-09-19 05:00,ETH,5.054569502433272e-05,2026-10-10T20:19:45.479372
2026-09-19 06:00,BTC,3.3250907154916474e-05,2026-10-10T20:19:45.479372
2026-09-19 06:00,ETH,5.933110078961675e-05,2026-10-10T20:19:45.479372
2026-09-19 07:00,BTC,3.042713742788098e-05,2026-10-10T20:19:45.479372
2026-09-19 07:00,ETH,6.611329704329705e-05,2026-10-10T20:19:45.479372
2026-09-19 08:00,BTC,2.796231408147732e-05,2026-10-10T20:19:45.479372
2026-09-19 08:00,ETH,7.206952439026437e-05,2026-10-10T20:19:45.479372
2026-09-19 09:00,BTC,1.6498935620634056e-05,2026-10-10T20:19:45.479372
2026-09-19 09:00,ETH,8.401865489911152e-05,2026-10-10T20:19:45.479372
2026-09-19 10:00,BTC,1.1275199896911889e-05,2026-10-10T20:19:45.479372
2026-09-19 10:00,ETH,0.00010598484708056398,2026-10-10T20:19:45.479372
2026-09-19 11:00,BTC,1.5807421913028138e-05,2026-10-10T20:19:45.479372
2026-09-19 11:00,ETH,0.00012152926064307419,2026-10-10T20:19:45.479372
2026-09-19 12:00,BTC,3.469578252220678e-05,2026-10-10T20:19:45.479372
2026-09-19 12:00,ETH,0.00013302449668606116,2026-10-10T20:19:45.479372
2026-09-19 13:00,BTC,6.15738809148031e-05,2026-10-10T20:19:45.479372
2026-09-19 13:00,ETH,0.00013616510887512332,2026-10-10T20:19:45.479372
2026-09-19 14:00,BTC,8.025076202027616e-05,2026-10-10T20:19:45.479372
2026-09-19 14:00,ETH,0.00013490860457026507,2026-10-10T20:19:45.479372
2026-09-19 15:00,BTC,9.358783100634032e-05,2026-10-10T20:19:45.479372
2026-09-19 15:00,ETH,0.00012685642664849497,2026-10-10T20:19:45.479372
2026-09-19 16:00,BTC,0.00011263407089460153,2026-10-10T20:19:45.479372
2026-09-19 16:00,ETH,0.00012316947976199973,2026-10-10T20:19:45.479372
2026-09-19 17:00,BTC,0.00014181220926685233,2026-10-10T20:19:45.479372
2026-09-19 17:00,ETH,0.00011498885704324816,2026-10-10T20:19:45.479372
2026-09-19 18:00,BTC,0.00017088619799011937,2026-10-10T20:19:45.479372
2026-09-19 18:00,ETH,9.584723529923776e-05,2026-10-10T20:19:45.479372
2026-09-19 19:00,BTC,0.0001859151997097963,2026-10-10T20:19:45.479372
2026-09-19 19:00,ETH,8.179322991155668e-05,2026-10-10T20:19:45.479372
2026-09-19 20:00,BTC,0.00019287922787189398,2026-10-10T20:19:45.479372
2026-09-19 20:00,ETH,6.933421037600714e-05,2026-10-10T20:19:45.479372
2026-09-19 21:00,BTC,0.00019384252058287472,2026-10-10T20:19:45.479372
2026-09-19 21:00,ETH,5.634545441902434e-05,2026-10-10T20:19:45.479372
2026-09-19 22:00,BTC,0.00020037536421028146,2026-10-10T20:19:45.479372
2026-09-19 22:00,ETH,5.3670851915219276e-05,2026-10-10T20:19:45.479372
2026-09-19 23:00,BTC,0.0002110867228833884,2026-10-10T20:19:45.479372
2026-09-19 23:00,ETH,5.720359076383868e-05,2026-10-10T20:19:45.479372
2026-09-20 00:00,BTC,0.00020390510396112773,2026-10-10T20:19:45.479372
2026-09-20 00:00,ETH,5.7496587597330906e-05,2026-10-10T20:19:45.479372
2026-09-20 01:00,BTC,0.0001866800598579058,2026-10-10T20:19:45.479372
2026-09-20 01:00,ETH,5.689238691772024e-05,2026-10-10T20:19:45.479372
2026-09-20 02:00,BTC,0.00017209580603703834,2026-10-10T20:19:45.479372
2026-09-20 02:00,ETH,6.146740651001612e-05,2026-10-10T20:19:45.479372
2026-09-20 03:00,BTC,0.00016377878201952157,2026-10-10T20:19:45.479372
2026-09-20 03:00,ETH,6.643979226839351e-05,2026-10-10T20:19:45.479372
2026-09-20 04:00,BTC,0.00015410304928169024,2026-10-10T20:19:45.479372
2026-09-20 04:00,ETH,7.193822837574639e-05,2026-10-10T20:19:45.479372
2026-09-20 05:00,BTC,0.00013640125860698012,2026-10-10T20:19:45.479372
2026-09-20 05:00,ETH,7.753203710242286e-05,2026-10-10T20:19:45.479372
2026-09-20 06:00,BTC,0.00011438115897154783,2026-10-10T20:19:45.479372
2026-09-20 06:00,ETH,7.781555642200754e-05,2026-10-10T20:19:45.479372
2026-09-20 07:00,BTC,9.32111909045898e-05,2026-10-10T20:19:45.479372
2026-09-20 07:00,ETH,7.694753056658452e-05,2026-10-10T20:19:45.479372
2026-09-20 08:00,BTC,8.225487389838831e-05,2026-10-10T20:19:45.479372
2026-09-20 08:00,ETH,7.456524386515432e-05,2026-10-10T20:19:45.479372
2026-09-20 09:00,BTC,7.930890611540408e-05,2026-10-10T20:19:45.479372
2026-09-20 09:00,ETH,7.978636340084812e-05,2026-10-10T20:19:45.479372
2026-09-20 10:00,BTC,7.711337096560992e-05,2026-10-10T20:19:45.479372
2026-09-20 10:00,ETH,8.77463944839381e-05,2026-10-10T20:19:45.479372
2026-09-20 11:00,BTC,7.764449418518562e-05,2026-10-10T20:19:45.479372
2026-09-20 11:00,ETH,9.63716774064675e-05,2026-10-10T20:19:45.479372
2026-09-20 12:00,BTC,7.064469331448168e-05,2026-10-10T20:19:45.479372
2026-09-20 12:00,ETH,0.00011160506558638046,2026-10-10T20:19:45.479372
2026-09-20 13:00,BTC,6.356288774768103e-05,2026-10-10T20:19:45.479372
2026-09-20 13:00,ETH,0.00012252709044202468,2026-10-10T20:19:45.479372
2026-09-20 14:00,BTC,6.371065529221617e-05,2026-10-10T20:19:45.479372
2026-09-20 14:00,ETH,0.00012284054385417018,2026-10-10T20:19:45.479372
2026-09-20 15:00,BTC,6.88962968161614e-05,2026-10-10T20:19:45.479372
2026-09-20 15:00,ETH,0.00012114369591773651,2026-10-10T20:19:45.479372
2026-09-20 16:00,BTC,6.66477755274478e-05,2026-10-10T20:19:45.479372
2026-09-20 16:00,ETH,0.00011683143648858954,2026-10-10T20:19:45.479372
2026-09-20 17:00,BTC,6.029910188939407e-05,2026-10-10T20:19:45.479372
2026-09-20 17:00,ETH,0.00010834941044314212,2026-10-10T20:19:45.479372
2026-09-20 18:00,BTC,4.613047154922585e-05,2026-10-10T20:19:45.479372
2026-09-20 18:00,ETH,8.972110834502614e-05,2026-10-10T20:19:45.479372
2026-09-20 19:00,BTC,2.895317790831924e-05,2026-10-10T20:19:45.479372
2026-09-20 19:00,ETH,7.274546883254228e-05,2026-10-10T20:19:45.479372
2026-09-20 20:00,BTC,2.0166039693856925e-05,2026-10-10T20:19:45.479372
2026-09-20 20:00,ETH,4.980393703222522e-05,2026-10-10T20:19:45.479372
2026-09-20 21:00,BTC,1.6317565552435866e-05,2026-10-10T20:19:45.479372
2026-09-20 21:00,ETH,2.9503503949875908e-05,2026-10-10T20:19:45.479372
2026-09-20 22:00,BTC,2.1706168309806666e-05,2026-10-10T20:19:45.479372
2026-09-20 22:00,ETH,2.5480530522948357e-05,2026-10-10T20:19:45.479372
2026-09-20 23:00,BTC,3.6030883677957935e-05,2026-10-10T20:19:45.479372
2026-09-20 23:00,ETH,2.6817059241333347e-05,2026-10-10T20:19:45.479372
2026-09-21 00:00,BTC,6.898573235100225e-05,2026-10-10T20:19:45.479372
2026-09-21 00:00,ETH,3.1069922088748486e-05,2026-10-10T20:19:45.479372
2026-09-21 01:00,BTC,8.781083552872001e-05,2026-10-10T20:19:45.479372
2026-09-21 01:00,ETH,4.492833228867595e-05,2026-10-10T20:19:45.479372
2026-09-21 02:00,BTC,0.00010114521721396789,2026-10-10T20:19:45.479372
2026-09-21 02:00,ETH,6.013199952209601e-05,2026-10-10T20:19:45.479372
2026-09-21 03:00,BTC,0.00010371487903415066,2026-10-10T20:19:45.479372
2026-09-21 03:00,ETH,6.603727326679528e-05,2026-10-10T20:19:45.479372
2026-09-21 04:00,BTC,0.00011046528378782991,2026-10-10T20:19:45.479372
2026-09-21 04:00,ETH,6.72517759634858e-05,2026-10-10T20:19:45.479372
2026-09-21 05:00,BTC,0.00012481206782948598,2026-10-10T20:19:45.479372
2026-09-21 05:00,ETH,7.03467219935932e-05,2026-10-10T20:19:45.479372
2026-09-21 06:00,BTC,0.00012973621148278065,2026-10-10T20:19:45.479372
2026-09-21 06:00,ETH,7.10388295675476e-05,2026-10-10T20:19:45.479372
2026-09-21 07:00,BTC,0.00013658976022454478,2026-10-10T20:19:45.479372
2026-09-21 07:00,ETH,6.614351928946356e-05,2026-10-10T20:19:45.479372
2026-09-21 08:00,BTC,0.00013995038274644038,2026-10-10T20:19:45.479372
2026-09-21 08:00,ETH,7.076805693871817e-05,2026-10-10T20:19:45.479372
2026-09-21 09:00,BTC,0.00016358548790041766,2026-10-10T20:19:45.479372
2026-09-21 09:00,ETH,8.051059893681944e-05,2026-10-10T20:19:45.479372
2026-09-21 10:00,BTC,0.00018198099701835163,2026-10-10T20:19:45.479372
2026-09-21 10:00,ETH,8.886154409696518e-05,2026-10-10T20:19:45.479372
2026-09-21 11:00,BTC,0.00021220497533976142,2026-10-10T20:19:45.479372
2026-09-21 11:00,ETH,0.00010935466431707112,2026-10-10T20:19:45.479372
2026-09-21 12:00,BTC,0.0002395272313648811,2026-10-10T20:19:45.479372
2026-09-21 12:00,ETH,0.0001236690997657734,2026-10-10T20:19:45.479372
2026-09-21 13:00,BTC,0.0002613239713876678,2026-10-10T20:19:45.479372
2026-09-21 13:00,ETH,0.0001301029310727333,2026-10-10T20:19:45.479372
2026-09-21 14:00,BTC,0.0002852417972789086,2026-10-10T20:19:45.479372
2026-09-21 14:00,ETH,0.0001429242575973384,2026-10-10T20:19:45.479372
2026-09-21 15:00,BTC,0.00030281097749137347,2026-10-10T20:19:45.479372
2026-09-21 15:00,ETH,0.00016079413303182884,2026-10-10T20:19:45.479372
2026-09-21 16:00,BTC,0.0002979137013521409,2026-10-10T20:19:45.479372
2026-09-21 16:00,ETH,0.00016808803826616847,2026-10-10T20:19:45.479372
2026-09-21 17:00,BTC,0.00027721358054543204,2026-10-10T20:19:45.479372
2026-09-21 17:00,ETH,0.0001549785279113269,2026-10-10T20:19:45.479372
2026-09-21 18:00,BTC,0.00026424722155777235,2026-10-10T20:19:45.479372
2026-09-21 18:00,ETH,0.00013827006587680408,2026-10-10T20:19:45.479372
2026-09-21 19:00,BTC,0.0002541636522440401,2026-10-10T20:19:45.479372
2026-09-21 19:00,ETH,0.00011221232033845139,2026-10-10T20:19:45.479372
2026-09-21 20:00,BTC,0.00024621029646465585,2026-10-10T20:19:45.479372
2026-09-21 20:00,ETH,9.542413824087992e-05,2026-10-10T20:19:45.479372
2026-09-21 21:00,BTC,0.00022081298146884158,2026-10-10T20:19:45.479372
2026-09-21 21:00,ETH,9.885950948109612e-05,2026-10-10T20:19:45.479372
2026-09-21 22:00,BTC,0.00018277918674599396,2026-10-10T20:19:45.479372
2026-09-21 22:00,ETH,9.114942480616284e-05,2026-10-10T20:19:45.479372
2026-09-21 23:00,BTC,0.00013726458189297397,2026-10-10T20:19:45.479372
2026-09-21 23:00,ETH,7.676996029085067e-05,2026-10-10T20:19:45.479372
2026-09-22 00:00,BTC,0.00011320033157387773,2026-10-10T20:19:45.479372
2026-09-22 00:00,ETH,6.945119130753266e-05,2026-10-10T20:19:45.479372
2026-09-22 01:00,BTC,0.00010857086473843239,2026-10-10T20:19:45.479372
2026-09-22 01:00,ETH,7.504571811463942e-05,2026-10-10T20:19:45.479372
2026-09-22 02:00,BTC,0.00011035892007650523,2026-10-10T20:19:45.479372
2026-09-22 02:00,ETH,8.239827988557933e-05,2026-10-10T20:19:45.479372
2026-09-22 03:00,BTC,0.00010090865263191535,2026-10-10T20:19:45.479372
2026-09-22 03:00,ETH,9.998811237904905e-05,2026-10-10T20:19:45.479372
2026-09-22 04:00,BTC,9.255291598180399e-05,2026-10-10T20:19:45.479372
2026-09-22 04:00,ETH,0.00011437966995194425,2026-10-10T20:19:45.479372
2026-09-22 05:00,BTC,8.961651847571172e-05,2026-10-10T20:19:45.479372
2026-09-22 05:00,ETH,0.00011120756378602592,2026-10-10T20:19:45.479372
2026-09-22 06:00,BTC,0.0001026166043366695,2026-10-10T20:19:45.479372
2026-09-22 06:00,ETH,0.00010795999939864242,2026-10-10T20:19:45.479372
2026-09-22 07:00,BTC,0.00011145794787146861,2026-10-10T20:19:45.479372
2026-09-22 07:00,ETH,9.933186642724839e-05,2026-10-10T20:19:45.479372
2026-09-22 08:00,BTC,0.0001145540202381286,2026-10-10T20:19:45.479372
2026-09-22 08:00,ETH,8.931398585845857e-05,2026-10-10T20:19:45.479372
2026-09-22 09:00,BTC,0.00011908641939463875,2026-10-10T20:19:45.479372
2026-09-22 09:00,ETH,7.509566320787123e-05,2026-10-10T20:19:45.479372
2026-09-22 10:00,BTC,0.00013218573276617312,2026-10-10T20:19:45.479372
2026-09-22 10:00,ETH,6.937653424947458e-05,2026-10-10T20:19:45.479372
2026-09-22 11:00,BTC,0.00014362135186019606,2026-10-10T20:19:45.479372
2026-09-22 11:00,ETH,5.917769170552696e-05,2026-10-10T20:19:45.479372
2026-09-22 12:00,BTC,0.0001534397429380264,2026-10-10T20:19:45.479372
2026-09-22 12:00,ETH,5.4310481592057256e-05,2026-10-10T20:19:45.479372
2026-09-22 13:00,BTC,0.00016709576622432186,2026-10-10T20:19:45.479372
2026-09-22 13:00,ETH,5.1271791150889204e-05,2026-10-10T20:19:45.479372
2026-09-22 14:00,BTC,0.0001661204454487672,2026-10-10T20:19:45.479372
2026-09-22 14:00,ETH,4.732289574504476e-05,2026-10-10T20:19:45.479372
2026-09-22 15:00,BTC,0.00016517808787367297,2026-10-10T20:19:45.479372
2026-09-22 15:00,ETH,5.124565647375468e-05,2026-10-10T20:19:45.479372
2026-09-22 16:00,BTC,0.00016383136528435306,2026-10-10T20:19:45.479372
2026-09-22 16:00,ETH,5.292790255340739e-05,2026-10-10T20:19:45.479372
2026-09-22 17:00,BTC,0.00015470805392670258,2026-10-10T20:19:45.479372
2026-09-22 17:00,ETH,5.2455368526311435e-05,2026-10-10T20:19:45.479372
2026-09-22 18:00,BTC,0.0001198125430719637,2026-10-10T20:19:45.479372
2026-09-22 18:00,ETH,4.333316644385549e-05,2026-10-10T20:19:45.479372
2026-09-22 19:00,BTC,0.00011931710362746529,2026-10-10T20:19:45.479372
2026-09-22 19:00,ETH,3.324903615056396e-05,2026-10-10T20:19:45.479372
2026-09-22 20:00,BTC,9.629842896460196e-05,2026-10-10T20:19:45.479372
2026-09-22 20:00,ETH,2.3796058812725947e-05,2026-10-10T20:19:45.479372
2026-09-22 21:00,BTC,7.401435068141385e-05,2026-10-10T20:19:45.479372
2026-09-22 21:00,ETH,1.793812963368964e-05,2026-10-10T20:19:45.479372
2026-09-22 22:00,BTC,6.906129859409667e-05,2026-10-10T20:19:45.479372
2026-09-22 22:00,ETH,1.5073771073979194e-05,2026-10-10T20:19:45.479372
2026-09-22 23:00,BTC,6.373502734591222e-05,2026-10-10T20:19:45.479372
2026-09-22 23:00,ETH,1.7324510329848264e-05,2026-10-10T20:19:45.479372
2026-09-23 00:00,BTC,5.88300165848001e-05,2026-10-10T20:19:45.479372
2026-09-23 00:00,ETH,2.4166297895090545e-05,2026-10-10T20:19:45.479372
2026-09-23 01:00,BTC,9.009151653008586e-05,2026-10-10T20:19:45.479372
2026-09-23 01:00,ETH,3.311475945602117e-05,2026-10-10T20:19:45.479372
2026-09-23 02:00,BTC,0.00011673202089152345,2026-10-10T20:19:45.479372
2026-09-23 02:00,ETH,3.720540920537473e-05,2026-10-10T20:19:45.479372
2026-09-23 03:00,BTC,0.00011407734337337082,2026-10-10T20:19:45.479372
2026-09-23 03:00,ETH,4.3236573929279845e-05,2026-10-10T20:19:45.479372
2026-09-23 04:00,BTC,0.0001269191050980474,2026-10-10T20:19:45.479372
2026-09-23 04:00,ETH,4.486653960408844e-05,2026-10-10T20:19:45.479372
2026-09-23 05:00,BTC,0.0001288363367110119,2026-10-10T20:19:45.479372
2026-09-23 05:00,ETH,4.273105151721532e-05,2026-10-10T20:19:45.479372
2026-09-23 06:00,BTC,0.00012667204750672475,2026-10-10T20:19:45.479372
2026-09-23 06:00,ETH,3.973500355535998e-05,2026-10-10T20:19:45.479372
2026-09-23 07:00,BTC,0.0001397008896383598,2026-10-10T20:19:45.479372
2026-09-23 07:00,ETH,3.3619465043134485e-05,2026-10-10T20:19:45.479372
2026-09-23 08:00,BTC,0.00016127013755974794,2026-10-10T20:19:45.479372
2026-09-23 08:00,ETH,2.8616694551076996e-05,2026-10-10T20:19:45.479372
2026-09-23 09:00,BTC,0.00013819142476276486,2026-10-10T20:19:45.479372
2026-09-23 09:00,ETH,1.919672118585351e-05,2026-10-10T20:19:45.479372
2026-09-23 10:00,BTC,0.00011407766134597465,2026-10-10T20:19:45.479372
2026-09-23 10:00,ETH,1.8324441620556404e-05,2026-10-10T20:19:45.479372
2026-09-23 11:00,BTC,9.372917442390515e-05,2026-10-10T20:19:45.479372
2026-09-23 11:00,ETH,1.5585864690696013e-05,2026-10-10T20:19:45.479372
2026-09-23 12:00,BTC,9.01745642552489e-05,2026-10-10T20:19:45.479372
2026-09-23 12:00,ETH,2.4508108849553997e-05,2026-10-10T20:19:45.479372
2026-09-23 13:00,BTC,0.00010762134363727549,2026-10-10T20:19:45.479372
2026-09-23 13:00,ETH,4.047846644247864e-05,2026-10-10T20:19:45.479372
2026-09-23 14:00,BTC,0.0001134232846757706,2026-10-10T20:19:45.479372
2026-09-23 14:00,ETH,5.239245340264777e-05,2026-10-10T20:19:45.479372
2026-09-23 15:00,BTC,9.780714880049525e-05,2026-10-10T20:19:45.479372
2026-09-23 15:00,ETH,6.35281881030671e-05,2026-10-10T20:19:45.479372
2026-09-23 16:00,BTC,6.954981918694276e-05,2026-10-10T20:19:45.479372
2026-09-23 16:00,ETH,6.375142813878776e-05,2026-10-10T20:19:45.479372
2026-09-23 17:00,BTC,6.848595893660922e-05,2026-10-10T20:19:45.479372
2026-09-23 17:00,ETH,7.681350956911519e-05,2026-10-10T20:19:45.479372
2026-09-23 18:00,BTC,6.9595480670054e-05,2026-10-10T20:19:45.479372
2026-09-23 18:00,ETH,8.146812616125477e-05,2026-10-10T20:19:45.479372
2026-09-23 19:00,BTC,6.646912018942322e-05,2026-10-10T20:19:45.479372
2026-09-23 19:00,ETH,8.261919216817049e-05,2026-10-10T20:19:45.479372
2026-09-23 20:00,BTC,5.2734566674073124e-05,2026-10-10T20:19:45.479372
2026-09-23 20:00,ETH,7.434575393541483e-05,2026-10-10T20:19:45.479372
2026-09-23 21:00,BTC,3.417779037783704e-05,2026-10-10T20:19:45.479372
2026-09-23 21:00,ETH,5.93607906967255e-05,2026-10-10T20:19:45.479372
2026-09-23 22:00,BTC,2.2063699349209757e-05,2026-10-10T20:19:45.479372
2026-09-23 22:00,ETH,4.9577569154598386e-05,2026-10-10T20:19:45.479372
2026-09-23 23:00,BTC,2.13439917297861e-05,2026-10-10T20:19:45.479372
2026-09-23 23:00,ETH,3.927137791741219e-05,2026-10-10T20:19:45.479372
2026-09-24 00:00,BTC,3.140134589362467e-05,2026-10-10T20:19:45.479372
2026-09-24 00:00,ETH,3.87793088047036e-05,2026-10-10T20:19:45.479372
2026-09-24 01:00,BTC,2.761796467576519e-05,2026-10-10T20:19:45.479372
2026-09-24 01:00,ETH,2.6871204998701348e-05,2026-10-10T20:19:45.479372
2026-09-24 02:00,BTC,3.1259150721292225e-05,2026-10-10T20:19:45.479372
2026-09-24 02:00,ETH,2.1311756454689737e-05,2026-10-10T20:19:45.479372
2026-09-24 03:00,BTC,3.156704640356523e-05,2026-10-10T20:19:45.479372
2026-09-24 03:00,ETH,1.7669388726954952e-05,2026-10-10T20:19:45.479372
2026-09-24 04:00,BTC,4.07305112476505e-05,2026-10-10T20:19:45.479372
2026-09-24 04:00,ETH,1.5281852904736266e-05,2026-10-10T20:19:45.479372
2026-09-24 05:00,BTC,4.532997992222135e-05,2026-10-10T20:19:45.479372
2026-09-24 05:00,ETH,1.4483384914885664e-05,2026-10-10T20:19:45.479372
2026-09-24 06:00,BTC,4.632084176998666e-05,2026-10-10T20:19:45.479372
2026-09-24 06:00,ETH,1.3076933848227125e-05,2026-10-10T20:19:45.479372
2026-09-24 07:00,BTC,4.847354264583392e-05,2026-10-10T20:19:45.479372
2026-09-24 07:00,ETH,1.1662180268304381e-05,2026-10-10T20:19:45.479372
2026-09-24 08:00,BTC,3.7434798893018804e-05,2026-10-10T20:19:45.479372
2026-09-24 08:00,ETH,7.615180121057426e-06,2026-10-10T20:19:45.479372
2026-09-24 09:00,BTC,3.009054683227209e-05,2026-10-10T20:19:45.479372
2026-09-24 09:00,ETH,5.8351487509846015e-06,2026-10-10T20:19:45.479372
2026-09-24 10:00,BTC,2.2933400296642197e-05,2026-10-10T20:19:45.479372
2026-09-24 10:00,ETH,5.781295608245464e-06,2026-10-10T20:19:45.479372
2026-09-24 11:00,BTC,2.256789327577207e-05,2026-10-10T20:19:45.479372
2026-09-24 11:00,ETH,9.451138109647098e-06,2026-10-10T20:19:45.479372
2026-09-24 12:00,BTC,2.267651874165433e-05,2026-10-10T20:19:45.479372
2026-09-24 12:00,ETH,9.240393047242309e-06,2026-10-10T20:19:45.479372
2026-09-24 13:00,BTC,2.4812287575722498e-05,2026-10-10T20:19:45.479372
2026-09-24 13:00,ETH,9.223975452965417e-06,2026-10-10T20:19:45.479372
2026-09-24 14:00,BTC,4.115333241854312e-05,2026-10-10T20:19:45.479372
2026-09-24 14:00,ETH,1.184120924097304e-05,2026-10-10T20:19:45.479372
2026-09-24 15:00,BTC,4.398684088454599e-05,2026-10-10T20:19:45.479372
2026-09-24 15:00,ETH,1.5762393395306537e-05,2026-10-10T20:19:45.479372
2026-09-24 16:00,BTC,5.0136138873836126e-05,2026-10-10T20:19:45.479372
2026-09-24 16:00,ETH,1.672023846592014e-05,2026-10-10T20:19:45.479372
2026-09-24 17:00,BTC,4.7530056406199184e-05,2026-10-10T20:19:45.479372
2026-09-24 17:00,ETH,1.6530149423121885e-05,2026-10-10T20:19:45.479372
2026-09-24 18:00,BTC,4.9735653527650105e-05,2026-10-10T20:19:45.479372
2026-09-24 18:00,ETH,1.350827817239635e-05,2026-10-10T20:19:45.479372
2026-09-24 19:00,BTC,5.184457838513331e-05,2026-10-10T20:19:45.479372
2026-09-24 19:00,ETH,8.36444125404258e-06,2026-10-10T20:19:45.479372
2026-09-24 20:00,BTC,4.438381391994878e-05,2026-10-10T20:19:45.479372
2026-09-24 20:00,ETH,8.27760814787654e-06,2026-10-10T20:19:45.479372
2026-09-24 21:00,BTC,3.78218904200856e-05,2026-10-10T20:19:45.479372
2026-09-24 21:00,ETH,8.278557971941716e-06,2026-10-10T20:19:45.479372
2026-09-24 22:00,BTC,2.0456717861334655e-05,2026-10-10T20:19:45.479372
2026-09-24 22:00,ETH,5.460816472666953e-06,2026-10-10T20:19:45.479372
2026-09-24 23:00,BTC,1.3779262965226276e-05,2026-10-10T20:19:45.479372
2026-09-24 23:00,ETH,1.5716258583272687e-06,2026-10-10T20:19:45.479372
2026-09-25 00:00,BTC,7.016408320743562e-06,2026-10-10T20:19:45.479372
2026-09-25 00:00,ETH,6.746081846429229e-07,2026-10-10T20:19:45.479372
2026-09-25 01:00,BTC,6.651759799668065e-06,2026-10-10T20:19:45.479372
2026-09-25 01:00,ETH,6.754882373635392e-07,2026-10-10T20:19:45.479372
2026-09-25 02:00,BTC,4.172114576987516e-06,2026-10-10T20:19:45.479372
2026-09-25 02:00,ETH,6.7100751179743e-07,2026-10-10T20:19:45.479372
2026-09-25 03:00,BTC,2.1061623243886195e-06,2026-10-10T20:19:45.479372
2026-09-25 03:00,ETH,6.82432242636773e-07,2026-10-10T20:19:45.479372
2026-09-25 04:00,BTC,1.5957958472967738e-07,2026-10-10T20:19:45.479372
2026-09-25 04:00,ETH,6.84079195356806e-07,2026-10-10T20:19:45.479372
2026-09-25 05:00,BTC,1.5809931049057788e-07,2026-10-10T20:19:45.479372
2026-09-25 05:00,ETH,6.819906867457319e-07,2026-10-10T20:19:45.479372
2026-09-25 06:00,BTC,1.58039259795646e-07,2026-10-10T20:19:45.479372
2026-09-25 06:00,ETH,6.242444214146203e-09,2026-10-10T20:19:45.479372
2026-09-25 07:00,BTC,1.4823739647852289e-07,2026-10-10T20:19:45.479372
2026-09-25 07:00,ETH,1.513034716155363e-08,2026-10-10T20:19:45.479372
2026-09-25 08:00,BTC,-3.6808016807548196e-05,2026-10-10T20:19:45.479372
2026-09-25 08:00,ETH,1.5234670266237548e-08,2026-10-10T20:19:45.479372
2026-09-25 09:00,BTC,-4.628168137319108e-05,2026-10-10T20:19:45.479372
2026-09-25 09:00,ETH,4.928354454626574e-06,2026-10-10T20:19:45.479372
2026-09-25 10:00,BTC,-4.636928240048941e-05,2026-10-10T20:19:45.479372
2026-09-25 10:00,ETH,2.173588939347887e-05,2026-10-10T20:19:45.479372
2026-09-25 11:00,BTC,-4.615173843402098e-05,2026-10-10T20:19:45.479372
2026-09-25 11:00,ETH,3.8689937862331174e-05,2026-10-10T20:19:45.479372
2026-09-25 12:00,BTC,-4.6162356083706e-05,2026-10-10T20:19:45.479372
2026-09-25 12:00,ETH,4.3237173274812914e-05,2026-10-10T20:19:45.479372
2026-09-25 13:00,BTC,-4.615033517211114e-05,2026-10-10T20:19:45.479372
2026-09-25 13:00,ETH,4.411866816631099e-05,2026-10-10T20:19:45.479372
2026-09-25 14:00,BTC,-4.6139152188889576e-05,2026-10-10T20:19:45.479372
2026-09-25 14:00,ETH,4.416597747480334e-05,2026-10-10T20:19:45.479372
2026-09-25 15:00,BTC,-4.604541819604898e-05,2026-10-10T20:19:45.479372
2026-09-25 15:00,ETH,4.409496141968362e-05,2026-10-10T20:19:45.479372
2026-09-25 16:00,BTC,-9.225361515571414e-06,2026-10-10T20:19:45.479372
2026-09-25 16:00,ETH,4.40554624904629e-05,2026-10-10T20:19:45.479372
2026-09-25 17:00,BTC,-7.40196496175496e-08,2026-10-10T20:19:45.479372
2026-09-25 17:00,ETH,3.9451207416231514e-05,2026-10-10T20:19:45.479372
2026-09-25 18:00,BTC,3.521241251984751e-08,2026-10-10T20:19:45.479372
2026-09-25 18:00,ETH,2.2746866021547625e-05,2026-10-10T20:19:45.479372
2026-09-25 19:00,BTC,4.4436625007565466e-08,2026-10-10T20:19:45.479372
2026-09-25 19:00,ETH,5.521724474291516e-06,2026-10-10T20:19:45.479372
2026-09-25 20:00,BTC,4.436277343408686e-08,2026-10-10T20:19:45.479372
2026-09-25 20:00,ETH,9.487609071884466e-07,2026-10-10T20:19:45.479372
2026-09-25 21:00,BTC,4.429956051602909e-08,2026-10-10T20:19:45.479372
2026-09-25 21:00,ETH,7.791828463207608e-08,2026-10-10T20:19:45.479372
2026-09-25 22:00,BTC,4.169073293865851e-08,2026-10-10T20:19:45.479372
2026-09-25 22:00,ETH,6.263414622011206e-07,2026-10-10T20:19:45.479372
2026-09-25 23:00,BTC,4.173614900640863e-08,2026-10-10T20:19:45.479372
2026-09-25 23:00,ETH,5.99076124751184e-07,2026-10-10T20:19:45.479372
2026-09-26 00:00,BTC,4.1627510155361264e-08,2026-10-10T20:19:45.479372
2026-09-26 00:00,ETH,5.970824123526955e-07,2026-10-10T20:19:45.479372
2026-09-26 01:00,BTC,4.1601987527636473e-08,2026-10-10T20:19:45.479372
2026-09-26 01:00,ETH,5.963511622087683e-07,2026-10-10T20:19:45.479372
2026-09-26 02:00,BTC,9.061294668583279e-09,2026-10-10T20:19:45.479372
2026-09-26 02:00,ETH,5.9685570258163e-07,2026-10-10T20:19:45.479372
2026-09-26 03:00,BTC,0.0,2026-10-10T20:19:45.479372
2026-09-26 03:00,ETH,5.985182409027776e-07,2026-10-10T20:19:45.479372
2026-09-26 04:00,BTC,0.0,2026-10-10T20:19:45.479372
2026-09-26 04:00,ETH,5.984960144546338e-07,2026-10-10T20:19:45.479372
2026-09-26 05:00,BTC,0.0,2026-10-10T20:19:45.479372
2026-09-26 05:00,ETH,5.965645361109477e-07,2026-10-10T20:19:45.479372
2026-09-26 06:00,BTC,0.0,2026-10-10T20:19:45.479372
2026-09-26 06:00,ETH,0.0,2026-10-10T20:19:45.479372
2026-09-26 07:00,BTC,0.0,2026-10-10T20:19:45.479372
2026-09-26 07:00,ETH,0.0,2026-10-10T20:19:45.479372
2026-09-26 08:00,BTC,-4.345314327643735e-09,2026-10-10T20:19:45.479372
2026-09-26 08:00,ETH,0.0,2026-10-10T20:19:45.479372
2026-09-26 09:00,BTC,-7.205286851455395e-08,2026-10-10T20:19:45.479372
2026-09-26 09:00,ETH,3.19639459558047e-08,2026-10-10T20:19:45.479372
2026-09-26 10:00,BTC,-7.219729379584578e-08,2026-10-10T20:19:45.479372
2026-09-26 10:00,ETH,3.268345916124837e-08,2026-10-10T20:19:45.479372
2026-09-26 11:00,BTC,-7.213972807898193e-08,2026-10-10T20:19:45.479372
2026-09-26 11:00,ETH,3.2662820989137886e-08,2026-10-10T20:19:45.479372
2026-09-26 12:00,BTC,-7.208148390595932e-08,2026-10-10T20:19:45.479372
2026-09-26 12:00,ETH,3.262700769047558e-08,2026-10-10T20:19:45.479372
2026-09-26 13:00,BTC,-7.211506319179219e-08,2026-10-10T20:19:45.479372
2026-09-26 13:00,ETH,3.2647888664610895e-08,2026-10-10T20:19:45.479372
2026-09-26 14:00,BTC,-7.206839571373189e-08,2026-10-10T20:19:45.479372
2026-09-26 14:00,ETH,2.370957924556766e-07,2026-10-10T20:19:45.479372
2026-09-26 15:00,BTC,-7.204224509343494e-08,2026-10-10T20:19:45.479372
2026-09-26 15:00,ETH,2.547378397022894e-07,2026-10-10T20:19:45.479372
2026-09-26 16:00,BTC,-6.788087289799585e-08,2026-10-10T20:19:45.479372
2026-09-26 16:00,ETH,2.5524917668626365e-07,2026-10-10T20:19:45.479372
2026-09-26 17:00,BTC,0.0,2026-10-10T20:19:45.479372
2026-09-26 17:00,ETH,2.2321276178786916e-07,2026-10-10T20:19:45.479372
2026-09-26 18:00,BTC,4.9513043785688246e-08,2026-10-10T20:19:45.479372
2026-09-26 18:00,ETH,2.2188704202769888e-07,2026-10-10T20:19:45.479372
2026-09-26 19:00,BTC,5.9077045586842853e-08,2026-10-10T20:19:45.479372
2026-09-26 19:00,ETH,2.2229654371591694e-07,2026-10-10T20:19:45.479372
2026-09-26 20:00,BTC,4.4122553172350736e-07,2026-10-10T20:19:45.479372
2026-09-26 20:00,ETH,2.6626522030355214e-07,2026-10-10T20:19:45.479372
2026-09-26 21:00,BTC,1.1971481711637294e-06,2026-10-10T20:19:45.479372
2026-09-26 21:00,ETH,3.065049965594598e-06,2026-10-10T20:19:45.479372
2026-09-26 22:00,BTC,1.203944598333848e-06,2026-10-10T20:19:45.479372
2026-09-26 22:00,ETH,5.749848872561419e-06,2026-10-10T20:19:45.479372
2026-09-26 23:00,BTC,1.2050449422071399e-06,2026-10-10T20:19:45.479372
2026-09-26 23:00,ETH,5.86296751576069e-06,2026-10-10T20:19:45.479372
2026-09-27 00:00,BTC,1.206943397579714e-06,2026-10-10T20:19:45.479372
2026-09-27 00:00,ETH,6.049325280795094e-06,2026-10-10T20:19:45.479372
2026-09-27 01:00,BTC,1.206367908123366e-06,2026-10-10T20:19:45.479372
2026-09-27 01:00,ETH,6.046471963243717e-06,2026-10-10T20:19:45.479372
2026-09-27 02:00,BTC,1.1570602941921815e-06,2026-10-10T20:19:45.479372
2026-09-27 02:00,ETH,6.117861581911376e-06,2026-10-10T20:19:45.479372
2026-09-27 03:00,BTC,1.1458439746079483e-06,2026-10-10T20:19:45.479372
2026-09-27 03:00,ETH,6.141058313551144e-06,2026-10-10T20:19:45.479372
2026-09-27 04:00,BTC,7.645620195890199e-07,2026-10-10T20:19:45.479372
2026-09-27 04:00,ETH,6.0956268187341686e-06,2026-10-10T20:19:45.479372
2026-09-27 05:00,BTC,8.299303305279033e-09,2026-10-10T20:19:45.479372
2026-09-27 05:00,ETH,3.292137248544332e-06,2026-10-10T20:19:45.479372
2026-09-27 06:00,BTC,0.0,2026-10-10T20:19:45.479372
2026-09-27 06:00,ETH,5.289123762604756e-07,2026-10-10T20:19:45.479372
2026-09-27 07:00,BTC,0.0,2026-10-10T20:19:45.479372
2026-09-27 07:00,ETH,4.2822733302373225e-07,2026-10-10T20:19:45.479372
2026-09-27 08:00,BTC,0.0,2026-10-10T20:19:45.479372
2026-09-27 08:00,ETH,3.158843855883976e-07,2026-10-10T20:19:45.479372
2026-09-27 09:00,BTC,0.0,2026-10-10T20:19:45.479372
2026-09-27 09:00,ETH,3.7504586721650676e-07,2026-10-10T20:19:45.479372
2026-09-27 10:00,BTC,0.0,2026-10-10T20:19:45.479372
2026-09-27 10:00,ETH,3.075708697504923e-07,2026-10-10T20:19:45.479372
2026-09-27 11:00,BTC,0.0,2026-10-10T20:19:45.479372
2026-09-27 11:00,ETH,3.497055566928734e-07,2026-10-10T20:19:45.479372
2026-09-27 12:00,BTC,0.0,2026-10-10T20:19:45.479372
2026-09-27 12:00,ETH,4.822733081463998e-07,2026-10-10T20:19:45.479372
2026-09-27 13:00,BTC,0.0,2026-10-10T20:19:45.479372
2026-09-27 13:00,ETH,5.005187949572993e-07,2026-10-10T20:19:45.479372
2026-09-27 14:00,BTC,0.0,2026-10-10T20:19:45.479372
2026-09-27 14:00,ETH,4.798792753153281e-07,2026-10-10T20:19:45.479372
2026-09-27 15:00,BTC,0.0,2026-10-10T20:19:45.479372
2026-09-27 15:00,ETH,2.2605019064925803e-06,2026-10-10T20:19:45.479372
2026-09-27 16:00,BTC,0.0,2026-10-10T20:19:45.479372
2026-09-27 16:00,ETH,2.2066883613028295e-06,2026-10-10T20:19:45.479372
2026-09-27 17:00,BTC,0.0,2026-10-10T20:19:45.479372
2026-09-27 17:00,ETH,2.1435564695417776e-06,2026-10-10T20:19:45.479372
2026-09-27 18:00,BTC,0.0,2026-10-10T20:19:45.479372
2026-09-27 18:00,ETH,2.1955641403031223e-06,2026-10-10T20:19:45.479372
2026-09-27 19:00,BTC,0.0,2026-10-10T20:19:45.479372
2026-09-27 19:00,ETH,2.2771265899972474e-06,2026-10-10T20:19:45.479372
2026-09-27 20:00,BTC,0.0,2026-10-10T20:19:45.479372
2026-09-27 20:00,ETH,2.185055801675449e-06,2026-10-10T20:19:45.479372
2026-09-27 21:00,BTC,0.0,2026-10-10T20:19:45.479372
2026-09-27 21:00,ETH,2.1918312135662254e-06,2026-10-10T20:19:45.479372
2026-09-27 22:00,BTC,1.615428242248673e-08,2026-10-10T20:19:45.479372
2026-09-27 22:00,ETH,8.002911849227485e-08,2026-10-10T20:19:45.479372
2026-09-27 23:00,BTC,2.1040382069036432e-08,2026-10-10T20:19:45.479372
2026-09-27 23:00,ETH,-1.7135791671994573e-06,2026-10-10T20:19:45.479372
2026-09-28 00:00,BTC,2.1023423705883163e-08,2026-10-10T20:19:45.479372
2026-09-28 00:00,ETH,-1.7141579221990278e-06,2026-10-10T20:19:45.479372
2026-09-28 01:00,BTC,2.101391885701071e-08,2026-10-10T20:19:45.479372
2026-09-28 01:00,ETH,-1.496338886387616e-06,2026-10-10T20:19:45.479372
2026-09-28 02:00,BTC,2.1048794034552415e-08,2026-10-10T20:19:45.479372
2026-09-28 02:00,ETH,-1.5040090214281935e-06,2026-10-10T20:19:45.479372
2026-09-28 03:00,BTC,2.1110137403087302e-08,2026-10-10T20:19:45.479372
2026-09-28 03:00,ETH,-1.6719573874188137e-06,2026-10-10T20:19:45.479372
2026-09-28 04:00,BTC,2.7462881914634727e-08,2026-10-10T20:19:45.479372
2026-09-28 04:00,ETH,-1.5360296921543266e-06,2026-10-10T20:19:45.479372
2026-09-28 05:00,BTC,2.7403026614275376e-08,2026-10-10T20:19:45.479372
2026-09-28 05:00,ETH,-1.408299877100325e-06,2026-10-10T20:19:45.479372
2026-09-28 06:00,BTC,4.986139342199362e-08,2026-10-10T20:19:45.479372
2026-09-28 06:00,ETH,1.4111519439391198e-06,2026-10-10T20:19:45.479372
2026-09-28 07:00,BTC,6.995480761571788e-08,2026-10-10T20:19:45.479372
2026-09-28 07:00,ETH,1.8805134075277747e-06,2026-10-10T20:19:45.479372
2026-09-28 08:00,BTC,-5.385684490338806e-06,2026-10-10T20:19:45.479372
2026-09-28 08:00,ETH,1.8874662631906869e-06,2026-10-10T20:19:45.479372
2026-09-28 09:00,BTC,-5.99540677237123e-06,2026-10-10T20:19:45.479372
2026-09-28 09:00,ETH,1.6627654421374434e-06,2026-10-10T20:19:45.479372
2026-09-28 10:00,BTC,-5.138996029498994e-06,2026-10-10T20:19:45.479372
2026-09-28 10:00,ETH,1.45997364584309e-06,2026-10-10T20:19:45.479372
2026-09-28 11:00,BTC,-5.120581526667253e-06,2026-10-10T20:19:45.479372
2026-09-28 11:00,ETH,1.4503266279331144e-06,2026-10-10T20:19:45.479372
2026-09-28 12:00,BTC,-5.013908894945062e-06,2026-10-10T20:19:45.479372
2026-09-28 12:00,ETH,1.2791651808521845e-06,2026-10-10T20:19:45.479372
2026-09-28 13:00,BTC,-2.8110980663114973e-06,2026-10-10T20:19:45.479372
2026-09-28 13:00,ETH,1.132027941613889e-06,2026-10-10T20:19:45.479372
2026-09-28 14:00,BTC,7.101037799498189e-08,2026-10-10T20:19:45.479372
2026-09-28 14:00,ETH,3.207944676219957e-07,2026-10-10T20:19:45.479372
2026-09-28 15:00,BTC,2.4536970980149736e-06,2026-10-10T20:19:45.479372
2026-09-28 15:00,ETH,-1.4883340129528915e-07,2026-10-10T20:19:45.479372
2026-09-28 16:00,BTC,1.1805212605832668e-05,2026-10-10T20:19:45.479372
2026-09-28 16:00,ETH,-1.4701703839167725e-07,2026-10-10T20:19:45.479372
2026-09-28 17:00,BTC,1.3626280286013152e-05,2026-10-10T20:19:45.479372
2026-09-28 17:00,ETH,1.1803588824295297e-07,2026-10-10T20:19:45.479372
2026-09-28 18:00,BTC,1.3666642991818783e-05,2026-10-10T20:19:45.479372
2026-09-28 18:00,ETH,5.500591975743637e-07,2026-10-10T20:19:45.479372
2026-09-28 19:00,BTC,1.4225653228786887e-05,2026-10-10T20:19:45.479372
2026-09-28 19:00,ETH,1.0738112210456974e-06,2026-10-10T20:19:45.479372
2026-09-28 20:00,BTC,1.41926954184665e-05,2026-10-10T20:19:45.479372
2026-09-28 20:00,ETH,4.207748802415396e-06,2026-10-10T20:19:45.479372
2026-09-28 21:00,BTC,1.4711429994108874e-05,2026-10-10T20:19:45.479372
2026-09-28 21:00,ETH,1.1416380886523709e-05,2026-10-10T20:19:45.479372
2026-09-28 22:00,BTC,1.3532879204954693e-05,2026-10-10T20:19:45.479372
2026-09-28 22:00,ETH,2.2029983817824772e-05,2026-10-10T20:19:45.479372
2026-09-28 23:00,BTC,1.1649167163105837e-05,2026-10-10T20:19:45.479372
2026-09-28 23:00,ETH,2.241904184042661e-05,2026-10-10T20:19:45.479372
2026-09-29 00:00,BTC,8.470495069577922e-06,2026-10-10T20:19:45.479372
2026-09-29 00:00,ETH,2.253594215048972e-05,2026-10-10T20:19:45.479372
2026-09-29 01:00,BTC,7.346847083314572e-06,2026-10-10T20:19:45.479372
2026-09-29 01:00,ETH,2.368212654627842e-05,2026-10-10T20:19:45.479372
2026-09-29 02:00,BTC,6.441113888362761e-06,2026-10-10T20:19:45.479372
2026-09-29 02:00,ETH,2.4311983129652115e-05,2026-10-10T20:19:45.479372
2026-09-29 03:00,BTC,5.950413868438688e-06,2026-10-10T20:19:45.479372
2026-09-29 03:00,ETH,3.204193669044409e-05,2026-10-10T20:19:45.479372
2026-09-29 04:00,BTC,5.85356154075723e-06,2026-10-10T20:19:45.479372
2026-09-29 04:00,ETH,3.786082701187952e-05,2026-10-10T20:19:45.479372
2026-09-29 05:00,BTC,3.2166292620112387e-06,2026-10-10T20:19:45.479372
2026-09-29 05:00,ETH,3.888176195945565e-05,2026-10-10T20:19:45.479372
2026-09-29 06:00,BTC,1.479409820973645e-06,2026-10-10T20:19:45.479372
2026-09-29 06:00,ETH,3.4537763863960574e-05,2026-10-10T20:19:45.479372
2026-09-29 07:00,BTC,8.593473705940772e-07,2026-10-10T20:19:45.479372
2026-09-29 07:00,ETH,3.414900344096184e-05,2026-10-10T20:19:45.479372
2026-09-29 08:00,BTC,7.84096067039937e-08,2026-10-10T20:19:45.479372
2026-09-29 08:00,ETH,3.601058539918041e-05,2026-10-10T20:19:45.479372
2026-09-29 09:00,BTC,1.659272044335117e-08,2026-10-10T20:19:45.479372
2026-09-29 09:00,ETH,4.12624693378338e-05,2026-10-10T20:19:45.479372
2026-09-29 10:00,BTC,7.89336132649506e-08,2026-10-10T20:19:45.479372
2026-09-29 10:00,ETH,4.868901046704051e-05,2026-10-10T20:19:45.479372
2026-09-29 11:00,BTC,7.362418442380367e-07,2026-10-10T20:19:45.479372
2026-09-29 11:00,ETH,4.9404422072471805e-05,2026-10-10T20:19:45.479372
2026-09-29 12:00,BTC,7.371709719695341e-07,2026-10-10T20:19:45.479372
2026-09-29 12:00,ETH,4.3894921251132377e-05,2026-10-10T20:19:45.479372
2026-09-29 13:00,BTC,7.383054381725539e-07,2026-10-10T20:19:45.479372
2026-09-29 13:00,ETH,3.7749681895901324e-05,2026-10-10T20:19:45.479372
2026-09-29 14:00,BTC,2.3262585769699863e-06,2026-10-10T20:19:45.479372
2026-09-29 14:00,ETH,3.250081776562967e-05,2026-10-10T20:19:45.479372
2026-09-29 15:00,BTC,2.4775247116686944e-06,2026-10-10T20:19:45.479372
2026-09-29 15:00,ETH,3.33751386430774e-05,2026-10-10T20:19:45.479372
2026-09-29 16:00,BTC,7.3365678778454605e-06,2026-10-10T20:19:45.479372
2026-09-29 16:00,ETH,3.4706150807812096e-05,2026-10-10T20:19:45.479372
2026-09-29 17:00,BTC,1.4083296883795116e-05,2026-10-10T20:19:45.479372
2026-09-29 17:00,ETH,3.1067168018531616e-05,2026-10-10T20:19:45.479372
2026-09-29 18:00,BTC,2.5500974543650314e-05,2026-10-10T20:19:45.479372
2026-09-29 18:00,ETH,2.414153214172721e-05,2026-10-10T20:19:45.479372
2026-09-29 19:00,BTC,3.096139501483737e-05,2026-10-10T20:19:45.479372
2026-09-29 19:00,ETH,2.469278626349141e-05,2026-10-10T20:19:45.479372
2026-09-29 20:00,BTC,3.330976706297673e-05,2026-10-10T20:19:45.479372
2026-09-29 20:00,ETH,2.2469587328320853e-05,2026-10-10T20:19:45.479372
2026-09-29 21:00,BTC,3.3824017839510976e-05,2026-10-10T20:19:45.479372
2026-09-29 21:00,ETH,2.087432915966299e-05,2026-10-10T20:19:45.479372
2026-09-29 22:00,BTC,3.51322590799127e-05,2026-10-10T20:19:45.479372
2026-09-29 22:00,ETH,2.3059654492474798e-05,2026-10-10T20:19:45.479372
2026-09-29 23:00,BTC,3.714803520822338e-05,2026-10-10T20:19:45.479372
2026-09-29 23:00,ETH,2.409226148915709e-05,2026-10-10T20:19:45.479372
2026-09-30 00:00,BTC,3.279145937857255e-05,2026-10-10T20:19:45.479372
2026-09-30 00:00,ETH,2.2424151184595947e-05,2026-10-10T20:19:45.479372
2026-09-30 01:00,BTC,2.6244964200647443e-05,2026-10-10T20:19:45.479372
2026-09-30 01:00,ETH,2.5097514774060334e-05,2026-10-10T20:19:45.479372
2026-09-30 02:00,BTC,1.5229322896291523e-05,2026-10-10T20:19:45.479372
2026-09-30 02:00,ETH,2.9156626368277636e-05,2026-10-10T20:19:45.479372
2026-09-30 03:00,BTC,9.268472041508244e-06,2026-10-10T20:19:45.479372
2026-09-30 03:00,ETH,2.4086431743432542e-05,2026-10-10T20:19:45.479372
2026-09-30 04:00,BTC,7.205995853850352e-06,2026-10-10T20:19:45.479372
2026-09-30 04:00,ETH,2.580153065433121e-05,2026-10-10T20:19:45.479372
2026-09-30 05:00,BTC,7.1153683967210866e-06,2026-10-10T20:19:45.479372
2026-09-30 05:00,ETH,2.9294293440524806e-05,2026-10-10T20:19:45.479372
2026-09-30 06:00,BTC,6.169837410632725e-06,2026-10-10T20:19:45.479372
2026-09-30 06:00,ETH,2.895031347170839e-05,2026-10-10T20:19:45.479372
2026-09-30 07:00,BTC,4.117470112535984e-06,2026-10-10T20:19:45.479372
2026-09-30 07:00,ETH,3.19817624890243e-05,2026-10-10T20:19:45.479372
2026-09-30 08:00,BTC,-2.9201914171230545e-06,2026-10-10T20:19:45.479372
2026-09-30 08:00,ETH,3.0782391115363754e-05,2026-10-10T20:19:45.479372
2026-09-30 09:00,BTC,-4.785433393139592e-06,2026-10-10T20:19:45.479372
2026-09-30 09:00,ETH,2.5358679388202743e-05,2026-10-10T20:19:45.479372
2026-09-30 10:00,BTC,-5.023537277982098e-06,2026-10-10T20:19:45.479372
2026-09-30 10:00,ETH,2.002775160243227e-05,2026-10-10T20:19:45.479372
2026-09-30 11:00,BTC,-5.138196946296268e-06,2026-10-10T20:19:45.479372
2026-09-30 11:00,ETH,1.660410154380073e-05,2026-10-10T20:19:45.479372
2026-09-30 12:00,BTC,-5.284941616043341e-06,2026-10-10T20:19:45.479372
2026-09-30 12:00,ETH,1.502256709146656e-05,2026-10-10T20:19:45.479372
2026-09-30 13:00,BTC,-4.593991359072796e-06,2026-10-10T20:19:45.479372
2026-09-30 13:00,ETH,1.5171442297973883e-05,2026-10-10T20:19:45.479372
2026-09-30 14:00,BTC,-1.0434166264643248e-06,2026-10-10T20:19:45.479372
2026-09-30 14:00,ETH,1.7200855333539335e-05,2026-10-10T20:19:45.479372
2026-09-30 15:00,BTC,1.1871523093408767e-05,2026-10-10T20:19:45.479372
2026-09-30 15:00,ETH,2.0186798033026952e-05,2026-10-10T20:19:45.479372
2026-09-30 16:00,BTC,3.068667452898265e-05,2026-10-10T20:19:45.479372
2026-09-30 16:00,ETH,2.6393824126542623e-05,2026-10-10T20:19:45.479372
2026-09-30 17:00,BTC,3.9310049251193965e-05,2026-10-10T20:19:45.479372
2026-09-30 17:00,ETH,2.7022503298820087e-05,2026-10-10T20:19:45.479372
2026-09-30 18:00,BTC,4.218926696097603e-05,2026-10-10T20:19:45.479372
2026-09-30 18:00,ETH,2.6881281811383026e-05,2026-10-10T20:19:45.479372
2026-09-30 19:00,BTC,4.297344899140125e-05,2026-10-10T20:19:45.479372
2026-09-30 19:00,ETH,2.6080193019872598e-05,2026-10-10T20:19:45.479372
2026-09-30 20:00,BTC,5.03585137404972e-05,2026-10-10T20:19:45.479372
2026-09-30 20:00,ETH,2.5227364719005588e-05,2026-10-10T20:19:45.479372
2026-09-30 21:00,BTC,6.040770395812621e-05,2026-10-10T20:19:45.479372
2026-09-30 21:00,ETH,2.160404914605718e-05,2026-10-10T20:19:45.479372
2026-09-30 22:00,BTC,6.395628052348763e-05,2026-10-10T20:19:45.479372
2026-09-30 22:00,ETH,1.8792065888504876e-05,2026-10-10T20:19:45.479372
2026-09-30 23:00,BTC,6.173174180296402e-05,2026-10-10T20:19:45.479372
2026-09-30 23:00,ETH,1.1200443156004605e-05,2026-10-10T20:19:45.479372
2026-10-01 00:00,BTC,5.649879078730473e-05,2026-10-10T20:19:45.479372
2026-10-01 00:00,ETH,4.5905166078689196e-06,2026-10-10T20:19:45.479372
2026-10-01 01:00,BTC,5.7917506503425655e-05,2026-10-10T20:19:45.479372
2026-10-01 01:00,ETH,3.484810106332089e-06,2026-10-10T20:19:45.479372
2026-10-01 02:00,BTC,5.916038062981065e-05,2026-10-10T20:19:45.479372
2026-10-01 02:00,ETH,3.470034557967718e-06,2026-10-10T20:19:45.479372
2026-10-01 03:00,BTC,6.633501643337884e-05,2026-10-10T20:19:45.479372
2026-10-01 03:00,ETH,3.6647527444197943e-06,2026-10-10T20:19:45.479372
2026-10-01 04:00,BTC,6.539420389112506e-05,2026-10-10T20:19:45.479372
2026-10-01 04:00,ETH,3.0637326698978196e-06,2026-10-10T20:19:45.479372
2026-10-01 05:00,BTC,5.791619948630467e-05,2026-10-10T20:19:45.479372
2026-10-01 05:00,ETH,3.120482517507316e-06,2026-10-10T20:19:45.479372
2026-10-01 06:00,BTC,6.470839993564964e-05,2026-10-10T20:19:45.479372
2026-10-01 06:00,ETH,1.1703050011683584e-05,2026-10-10T20:19:45.479372
2026-10-01 07:00,BTC,6.587030499173882e-05,2026-10-10T20:19:45.479372
2026-10-01 07:00,ETH,1.9215548310206593e-05,2026-10-10T20:19:45.479372
2026-10-01 08:00,BTC,6.321627881813546e-05,2026-10-10T20:19:45.479372
2026-10-01 08:00,ETH,2.6890539108683407e-05,2026-10-10T20:19:45.479372
2026-10-01 09:00,BTC,5.564321698578519e-05,2026-10-10T20:19:45.479372
2026-10-01 09:00,ETH,3.8358350469548207e-05,2026-10-10T20:19:45.479372
2026-10-01 10:00,BTC,5.161067828867879e-05,2026-10-10T20:19:45.479372
2026-10-01 10:00,ETH,3.876453565028461e-05,2026-10-10T20:19:45.479372
2026-10-01 11:00,BTC,5.104914408262646e-05,2026-10-10T20:19:45.479372
2026-10-01 11:00,ETH,4.750336995113687e-05,2026-10-10T20:19:45.479372
2026-10-01 12:00,BTC,4.7733810740390064e-05,2026-10-10T20:19:45.479372
2026-10-01 12:00,ETH,5.419726225657011e-05,2026-10-10T20:19:45.479372
2026-10-01 13:00,BTC,4.698854624562446e-05,2026-10-10T20:19:45.479372
2026-10-01 13:00,ETH,5.788177116021232e-05,2026-10-10T20:19:45.479372
2026-10-01 14:00,BTC,3.609372495023862e-05,2026-10-10T20:19:45.479372
2026-10-01 14:00,ETH,6.03573107646873e-05,2026-10-10T20:19:45.479372
2026-10-01 15:00,BTC,3.095185847246818e-05,2026-10-10T20:19:45.479372
2026-10-01 15:00,ETH,6.737407523795157e-05,2026-10-10T20:19:45.479372
2026-10-01 16:00,BTC,2.8536997212871577e-05,2026-10-10T20:19:45.479372
2026-10-01 16:00,ETH,7.195475705933671e-05,2026-10-10T20:19:45.479372
2026-10-01 17:00,BTC,2.97334332667058e-05,2026-10-10T20:19:45.479372
2026-10-01 17:00,ETH,6.62766059974347e-05,2026-10-10T20:19:45.479372
2026-10-01 18:00,BTC,3.566881951756487e-05,2026-10-10T20:19:45.479372
2026-10-01 18:00,ETH,7.274268491254248e-05,2026-10-10T20:19:45.479372
2026-10-01 19:00,BTC,3.601938918657896e-05,2026-10-10T20:19:45.479372
2026-10-01 19:00,ETH,7.49508822037299e-05,2026-10-10T20:19:45.479372
2026-10-01 20:00,BTC,3.37819286085756e-05,2026-10-10T20:19:45.479372
2026-10-01 20:00,ETH,7.464720162443235e-05,2026-10-10T20:19:45.479372
2026-10-01 21:00,BTC,3.211521610952979e-05,2026-10-10T20:19:45.479372
2026-10-01 21:00,ETH,7.26799895821447e-05,2026-10-10T20:19:45.479372
2026-10-01 22:00,BTC,2.6589931588946856e-05,2026-10-10T20:19:45.479372
2026-10-01 22:00,ETH,5.9385789994959127e-05,2026-10-10T20:19:45.479372
2026-10-01 23:00,BTC,1.894398792620574e-05,2026-10-10T20:19:45.479372
2026-10-01 23:00,ETH,4.4341963917999084e-05,2026-10-10T20:19:45.479372
2026-10-02 00:00,BTC,1.6596720188968657e-05,2026-10-10T20:19:45.479372
2026-10-02 00:00,ETH,3.10400429036374e-05,2026-10-10T20:19:45.479372
2026-10-02 01:00,BTC,1.4626014155665398e-05,2026-10-10T20:19:45.479372
2026-10-02 01:00,ETH,2.5478418746886947e-05,2026-10-10T20:19:45.479372
2026-10-02 02:00,BTC,8.80863457253336e-06,2026-10-10T20:19:45.479372
2026-10-02 02:00,ETH,2.0329988215918718e-05,2026-10-10T20:19:45.479372
2026-10-02 03:00,BTC,1.716043440914131e-06,2026-10-10T20:19:45.479372
2026-10-02 03:00,ETH,1.121748075415658e-05,2026-10-10T20:19:45.479372
2026-10-02 04:00,BTC,5.376223380999273e-06,2026-10-10T20:19:45.479372
2026-10-02 04:00,ETH,9.816271628316537e-06,2026-10-10T20:19:45.479372
2026-10-02 05:00,BTC,1.8712974035148046e-05,2026-10-10T20:19:45.479372
2026-10-02 05:00,ETH,1.7090728103473242e-05,2026-10-10T20:19:45.479372
2026-10-02 06:00,BTC,3.1628428422228476e-05,2026-10-10T20:19:45.479372
2026-10-02 06:00,ETH,3.0160969350693775e-05,2026-10-10T20:19:45.479372
2026-10-02 07:00,BTC,4.8133540325075936e-05,2026-10-10T20:19:45.479372
2026-10-02 07:00,ETH,5.10658743301842e-05,2026-10-10T20:19:45.479372
2026-10-02 08:00,BTC,6.265777760908587e-05,2026-10-10T20:19:45.479372
2026-10-02 08:00,ETH,7.995869341601182e-05,2026-10-10T20:19:45.479372
2026-10-02 09:00,BTC,6.44024317112053e-05,2026-10-10T20:19:45.479372
2026-10-02 09:00,ETH,0.00010275502105724467,2026-10-10T20:19:45.479372
2026-10-02 10:00,BTC,7.097496480275272e-05,2026-10-10T20:19:45.479372
2026-10-02 10:00,ETH,0.00011426838408566799,2026-10-10T20:19:45.479372
2026-10-02 11:00,BTC,7.235368630152711e-05,2026-10-10T20:19:45.479372
2026-10-02 11:00,ETH,0.00012383083194533002,2026-10-10T20:19:45.479372
2026-10-02 12:00,BTC,6.920927203524133e-05,2026-10-10T20:19:45.479372
2026-10-02 12:00,ETH,0.0001257495688564393,2026-10-10T20:19:45.479372
2026-10-02 13:00,BTC,5.904222861084615e-05,2026-10-10T20:19:45.479372
2026-10-02 13:00,ETH,0.00012981290815021192,2026-10-10T20:19:45.479372
2026-10-02 14:00,BTC,4.818293065788973e-05,2026-10-10T20:19:45.479372
2026-10-02 14:00,ETH,0.0001275934357184613,2026-10-10T20:19:45.479372
2026-10-02 15:00,BTC,3.872346497329062e-05,2026-10-10T20:19:45.479372
2026-10-02 15:00,ETH,0.00011380053449875789,2026-10-10T20:19:45.479372
2026-10-02 16:00,BTC,4.183125627808231e-05,2026-10-10T20:19:45.479372
2026-10-02 16:00,ETH,9.418671157974841e-05,2026-10-10T20:19:45.479372
2026-10-02 17:00,BTC,5.576883787492652e-05,2026-10-10T20:19:45.479372
2026-10-02 17:00,ETH,8.147712217079192e-05,2026-10-10T20:19:45.479372
2026-10-02 18:00,BTC,7.326263687230053e-05,2026-10-10T20:19:45.479372
2026-10-02 18:00,ETH,8.426429488418482e-05,2026-10-10T20:19:45.479372
2026-10-02 19:00,BTC,9.130742635101028e-05,2026-10-10T20:19:45.479372
2026-10-02 19:00,ETH,8.283295235541038e-05,2026-10-10T20:19:45.479372
2026-10-02 20:00,BTC,9.626646418008805e-05,2026-10-10T20:19:45.479372
2026-10-02 20:00,ETH,7.670149259734769e-05,2026-10-10T20:19:45.479372
2026-10-02 21:00,BTC,9.60876985343406e-05,2026-10-10T20:19:45.479372
2026-10-02 21:00,ETH,6.617774928084366e-05,2026-10-10T20:19:45.479372
2026-10-02 22:00,BTC,9.34127454612554e-05,2026-10-10T20:19:45.479372
2026-10-02 22:00,ETH,6.407722499183266e-05,2026-10-10T20:19:45.479372
2026-10-02 23:00,BTC,8.558016153057904e-05,2026-10-10T20:19:45.479372
2026-10-02 23:00,ETH,5.6900583351099265e-05,2026-10-10T20:19:45.479372
2026-10-03 00:00,BTC,6.809321933072311e-05,2026-10-10T20:19:45.479372
2026-10-03 00:00,ETH,4.8915397933695545e-05,2026-10-10T20:19:45.479372
2026-10-03 01:00,BTC,5.2347609445472406e-05,2026-10-10T20:19:45.479372
2026-10-03 01:00,ETH,4.010252865633254e-05,2026-10-10T20:19:45.479372
2026-10-03 02:00,BTC,2.8750895574098605e-05,2026-10-10T20:19:45.479372
2026-10-03 02:00,ETH,2.46331868645706e-05,2026-10-10T20:19:45.479372
2026-10-03 03:00,BTC,9.177769688811938e-06,2026-10-10T20:19:45.479372
2026-10-03 03:00,ETH,1.4770585402189024e-05,2026-10-10T20:19:45.479372
2026-10-03 04:00,BTC,3.1999397579178006e-06,2026-10-10T20:19:45.479372
2026-10-03 04:00,ETH,1.4267618945372295e-05,2026-10-10T20:19:45.479372
2026-10-03 05:00,BTC,1.1906775139737677e-06,2026-10-10T20:19:45.479372
2026-10-03 05:00,ETH,1.3129387696740247e-05,2026-10-10T20:19:45.479372
2026-10-03 06:00,BTC,6.480878325977747e-07,2026-10-10T20:19:45.479372
2026-10-03 06:00,ETH,3.326236113473919e-06,2026-10-10T20:19:45.479372
2026-10-03 07:00,BTC,5.256396598975399e-07,2026-10-10T20:19:45.479372
2026-10-03 07:00,ETH,2.8957394122403074e-06,2026-10-10T20:19:45.479372
2026-10-03 08:00,BTC,1.1158690106500298e-07,2026-10-10T20:19:45.479372
2026-10-03 08:00,ETH,1.3875755740112371e-06,2026-10-10T20:19:45.479372
2026-10-03 09:00,BTC,0.0,2026-10-10T20:19:45.479372
2026-10-03 09:00,ETH,-1.242537306328854e-06,2026-10-10T20:19:45.479372
2026-10-03 10:00,BTC,0.0,2026-10-10T20:19:45.479372
2026-10-03 10:00,ETH,-1.2441253914560639e-06,2026-10-10T20:19:45.479372
2026-10-03 11:00,BTC,0.0,2026-10-10T20:19:45.479372
2026-10-03 11:00,ETH,-1.242964510515121e-06,2026-10-10T20:19:45.479372
2026-10-03 12:00,BTC,-1.3065763219924178e-11,2026-10-10T20:19:45.479372
2026-10-03 12:00,ETH,-1.2794049284140124e-06,2026-10-10T20:19:45.479372
2026-10-03 13:00,BTC,-1.3048291335724112e-11,2026-10-10T20:19:45.479372
2026-10-03 13:00,ETH,-1.7126947638267635e-06,2026-10-10T20:19:45.479372
2026-10-03 14:00,BTC,-1.3057650612442374e-11,2026-10-10T20:19:45.479372
2026-10-03 14:00,ETH,-1.7137958088666562e-06,2026-10-10T20:19:45.479372
2026-10-03 15:00,BTC,-1.3048078414493132e-11,2026-10-10T20:19:45.479372
2026-10-03 15:00,ETH,-1.7152169251390754e-06,2026-10-10T20:19:45.479372
2026-10-03 16:00,BTC,-1.3045063574733957e-11,2026-10-10T20:19:45.479372
2026-10-03 16:00,ETH,-1.6741806017022467e-06,2026-10-10T20:19:45.479372
2026-10-03 17:00,BTC,-1.3054939725456045e-11,2026-10-10T20:19:45.479372
2026-10-03 17:00,ETH,0.0,2026-10-10T20:19:45.479372
2026-10-03 18:00,BTC,-1.3050042537142985e-11,2026-10-10T20:19:45.479372
2026-10-03 18:00,ETH,0.0,2026-10-10T20:19:45.479372
2026-10-03 19:00,BTC,-1.3055941072404748e-11,2026-10-10T20:19:45.479372
2026-10-03 19:00,ETH,0.0,2026-10-10T20:19:45.479372
2026-10-03 20:00,BTC,0.0,2026-10-10T20:19:45.479372
2026-10-03 20:00,ETH,0.0,2026-10-10T20:19:45.479372
2026-10-03 21:00,BTC,0.0,2026-10-10T20:19:45.479372
2026-10-03 21:00,ETH,0.0,2026-10-10T20:19:45.479372
2026-10-03 22:00,BTC,-3.976890178279825e-08,2026-10-10T20:19:45.479372
2026-10-03 22:00,ETH,5.299545033155041e-07,2026-10-10T20:19:45.479372
2026-10-03 23:00,BTC,-3.9765311701394614e-08,2026-10-10T20:19:45.479372
2026-10-03 23:00,ETH,5.302727052810214e-07,2026-10-10T20:19:45.479372
2026-10-04 00:00,BTC,-3.9770514038676646e-08,2026-10-10T20:19:45.479372
2026-10-04 00:00,ETH,5.299050930724114e-07,2026-10-10T20:19:45.479372
2026-10-04 01:00,BTC,-3.9768034726584584e-08,2026-10-10T20:19:45.479372
2026-10-04 01:00,ETH,5.298754469265558e-07,2026-10-10T20:19:45.479372
2026-10-04 02:00,BTC,-3.983508863603858e-08,2026-10-10T20:19:45.479372
2026-10-04 02:00,ETH,5.313676362679566e-07,2026-10-10T20:19:45.479372
2026-10-04 03:00,BTC,-3.980363089924853e-08,2026-10-10T20:19:45.479372
2026-10-04 03:00,ETH,5.306304354410128e-07,2026-10-10T20:19:45.479372
2026-10-04 04:00,BTC,-3.975872676096106e-08,2026-10-10T20:19:45.479372
2026-10-04 04:00,ETH,5.306976333716189e-07,2026-10-10T20:19:45.479372
2026-10-04 05:00,BTC,-3.971537863706786e-08,2026-10-10T20:19:45.479372
2026-10-04 05:00,ETH,5.309684015037673e-07,2026-10-10T20:19:45.479372
2026-10-04 06:00,BTC,8.099141079487113e-08,2026-10-10T20:19:45.479372
2026-10-04 06:00,ETH,0.0,2026-10-10T20:19:45.479372
2026-10-04 07:00,BTC,2.4124920896634167e-07,2026-10-10T20:19:45.479372
2026-10-04 07:00,ETH,0.0,2026-10-10T20:19:45.479372
2026-10-04 08:00,BTC,2.4121032667195954e-07,2026-10-10T20:19:45.479372
2026-10-04 08:00,ETH,-1.7227724580616992e-07,2026-10-10T20:19:45.479372
2026-10-04 09:00,BTC,2.413333495682403e-07,2026-10-10T20:19:45.479372
2026-10-04 09:00,ETH,-2.3538974137285237e-07,2026-10-10T20:19:45.479372
2026-10-04 10:00,BTC,2.41361870841279e-07,2026-10-10T20:19:45.479372
2026-10-04 10:00,ETH,-2.2011106613772117e-06,2026-10-10T20:19:45.479372
2026-10-04 11:00,BTC,2.413548401482246e-07,2026-10-10T20:19:45.479372
2026-10-04 11:00,ETH,-5.455234290233524e-06,2026-10-10T20:19:45.479372
2026-10-04 12:00,BTC,2.4145862114772463e-07,2026-10-10T20:19:45.479372
2026-10-04 12:00,ETH,-5.460024237596895e-06,2026-10-10T20:19:45.479372
2026-10-04 13:00,BTC,4.1798002722715463e-07,2026-10-10T20:19:45.479372
2026-10-04 13:00,ETH,-5.45556571837297e-06,2026-10-10T20:19:45.479372
2026-10-04 14:00,BTC,7.202040196630328e-07,2026-10-10T20:19:45.479372
2026-10-04 14:00,ETH,-5.460652483487538e-06,2026-10-10T20:19:45.479372
2026-10-04 15:00,BTC,1.832454381957458e-06,2026-10-10T20:19:45.479372
2026-10-04 15:00,ETH,-5.463347861018367e-06,2026-10-10T20:19:45.479372
2026-10-04 16:00,BTC,2.863747306499244e-06,2026-10-10T20:19:45.479372
2026-10-04 16:00,ETH,-5.309443741658444e-06,2026-10-10T20:19:45.479372
2026-10-04 17:00,BTC,3.824036923181989e-06,2026-10-10T20:19:45.479372
2026-10-04 17:00,ETH,-5.235939059788471e-06,2026-10-10T20:19:45.479372
2026-10-04 18:00,BTC,3.905357131170604e-06,2026-10-10T20:19:45.479372
2026-10-04 18:00,ETH,-3.2687966816469245e-06,2026-10-10T20:19:45.479372
2026-10-04 19:00,BTC,4.0210673457536865e-06,2026-10-10T20:19:45.479372
2026-10-04 19:00,ETH,-2.2647753573497904e-09,2026-10-10T20:19:45.479372
2026-10-04 20:00,BTC,4.02309545963652e-06,2026-10-10T20:19:45.479372
2026-10-04 20:00,ETH,-1.0777639787497454e-09,2026-10-10T20:19:45.479372
2026-10-04 21:00,BTC,3.838132035521859e-06,2026-10-10T20:19:45.479372
2026-10-04 21:00,ETH,-1.0886169783751417e-07,2026-10-10T20:19:45.479372
2026-10-04 22:00,BTC,3.876353158016417e-06,2026-10-10T20:19:45.479372
2026-10-04 22:00,ETH,2.1501045312747157e-07,2026-10-10T20:19:45.479372
2026-10-04 23:00,BTC,7.993744549191616e-06,2026-10-10T20:19:45.479372
2026-10-04 23:00,ETH,1.2192300076964754e-07,2026-10-10T20:19:45.479372
2026-10-05 00:00,BTC,1.7741357768220755e-05,2026-10-10T20:19:45.479372
2026-10-05 00:00,ETH,1.219736272381128e-07,2026-10-10T20:19:45.479372
2026-10-05 01:00,BTC,2.5137161043118657e-05,2026-10-10T20:19:45.479372
2026-10-05 01:00,ETH,1.221820093984922e-07,2026-10-10T20:19:45.479372
2026-10-05 02:00,BTC,3.90067578336129e-05,2026-10-10T20:19:45.479372
2026-10-05 02:00,ETH,1.2319995292533855e-07,2026-10-10T20:19:45.479372
2026-10-05 03:00,BTC,6.460427994135008e-05,2026-10-10T20:19:45.479372
2026-10-05 03:00,ETH,1.2315070340590822e-07,2026-10-10T20:19:45.479372
2026-10-05 04:00,BTC,9.2892240920595e-05,2026-10-10T20:19:45.479372
2026-10-05 04:00,ETH,3.2405985559121005e-07,2026-10-10T20:19:45.479372
2026-10-05 05:00,BTC,0.00011340142532963579,2026-10-10T20:19:45.479372
2026-10-05 05:00,ETH,1.4703915715708055e-05,2026-10-10T20:19:45.479372
2026-10-05 06:00,BTC,0.00012760937993449656,2026-10-10T20:19:45.479372
2026-10-05 06:00,ETH,3.774963998462901e-05,2026-10-10T20:19:45.479372
2026-10-05 07:00,BTC,0.00012977103768595428,2026-10-10T20:19:45.479372
2026-10-05 07:00,ETH,4.255041930049152e-05,2026-10-10T20:19:45.479372
2026-10-05 08:00,BTC,0.00012729472061576798,2026-10-10T20:19:45.479372
2026-10-05 08:00,ETH,4.490492123331949e-05,2026-10-10T20:19:45.479372
2026-10-05 09:00,BTC,0.00012784302508483223,2026-10-10T20:19:45.479372
2026-10-05 09:00,ETH,5.6805034745077945e-05,2026-10-10T20:19:45.479372
2026-10-05 10:00,BTC,0.00012233310367288787,2026-10-10T20:19:45.479372
2026-10-05 10:00,ETH,6.708012900294121e-05,2026-10-10T20:19:45.479372
2026-10-05 11:00,BTC,9.797580105230375e-05,2026-10-10T20:19:45.479372
2026-10-05 11:00,ETH,7.32320204801681e-05,2026-10-10T20:19:45.479372
2026-10-05 12:00,BTC,7.207813605185722e-05,2026-10-10T20:19:45.479372
2026-10-05 12:00,ETH,7.499245305199755e-05,2026-10-10T20:19:45.479372
2026-10-05 13:00,BTC,5.307550100304153e-05,2026-10-10T20:19:45.479372
2026-10-05 13:00,ETH,6.36870111762688e-05,2026-10-10T20:19:45.479372
2026-10-05 14:00,BTC,4.176862188428439e-05,2026-10-10T20:19:45.479372
2026-10-05 14:00,ETH,4.183862593131493e-05,2026-10-10T20:19:45.479372
2026-10-05 15:00,BTC,3.588680948005635e-05,2026-10-10T20:19:45.479372
2026-10-05 15:00,ETH,4.121580608541131e-05,2026-10-10T20:19:45.479372
2026-10-05 16:00,BTC,3.1372074808892666e-05,2026-10-10T20:19:45.479372
2026-10-05 16:00,ETH,4.372413218896813e-05,2026-10-10T20:19:45.479372
2026-10-05 17:00,BTC,3.336026120341274e-05,2026-10-10T20:19:45.479372
2026-10-05 17:00,ETH,3.866028575220078e-05,2026-10-10T20:19:45.479372
2026-10-05 18:00,BTC,3.4724773752743147e-05,2026-10-10T20:19:45.479372
2026-10-05 18:00,ETH,3.162861730616352e-05,2026-10-10T20:19:45.479372
2026-10-05 19:00,BTC,3.5510761581797996e-05,2026-10-10T20:19:45.479372
2026-10-05 19:00,ETH,2.566869211114809e-05,2026-10-10T20:19:45.479372
2026-10-05 20:00,BTC,3.308045384752393e-05,2026-10-10T20:19:45.479372
2026-10-05 20:00,ETH,2.3330723448716998e-05,2026-10-10T20:19:45.479372
2026-10-05 21:00,BTC,3.211893477239963e-05,2026-10-10T20:19:45.479372
2026-10-05 21:00,ETH,1.994588266681371e-05,2026-10-10T20:19:45.479372
2026-10-05 22:00,BTC,2.91803013939861e-05,2026-10-10T20:19:45.479372
2026-10-05 22:00,ETH,1.8677171983154325e-05,2026-10-10T20:19:45.479372
2026-10-05 23:00,BTC,2.8284907428758886e-05,2026-10-10T20:19:45.479372
2026-10-05 23:00,ETH,1.52063801394863e-05,2026-10-10T20:19:45.479372
2026-10-06 00:00,BTC,2.4398493773404298e-05,2026-10-10T20:19:45.479372
2026-10-06 00:00,ETH,1.0279359462112509e-05,2026-10-10T20:19:45.479372
2026-10-06 01:00,BTC,1.3740913769448649e-05,2026-10-10T20:19:45.479372
2026-10-06 01:00,ETH,3.514364010902777e-06,2026-10-10T20:19:45.479372
2026-10-06 02:00,BTC,3.7374015683023537e-06,2026-10-10T20:19:45.479372
2026-10-06 02:00,ETH,1.8573027430382942e-07,2026-10-10T20:19:45.479372
2026-10-06 03:00,BTC,5.507930802903555e-06,2026-10-10T20:19:45.479372
2026-10-06 03:00,ETH,1.6796843204996496e-06,2026-10-10T20:19:45.479372
2026-10-06 04:00,BTC,1.4904710575699875e-05,2026-10-10T20:19:45.479372
2026-10-06 04:00,ETH,8.092444131595487e-06,2026-10-10T20:19:45.479372
2026-10-06 05:00,BTC,1.7438657817173794e-05,2026-10-10T20:19:45.479372
2026-10-06 05:00,ETH,1.2342722735928169e-05,2026-10-10T20:19:45.479372
2026-10-06 06:00,BTC,1.901791962049156e-05,2026-10-10T20:19:45.479372
2026-10-06 06:00,ETH,1.7019484287545868e-05,2026-10-10T20:19:45.479372
2026-10-06 07:00,BTC,2.4495257348862752e-05,2026-10-10T20:19:45.479372
2026-10-06 07:00,ETH,2.3570678144455436e-05,2026-10-10T20:19:45.479372
2026-10-06 08:00,BTC,2.9243230717818295e-05,2026-10-10T20:19:45.479372
2026-10-06 08:00,ETH,2.7130966831282734e-05,2026-10-10T20:19:45.479372
2026-10-06 09:00,BTC,2.9295627025826687e-05,2026-10-10T20:19:45.479372
2026-10-06 09:00,ETH,2.72156719418999e-05,2026-10-10T20:19:45.479372
2026-10-06 10:00,BTC,2.9199524951026197e-05,2026-10-10T20:19:45.479372
2026-10-06 10:00,ETH,2.73376517664198e-05,2026-10-10T20:19:45.479372
2026-10-06 11:00,BTC,2.4866272525313492e-05,2026-10-10T20:19:45.479372
2026-10-06 11:00,ETH,2.5781317359419186e-05,2026-10-10T20:19:45.479372
2026-10-06 12:00,BTC,1.6126850734082055e-05,2026-10-10T20:19:45.479372
2026-10-06 12:00,ETH,1.9331480218930663e-05,2026-10-10T20:19:45.479372
2026-10-06 13:00,BTC,1.4357937977976368e-05,2026-10-10T20:19:45.479372
2026-10-06 13:00,ETH,1.512944807200753e-05,2026-10-10T20:19:45.479372
2026-10-06 14:00,BTC,1.3682748187126868e-05,2026-10-10T20:19:45.479372
2026-10-06 14:00,ETH,1.055186777389486e-05,2026-10-10T20:19:45.479372
2026-10-06 15:00,BTC,8.772458171625366e-06,2026-10-10T20:19:45.479372
2026-10-06 15:00,ETH,4.200356190688327e-06,2026-10-10T20:19:45.479372
2026-10-06 16:00,BTC,4.147557464274045e-06,2026-10-10T20:19:45.479372
2026-10-06 16:00,ETH,8.654819900416016e-07,2026-10-10T20:19:45.479372
2026-10-06 17:00,BTC,4.273043647456311e-06,2026-10-10T20:19:45.479372
2026-10-06 17:00,ETH,4.2156195272557685e-06,2026-10-10T20:19:45.479372
2026-10-06 18:00,BTC,5.155011877375372e-06,2026-10-10T20:19:45.479372
2026-10-06 18:00,ETH,9.474335482856162e-06,2026-10-10T20:19:45.479372
2026-10-06 19:00,BTC,6.1828628317624415e-06,2026-10-10T20:19:45.479372
2026-10-06 19:00,ETH,2.0478803456904042e-05,2026-10-10T20:19:45.479372
2026-10-06 20:00,BTC,7.708995647165135e-06,2026-10-10T20:19:45.479372
2026-10-06 20:00,ETH,3.845892569461833e-05,2026-10-10T20:19:45.479372
2026-10-06 21:00,BTC,1.3040612471874082e-05,2026-10-10T20:19:45.479372
2026-10-06 21:00,ETH,5.628015033214945e-05,2026-10-10T20:19:45.479372
2026-10-06 22:00,BTC,2.2237507024073097e-05,2026-10-10T20:19:45.479372
2026-10-06 22:00,ETH,7.4470436696501e-05,2026-10-10T20:19:45.479372
2026-10-06 23:00,BTC,2.4664222816993354e-05,2026-10-10T20:19:45.479372
2026-10-06 23:00,ETH,8.699560023369187e-05,2026-10-10T20:19:45.479372
2026-10-07 00:00,BTC,2.747341063996137e-05,2026-10-10T20:19:45.479372
2026-10-07 00:00,ETH,9.532137130873627e-05,2026-10-10T20:19:45.479372
2026-10-07 01:00,BTC,3.1032158824712426e-05,2026-10-10T20:19:45.479372
2026-10-07 01:00,ETH,9.864168590956326e-05,2026-10-10T20:19:45.479372
2026-10-07 02:00,BTC,3.5541317698082804e-05,2026-10-10T20:19:45.479372
2026-10-07 02:00,ETH,9.737877156555682e-05,2026-10-10T20:19:45.479372
2026-10-07 03:00,BTC,3.83723729151695e-05,2026-10-10T20:19:45.479372
2026-10-07 03:00,ETH,8.595840537268286e-05,2026-10-10T20:19:45.479372
2026-10-07 04:00,BTC,3.646323839995764e-05,2026-10-10T20:19:45.479372
2026-10-07 04:00,ETH,6.22722325003328e-05,2026-10-10T20:19:45.479372
2026-10-07 05:00,BTC,2.9993271171259803e-05,2026-10-10T20:19:45.479372
2026-10-07 05:00,ETH,3.548182802923591e-05,2026-10-10T20:19:45.479372
2026-10-07 06:00,BTC,2.000675740191705e-05,2026-10-10T20:19:45.479372
2026-10-07 06:00,ETH,1.3227513239177654e-05,2026-10-10T20:19:45.479372
2026-10-07 07:00,BTC,1.7297266291206002e-05,2026-10-10T20:19:45.479372
2026-10-07 07:00,ETH,6.201925496123248e-07,2026-10-10T20:19:45.479372
2026-10-07 08:00,BTC,2.0753981087566032e-05,2026-10-10T20:19:45.479372
2026-10-07 08:00,ETH,-1.580821122652706e-05,2026-10-10T20:19:45.479372
2026-10-07 09:00,BTC,1.705037941394087e-05,2026-10-10T20:19:45.479372
2026-10-07 09:00,ETH,-4.646535539518446e-05,2026-10-10T20:19:45.479372
2026-10-07 10:00,BTC,1.1560843258938967e-05,2026-10-10T20:19:45.479372
2026-10-07 10:00,ETH,-7.474722964365273e-05,2026-10-10T20:19:45.479372
2026-10-07 11:00,BTC,7.6313548105676e-06,2026-10-10T20:19:45.479372
2026-10-07 11:00,ETH,-8.939747419505769e-05,2026-10-10T20:19:45.479372
2026-10-07 12:00,BTC,6.907582947497405e-06,2026-10-10T20:19:45.479372
2026-10-07 12:00,ETH,-8.814302196470592e-05,2026-10-10T20:19:45.479372
2026-10-07 13:00,BTC,6.724749163167713e-06,2026-10-10T20:19:45.479372
2026-10-07 13:00,ETH,-8.589301165347361e-05,2026-10-10T20:19:45.479372
2026-10-07 14:00,BTC,6.742295051467173e-06,2026-10-10T20:19:45.479372
2026-10-07 14:00,ETH,-8.247583293609636e-05,2026-10-10T20:19:45.479372
2026-10-07 15:00,BTC,6.591610857170588e-06,2026-10-10T20:19:45.479372
2026-10-07 15:00,ETH,-8.21772937674035e-05,2026-10-10T20:19:45.479372
2026-10-07 16:00,BTC,1.7987142006679006e-06,2026-10-10T20:19:45.479372
2026-10-07 16:00,ETH,-7.51012500530865e-05,2026-10-10T20:19:45.479372
2026-10-07 17:00,BTC,1.8743889262931188e-06,2026-10-10T20:19:45.479372
2026-10-07 17:00,ETH,-5.190915341249047e-05,2026-10-10T20:19:45.479372
2026-10-07 18:00,BTC,2.896046948213903e-06,2026-10-10T20:19:45.479372
2026-10-07 18:00,ETH,-2.7145020973804292e-05,2026-10-10T20:19:45.479372
2026-10-07 19:00,BTC,3.249501614347913e-06,2026-10-10T20:19:45.479372
2026-10-07 19:00,ETH,-1.086446254047707e-05,2026-10-10T20:19:45.479372
2026-10-07 20:00,BTC,4.8999681554799326e-06,2026-10-10T20:19:45.479372
2026-10-07 20:00,ETH,-6.39836767466102e-06,2026-10-10T20:19:45.479372
2026-10-07 21:00,BTC,5.238171915266979e-06,2026-10-10T20:19:45.479372
2026-10-07 21:00,ETH,2.434058186861822e-07,2026-10-10T20:19:45.479372
2026-10-07 22:00,BTC,5.239549279587644e-06,2026-10-10T20:19:45.479372
2026-10-07 22:00,ETH,8.352687123997752e-07,2026-10-10T20:19:45.479372
2026-10-07 23:00,BTC,7.84743717029634e-06,2026-10-10T20:19:45.479372
2026-10-07 23:00,ETH,8.334183265787624e-07,2026-10-10T20:19:45.479372
2026-10-08 00:00,BTC,9.53360861845302e-06,2026-10-10T20:19:45.479372
2026-10-08 00:00,ETH,8.356361879670413e-07,2026-10-10T20:19:45.479372
2026-10-08 01:00,BTC,9.807381838949283e-06,2026-10-10T20:19:45.479372
2026-10-08 01:00,ETH,8.349109928210205e-07,2026-10-10T20:19:45.479372
2026-10-08 02:00,BTC,8.845598679050518e-06,2026-10-10T20:19:45.479372
2026-10-08 02:00,ETH,6.940646103542866e-07,2026-10-10T20:19:45.479372
2026-10-08 03:00,BTC,1.219586614831249e-05,2026-10-10T20:19:45.479372
2026-10-08 03:00,ETH,5.013896624183415e-07,2026-10-10T20:19:45.479372
2026-10-08 04:00,BTC,1.884514323079775e-05,2026-10-10T20:19:45.479372
2026-10-08 04:00,ETH,5.029515813011312e-07,2026-10-10T20:19:45.479372
2026-10-08 05:00,BTC,2.855419476528843e-05,2026-10-10T20:19:45.479372
2026-10-08 05:00,ETH,1.2668978317026604e-06,2026-10-10T20:19:45.479372
2026-10-08 06:00,BTC,3.803675087083509e-05,2026-10-10T20:19:45.479372
2026-10-08 06:00,ETH,7.612888224163769e-07,2026-10-10T20:19:45.479372
2026-10-08 07:00,BTC,4.264397152320286e-05,2026-10-10T20:19:45.479372
2026-10-08 07:00,ETH,7.619176484430438e-07,2026-10-10T20:19:45.479372
2026-10-08 08:00,BTC,4.2734870057958285e-05,2026-10-10T20:19:45.479372
2026-10-08 08:00,ETH,-8.085223762198514e-07,2026-10-10T20:19:45.479372
2026-10-08 09:00,BTC,4.980203761822218e-05,2026-10-10T20:19:45.479372
2026-10-08 09:00,ETH,-1.4586132358911178e-06,2026-10-10T20:19:45.479372
2026-10-08 10:00,BTC,5.4597234656023236e-05,2026-10-10T20:19:45.479372
2026-10-08 10:00,ETH,-1.4596555475746934e-06,2026-10-10T20:19:45.479372
2026-10-08 11:00,BTC,5.807102860060043e-05,2026-10-10T20:19:45.479372
2026-10-08 11:00,ETH,-1.4607884950568411e-06,2026-10-10T20:19:45.479372
2026-10-08 12:00,BTC,6.106518825509787e-05,2026-10-10T20:19:45.479372
2026-10-08 12:00,ETH,-1.4517419094118917e-06,2026-10-10T20:19:45.479372
2026-10-08 13:00,BTC,5.654023896126103e-05,2026-10-10T20:19:45.479372
2026-10-08 13:00,ETH,-2.2103815866437264e-06,2026-10-10T20:19:45.479372
2026-10-08 14:00,BTC,5.4006308006907344e-05,2026-10-10T20:19:45.479372
2026-10-08 14:00,ETH,-2.208572701985267e-06,2026-10-10T20:19:45.479372
2026-10-08 15:00,BTC,5.8342474694481176e-05,2026-10-10T20:19:45.479372
2026-10-08 15:00,ETH,-1.9296051259471997e-06,2026-10-10T20:19:45.479372
2026-10-08 16:00,BTC,6.950460040473867e-05,2026-10-10T20:19:45.479372
2026-10-08 16:00,ETH,1.3034895535556818e-06,2026-10-10T20:19:45.479372
2026-10-08 17:00,BTC,7.034577138016545e-05,2026-10-10T20:19:45.479372
2026-10-08 17:00,ETH,1.9365850350212235e-06,2026-10-10T20:19:45.479372
2026-10-08 18:00,BTC,8.16288531121331e-05,2026-10-10T20:19:45.479372
2026-10-08 18:00,ETH,2.0696207087643293e-06,2026-10-10T20:19:45.479372
2026-10-08 19:00,BTC,8.713673955443508e-05,2026-10-10T20:19:45.479372
2026-10-08 19:00,ETH,2.056144536418794e-06,2026-10-10T20:19:45.479372
2026-10-08 20:00,BTC,8.806819255400086e-05,2026-10-10T20:19:45.479372
2026-10-08 20:00,ETH,2.2556243800226225e-06,2026-10-10T20:19:45.479372
2026-10-08 21:00,BTC,9.568434842506753e-05,2026-10-10T20:19:45.479372
2026-10-08 21:00,ETH,3.9906803385672955e-06,2026-10-10T20:19:45.479372
2026-10-08 22:00,BTC,0.00010267364604051206,2026-10-10T20:19:45.479372
2026-10-08 22:00,ETH,8.598790660772802e-06,2026-10-10T20:19:45.479372
2026-10-08 23:00,BTC,0.0001006520269532052,2026-10-10T20:19:45.479372
2026-10-08 23:00,ETH,8.918578143743183e-06,2026-10-10T20:19:45.479372
2026-10-09 00:00,BTC,8.80769944976718e-05,2026-10-10T20:19:45.479372
2026-10-09 00:00,ETH,7.276504622473359e-06,2026-10-10T20:19:45.479372
2026-10-09 01:00,BTC,8.557709832647436e-05,2026-10-10T20:19:45.479372
2026-10-09 01:00,ETH,7.452607291021758e-06,2026-10-10T20:19:45.479372
2026-10-09 02:00,BTC,7.752252276106405e-05,2026-10-10T20:19:45.479372
2026-10-09 02:00,ETH,8.242060530775382e-06,2026-10-10T20:19:45.479372
2026-10-09 03:00,BTC,8.218304564566179e-05,2026-10-10T20:19:45.479372
2026-10-09 03:00,ETH,1.1090782121332113e-05,2026-10-10T20:19:45.479372
2026-10-09 04:00,BTC,7.881162394077834e-05,2026-10-10T20:19:45.479372
2026-10-09 04:00,ETH,1.0993033074595196e-05,2026-10-10T20:19:45.479372
2026-10-09 05:00,BTC,7.27938270902169e-05,2026-10-10T20:19:45.479372
2026-10-09 05:00,ETH,9.438998192864339e-06,2026-10-10T20:19:45.479372
2026-10-09 06:00,BTC,7.51051957472611e-05,2026-10-10T20:19:45.479372
2026-10-09 06:00,ETH,5.681474524717711e-06,2026-10-10T20:19:45.479372
2026-10-09 07:00,BTC,8.017104798284873e-05,2026-10-10T20:19:45.479372
2026-10-09 07:00,ETH,5.346625447397482e-06,2026-10-10T20:19:45.479372
2026-10-09 08:00,BTC,9.718868554847177e-05,2026-10-10T20:19:45.479372
2026-10-09 08:00,ETH,5.132296692976583e-06,2026-10-10T20:19:45.479372
2026-10-09 09:00,BTC,0.00010644716932319176,2026-10-10T20:19:45.479372
2026-10-09 09:00,ETH,4.900382156973882e-06,2026-10-10T20:19:45.479372
2026-10-09 10:00,BTC,0.00011219130651187449,2026-10-10T20:19:45.479372
2026-10-09 10:00,ETH,5.4320505144461804e-06,2026-10-10T20:19:45.479372
2026-10-09 11:00,BTC,0.00010773492384106389,2026-10-10T20:19:45.479372
2026-10-09 11:00,ETH,7.981317171220001e-06,2026-10-10T20:19:45.479372
2026-10-09 12:00,BTC,0.0001094731020491407,2026-10-10T20:19:45.479372
2026-10-09 12:00,ETH,2.0577401837134635e-05,2026-10-10T20:19:45.479372
2026-10-09 13:00,BTC,0.00011162072752954298,2026-10-10T20:19:45.479372
2026-10-09 13:00,ETH,3.582691761242987e-05,2026-10-10T20:19:45.479372
2026-10-09 14:00,BTC,9.867735984359155e-05,2026-10-10T20:19:45.479372
2026-10-09 14:00,ETH,4.654455743583866e-05,2026-10-10T20:19:45.479372
2026-10-09 15:00,BTC,8.84006702816918e-05,2026-10-10T20:19:45.479372
2026-10-09 15:00,ETH,5.106666990747771e-05,2026-10-10T20:19:45.479372
2026-10-09 16:00,BTC,7.450625606736949e-05,2026-10-10T20:19:45.479372
2026-10-09 16:00,ETH,5.2425399408921376e-05,2026-10-10T20:19:45.479372
2026-10-09 17:00,BTC,6.442894282929406e-05,2026-10-10T20:19:45.479372
2026-10-09 17:00,ETH,5.2828150508033055e-05,2026-10-10T20:19:45.479372
2026-10-09 18:00,BTC,5.4471400350746194e-05,2026-10-10T20:19:45.479372
2026-10-09 18:00,ETH,5.278956702693821e-05,2026-10-10T20:19:45.479372
2026-10-09 19:00,BTC,4.30477173260028e-05,2026-10-10T20:19:45.479372
2026-10-09 19:00,ETH,4.817428015560354e-05,2026-10-10T20:19:45.479372
2026-10-09 20:00,BTC,3.397596552063887e-05,2026-10-10T20:19:45.479372
2026-10-09 20:00,ETH,3.713500523257169e-05,2026-10-10T20:19:45.479372
2026-10-09 21:00,BTC,2.835827306116665e-05,2026-10-10T20:19:45.479372
2026-10-09 21:00,ETH,2.6775510460236543e-05,2026-10-10T20:19:45.479372
2026-10-09 22:00,BTC,2.4893209000226685e-05,2026-10-10T20:19:45.479372
2026-10-09 22:00,ETH,2.243162232323275e-05,2026-10-10T20:19:45.479372
2026-10-09 23:00,BTC,2.1567099126454026e-05,2026-10-10T20:19:45.479372
2026-10-09 23:00,ETH,2.2130403561848395e-05,2026-10-10T20:19:45.479372
2026-10-10 00:00,BTC,1.474924684344592e-05,2026-10-10T20:19:45.479372
2026-10-10 00:00,ETH,2.684576789691696e-05,2026-10-10T20:19:45.479372
2026-10-10 01:00,BTC,9.791460164014623e-06,2026-10-10T20:19:45.479372
2026-10-10 01:00,ETH,2.8051746621446735e-05,2026-10-10T20:19:45.479372
2026-10-10 02:00,BTC,5.797068465430388e-06,2026-10-10T20:19:45.479372
2026-10-10 02:00,ETH,2.7093868658965633e-05,2026-10-10T20:19:45.479372
2026-10-10 03:00,BTC,5.4460358090781394e-06,2026-10-10T20:19:45.479372
2026-10-10 03:00,ETH,2.6695262515927e-05,2026-10-10T20:19:45.479372
2026-10-10 04:00,BTC,5.9340641641797214e-06,2026-10-10T20:19:45.479372
2026-10-10 04:00,ETH,2.6126054000989847e-05,2026-10-10T20:19:45.479372
2026-10-10 05:00,BTC,1.0357318249980552e-05,2026-10-10T20:19:45.479372
2026-10-10 05:00,ETH,2.214655399276148e-05,2026-10-10T20:19:45.479372
2026-10-10 06:00,BTC,1.3809919789913916e-05,2026-10-10T20:19:45.479372
2026-10-10 06:00,ETH,1.5639683117962035e-05,2026-10-10T20:19:45.479372
2026-10-10 07:00,BTC,1.8952061220477707e-05,2026-10-10T20:19:45.479372
2026-10-10 07:00,ETH,1.5517153996621736e-05,2026-10-10T20:19:45.479372
2026-10-10 08:00,BTC,3.0390342777870133e-05,2026-10-10T20:19:45.479372
2026-10-10 08:00,ETH,2.09610039835008e-05,2026-10-10T20:19:45.479372
2026-10-10 09:00,BTC,3.783016860235209e-05,2026-10-10T20:19:45.479372
2026-10-10 09:00,ETH,2.986578482615828e-05,2026-10-10T20:19:45.479372
2026-10-10 10:00,BTC,4.926095658551271e-05,2026-10-10T20:19:45.479372
2026-10-10 10:00,ETH,3.071355774357133e-05,2026-10-10T20:19:45.479372
2026-10-10 11:00,BTC,5.8912637968000105e-05,2026-10-10T20:19:45.479372
2026-10-10 11:00,ETH,3.885478454119055e-05,2026-10-10T20:19:45.479372
2026-10-10 12:00,BTC,6.575997294928027e-05,2026-10-10T20:19:45.479372
2026-10-10 12:00,ETH,4.850632886795525e-05,2026-10-10T20:19:45.479372
2026-10-10 13:00,BTC,6.252824431412913e-05,2026-10-10T20:19:45.479372
2026-10-10 13:00,ETH,6.185363489468722e-05,2026-10-10T20:19:45.479372
2026-10-10 14:00,BTC,6.254133518518685e-05,2026-10-10T20:19:45.479372
2026-10-10 14:00,ETH,6.846959319751011e-05,2026-10-10T20:19:45.479372
2026-10-10 15:00,BTC,6.41087311218116e-05,2026-10-10T20:19:45.479372
2026-10-10 15:00,ETH,6.909992262971741e-05,2026-10-10T20:19:45.479372
2026-10-10 16:00,BTC,5.9252110325892297e-05,2026-10-10T20:19:45.479372
2026-10-10 16:00,ETH,6.450000685878995e-05,2026-10-10T20:19:45.479372
2026-10-10 17:00,BTC,5.829189642051047e-05,2026-10-10T20:19:45.479372
2026-10-10 17:00,ETH,6.78099718943121e-05,2026-10-10T20:19:45.479372
2026-10-10 18:00,BTC,5.206284503461112e-05,2026-10-10T20:19:45.479372
2026-10-10 18:00,ETH,7.38424433816676e-05,2026-10-10T20:19:45.479372
2026-10-10 19:00,BTC,4.626616187679241e-05,2026-10-10T20:19:45.479372
2026-10-10 19:00,ETH,7.148433489210012e-05,2026-10-10T20:19:45.479372
2026-10-10 20:00,BTC,3.992581980378956e-05,2026-10-10T20:19:45.479372
2026-10-10 20:00,ETH,6.333965692613278e-05,2026-10-10T20:19:45.479372
