date,series,value,retrieved_at
2024-01-01,ECB_DFR,4.0,2026-10-09T21:18:19.987731
2024-01-01,ECB_MRR,4.5,2026-10-09T21:18:19.987731
2024-01-02,ECB_DFR,4.0,2026-10-09T21:18:19.987731
2024-01-02,ECB_MRR,4.5,2026-10-09T21:18:19.987731
2024-01-03,ECB_DFR,4.0,2026-10-09T21:18:19.987731
2024-01-03,ECB_MRR,4.5,2026-10-09T21:18:19.987731
2024-01-04,ECB_DFR,4.0,2026-10-09T21:18:19.987731
2024-01-04,ECB_MRR,4.5,2026-10-09T21:18:19.987731
2024-01-05,ECB_DFR,4.0,2026-10-09T21:18:19.987731
2024-01-05,ECB_MRR,4.5,2026-10-09T21:18:19.987731
2024-01-06,ECB_DFR,4.0,2026-10-09T21:18:19.987731
2024-01-06,ECB_MRR,4.5,2026-10-09T21:18:19.987731
2024-01-07,ECB_DFR,4.0,2026-10-09T21:18:19.987731
2024-01-07,ECB_MRR,4.5,2026-10-09T21:18:19.987731
2024-01-08,ECB_DFR,4.0,2026-10-09T21:18:19.987731
2024-01-08,ECB_MRR,4.5,2026-10-09T21:18:19.987731
2024-01-09,ECB_DFR,4.0,2026-10-09T21:18:19.987731
2024-01-09,ECB_MRR,4.5,2026-10-09T21:18:19.987731
2024-01-10,ECB_DFR,4.0,2026-10-09T21:18:19.987731
2024-01-10,ECB_MRR,4.5,2026-10-09T21:18:19.987731
2024-01-11,ECB_DFR,4.0,2026-10-09T21:18:19.987731
2024-01-11,ECB_MRR,4.5,2026-10-09T21:18:19.987731
2024-01-12,ECB_DFR,4.0,2026-10-09T21:18:19.987731
2024-01-12,ECB_MRR,4.5,2026-10-09T21:18:19.987731
2024-01-13,ECB_DFR,4.0,2026-10-09T21:18:19.987731
2024-01-13,ECB_MRR,4.5,2026-10-09T21:18:19.987731
2024-01-14,ECB_DFR,4.0,2026-10-09T21:18:19.987731
2024-01-14,ECB_MRR,4.5,2026-10-09T21:18:19.987731
2024-01-15,ECB_DFR,4.0,2026-10-09T21:18:19.987731
2024-01-15,ECB_MRR,4.5,2026-10-09T21:18:19.987731
2024-01-16,ECB_DFR,4.0,2026-10-09T21:18:19.987731
2024-01-16,ECB_MRR,4.5,2026-10-09T21:18:19.987731
2024-01-17,ECB_DFR,4.0,2026-10-09T21:18:19.987731
2024-01-17,ECB_MRR,4.5,2026-10-09T21:18:19.987731
2024-01-18,ECB_DFR,4.0,2026-10-09T21:18:19.987731
2024-01-18,ECB_MRR,4.5,2026-10-09T21:18:19.987731
2024-01-19,ECB_DFR,4.0,2026-10-09T21:18:19.987731
2024-01-19,ECB_MRR,4.5,2026-10-09T21:18:19.987731
2024-01-20,ECB_DFR,4.0,2026-10-09T21:18:19.987731
2024-01-20,ECB_MRR,4.5,2026-10-09T21:18:19.987731
2024-01-21,ECB_DFR,4.0,2026-10-09T21:18:19.987731
2024-01-21,ECB_MRR,4.5,2026-10-09T21:18:19.987731
2024-01-22,ECB_DFR,4.0,2026-10-09T21:18:19.987731
2024-01-22,ECB_MRR,4.5,2026-10-09T21:18:19.987731
2024-01-23,ECB_DFR,4.0,2026-10-09T21:18:19.987731
2024-01-23,ECB_MRR,4.5,2026-10-09T21:18:19.987731
2024-01-24,ECB_DFR,4.0,2026-10-09T21:18:19.987731
2024-01-24,ECB_MRR,4.5,2026-10-09T21:18:19.987731
2024-01-25,ECB_DFR,4.0,2026-10-09T21:18:19.987731
2024-01-25,ECB_MRR,4.5,2026-10-09T21:18:19.987731
2024-01-26,ECB_DFR,4.0,2026-10-09T21:18:19.987731
2024-01-26,ECB_MRR,4.5,2026-10-09T21:18:19.987731
2024-01-27,ECB_DFR,4.0,2026-10-09T21:18:19.987731
2024-01-27,ECB_MRR,4.5,2026-10-09T21:18:19.987731
2024-01-28,ECB_DFR,4.0,2026-10-09T21:18:19.987731
2024-01-28,ECB_MRR,4.5,2026-10-09T21:18:19.987731
2024-01-29,ECB_DFR,4.0,2026-10-09T21:18:19.987731
2024-01-29,ECB_MRR,4.5,2026-10-09T21:18:19.987731
2024-01-30,ECB_DFR,4.0,2026-10-09T21:18:19.987731
2024-01-30,ECB_MRR,4.5,2026-10-09T21:18:19.987731
2024-01-31,ECB_DFR,4.0,2026-10-09T21:18:19.987731
2024-01-31,ECB_MRR,4.5,2026-10-09T21:18:19.987731
2024-02-01,ECB_DFR,4.0,2026-10-09T21:18:19.987731
2024-02-01,ECB_MRR,4.5,2026-10-09T21:18:19.987731
2024-02-02,ECB_DFR,4.0,2026-10-09T21:18:19.987731
2024-02-02,ECB_MRR,4.5,2026-10-09T21:18:19.987731
2024-02-03,ECB_DFR,4.0,2026-10-09T21:18:19.987731
2024-02-03,ECB_MRR,4.5,2026-10-09T21:18:19.987731
2024-02-04,ECB_DFR,4.0,2026-10-09T21:18:19.987731
2024-02-04,ECB_MRR,4.5,2026-10-09T21:18:19.987731
2024-02-05,ECB_DFR,4.0,2026-10-09T21:18:19.987731
2024-02-05,ECB_MRR,4.5,2026-10-09T21:18:19.987731
2024-02-06,ECB_DFR,4.0,2026-10-09T21:18:19.987731
2024-02-06,ECB_MRR,4.5,2026-10-09T21:18:19.987731
2024-02-07,ECB_DFR,4.0,2026-10-09T21:18:19.987731
2024-02-07,ECB_MRR,4.5,2026-10-09T21:18:19.987731
2024-02-08,ECB_DFR,4.0,2026-10-09T21:18:19.987731
2024-02-08,ECB_MRR,4.5,2026-10-09T21:18:19.987731
2024-02-09,ECB_DFR,4.0,2026-10-09T21:18:19.987731
2024-02-09,ECB_MRR,4.5,2026-10-09T21:18:19.987731
2024-02-10,ECB_DFR,4.0,2026-10-09T21:18:19.987731
2024-02-10,ECB_MRR,4.5,2026-10-09T21:18:19.987731
2024-02-11,ECB_DFR,4.0,2026-10-09T21:18:19.987731
2024-02-11,ECB_MRR,4.5,2026-10-09T21:18:19.987731
2024-02-12,ECB_DFR,4.0,2026-10-09T21:18:19.987731
2024-02-12,ECB_MRR,4.5,2026-10-09T21:18:19.987731
2024-02-13,ECB_DFR,4.0,2026-10-09T21:18:19.987731
2024-02-13,ECB_MRR,4.5,2026-10-09T21:18:19.987731
2024-02-14,ECB_DFR,4.0,2026-10-09T21:18:19.987731
2024-02-14,ECB_MRR,4.5,2026-10-09T21:18:19.987731
2024-02-15,ECB_DFR,4.0,2026-10-09T21:18:19.987731
2024-02-15,ECB_MRR,4.5,2026-10-09T21:18:19.987731
2024-02-16,ECB_DFR,4.0,2026-10-09T21:18:19.987731
2024-02-16,ECB_MRR,4.5,2026-10-09T21:18:19.987731
2024-02-17,ECB_DFR,4.0,2026-10-09T21:18:19.987731
2024-02-17,ECB_MRR,4.5,2026-10-09T21:18:19.987731
2024-02-18,ECB_DFR,4.0,2026-10-09T21:18:19.987731
2024-02-18,ECB_MRR,4.5,2026-10-09T21:18:19.987731
2024-02-19,ECB_DFR,4.0,2026-10-09T21:18:19.987731
2024-02-19,ECB_MRR,4.5,2026-10-09T21:18:19.987731
2024-02-20,ECB_DFR,4.0,2026-10-09T21:18:19.987731
2024-02-20,ECB_MRR,4.5,2026-10-09T21:18:19.987731
2024-02-21,ECB_DFR,4.0,2026-10-09T21:18:19.987731
2024-02-21,ECB_MRR,4.5,2026-10-09T21:18:19.987731
2024-02-22,ECB_DFR,4.0,2026-10-09T21:18:19.987731
2024-02-22,ECB_MRR,4.5,2026-10-09T21:18:19.987731
2024-02-23,ECB_DFR,4.0,2026-10-09T21:18:19.987731
2024-02-23,ECB_MRR,4.5,2026-10-09T21:18:19.987731
2024-02-24,ECB_DFR,4.0,2026-10-09T21:18:19.987731
2024-02-24,ECB_MRR,4.5,2026-10-09T21:18:19.987731
2024-02-25,ECB_DFR,4.0,2026-10-09T21:18:19.987731
2024-02-25,ECB_MRR,4.5,2026-10-09T21:18:19.987731
2024-02-26,ECB_DFR,4.0,2026-10-09T21:18:19.987731
2024-02-26,ECB_MRR,4.5,2026-10-09T21:18:19.987731
2024-02-27,ECB_DFR,4.0,2026-10-09T21:18:19.987731
2024-02-27,ECB_MRR,4.5,2026-10-09T21:18:19.987731
2024-02-28,ECB_DFR,4.0,2026-10-09T21:18:19.987731
2024-02-28,ECB_MRR,4.5,2026-10-09T21:18:19.987731
2024-02-29,ECB_DFR,4.0,2026-10-09T21:18:19.987731
2024-02-29,ECB_MRR,4.5,2026-10-09T21:18:19.987731
2024-03-01,ECB_DFR,4.0,2026-10-09T21:18:19.987731
2024-03-01,ECB_MRR,4.5,2026-10-09T21:18:19.987731
2024-03-02,ECB_DFR,4.0,2026-10-09T21:18:19.987731
2024-03-02,ECB_MRR,4.5,2026-10-09T21:18:19.987731
2024-03-03,ECB_DFR,4.0,2026-10-09T21:18:19.987731
2024-03-03,ECB_MRR,4.5,2026-10-09T21:18:19.987731
2024-03-04,ECB_DFR,4.0,2026-10-09T21:18:19.987731
2024-03-04,ECB_MRR,4.5,2026-10-09T21:18:19.987731
2024-03-05,ECB_DFR,4.0,2026-10-09T21:18:19.987731
2024-03-05,ECB_MRR,4.5,2026-10-09T21:18:19.987731
2024-03-06,ECB_DFR,4.0,2026-10-09T21:18:19.987731
2024-03-06,ECB_MRR,4.5,2026-10-09T21:18:19.987731
2024-03-07,ECB_DFR,4.0,2026-10-09T21:18:19.987731
2024-03-07,ECB_MRR,4.5,2026-10-09T21:18:19.987731
2024-03-08,ECB_DFR,4.0,2026-10-09T21:18:19.987731
2024-03-08,ECB_MRR,4.5,2026-10-09T21:18:19.987731
2024-03-09,ECB_DFR,4.0,2026-10-09T21:18:19.987731
2024-03-09,ECB_MRR,4.5,2026-10-09T21:18:19.987731
2024-03-10,ECB_DFR,4.0,2026-10-09T21:18:19.987731
2024-03-10,ECB_MRR,4.5,2026-10-09T21:18:19.987731
2024-03-11,ECB_DFR,4.0,2026-10-09T21:18:19.987731
2024-03-11,ECB_MRR,4.5,2026-10-09T21:18:19.987731
2024-03-12,ECB_DFR,4.0,2026-10-09T21:18:19.987731
2024-03-12,ECB_MRR,4.5,2026-10-09T21:18:19.987731
2024-03-13,ECB_DFR,4.0,2026-10-09T21:18:19.987731
2024-03-13,ECB_MRR,4.5,2026-10-09T21:18:19.987731
2024-03-14,ECB_DFR,4.0,2026-10-09T21:18:19.987731
2024-03-14,ECB_MRR,4.5,2026-10-09T21:18:19.987731
2024-03-15,ECB_DFR,4.0,2026-10-09T21:18:19.987731
2024-03-15,ECB_MRR,4.5,2026-10-09T21:18:19.987731
2024-03-16,ECB_DFR,4.0,2026-10-09T21:18:19.987731
2024-03-16,ECB_MRR,4.5,2026-10-09T21:18:19.987731
2024-03-17,ECB_DFR,4.0,2026-10-09T21:18:19.987731
2024-03-17,ECB_MRR,4.5,2026-10-09T21:18:19.987731
2024-03-18,ECB_DFR,4.0,2026-10-09T21:18:19.987731
2024-03-18,ECB_MRR,4.5,2026-10-09T21:18:19.987731
2024-03-19,ECB_DFR,4.0,2026-10-09T21:18:19.987731
2024-03-19,ECB_MRR,4.5,2026-10-09T21:18:19.987731
2024-03-20,ECB_DFR,4.0,2026-10-09T21:18:19.987731
2024-03-20,ECB_MRR,4.5,2026-10-09T21:18:19.987731
2024-03-21,ECB_DFR,4.0,2026-10-09T21:18:19.987731
2024-03-21,ECB_MRR,4.5,2026-10-09T21:18:19.987731
2024-03-22,ECB_DFR,4.0,2026-10-09T21:18:19.987731
2024-03-22,ECB_MRR,4.5,2026-10-09T21:18:19.987731
2024-03-23,ECB_DFR,4.0,2026-10-09T21:18:19.987731
2024-03-23,ECB_MRR,4.5,2026-10-09T21:18:19.987731
2024-03-24,ECB_DFR,4.0,2026-10-09T21:18:19.987731
2024-03-24,ECB_MRR,4.5,2026-10-09T21:18:19.987731
2024-03-25,ECB_DFR,4.0,2026-10-09T21:18:19.987731
2024-03-25,ECB_MRR,4.5,2026-10-09T21:18:19.987731
2024-03-26,ECB_DFR,4.0,2026-10-09T21:18:19.987731
2024-03-26,ECB_MRR,4.5,2026-10-09T21:18:19.987731
2024-03-27,ECB_DFR,4.0,2026-10-09T21:18:19.987731
2024-03-27,ECB_MRR,4.5,2026-10-09T21:18:19.987731
2024-03-28,ECB_DFR,4.0,2026-10-09T21:18:19.987731
2024-03-28,ECB_MRR,4.5,2026-10-09T21:18:19.987731
2024-03-29,ECB_DFR,4.0,2026-10-09T21:18:19.987731
2024-03-29,ECB_MRR,4.5,2026-10-09T21:18:19.987731
2024-03-30,ECB_DFR,4.0,2026-10-09T21:18:19.987731
2024-03-30,ECB_MRR,4.5,2026-10-09T21:18:19.987731
2024-03-31,ECB_DFR,4.0,2026-10-09T21:18:19.987731
2024-03-31,ECB_MRR,4.5,2026-10-09T21:18:19.987731
2024-04-01,ECB_DFR,4.0,2026-10-09T21:18:19.987731
2024-04-01,ECB_MRR,4.5,2026-10-09T21:18:19.987731
2024-04-02,ECB_DFR,4.0,2026-10-09T21:18:19.987731
2024-04-02,ECB_MRR,4.5,2026-10-09T21:18:19.987731
2024-04-03,ECB_DFR,4.0,2026-10-09T21:18:19.987731
2024-04-03,ECB_MRR,4.5,2026-10-09T21:18:19.987731
2024-04-04,ECB_DFR,4.0,2026-10-09T21:18:19.987731
2024-04-04,ECB_MRR,4.5,2026-10-09T21:18:19.987731
2024-04-05,ECB_DFR,4.0,2026-10-09T21:18:19.987731
2024-04-05,ECB_MRR,4.5,2026-10-09T21:18:19.987731
2024-04-06,ECB_DFR,4.0,2026-10-09T21:18:19.987731
2024-04-06,ECB_MRR,4.5,2026-10-09T21:18:19.987731
2024-04-07,ECB_DFR,4.0,2026-10-09T21:18:19.987731
2024-04-07,ECB_MRR,4.5,2026-10-09T21:18:19.987731
2024-04-08,ECB_DFR,4.0,2026-10-09T21:18:19.987731
2024-04-08,ECB_MRR,4.5,2026-10-09T21:18:19.987731
2024-04-09,ECB_DFR,4.0,2026-10-09T21:18:19.987731
2024-04-09,ECB_MRR,4.5,2026-10-09T21:18:19.987731
2024-04-10,ECB_DFR,4.0,2026-10-09T21:18:19.987731
2024-04-10,ECB_MRR,4.5,2026-10-09T21:18:19.987731
2024-04-11,ECB_DFR,4.0,2026-10-09T21:18:19.987731
2024-04-11,ECB_MRR,4.5,2026-10-09T21:18:19.987731
2024-04-12,ECB_DFR,4.0,2026-10-09T21:18:19.987731
2024-04-12,ECB_MRR,4.5,2026-10-09T21:18:19.987731
2024-04-13,ECB_DFR,4.0,2026-10-09T21:18:19.987731
2024-04-13,ECB_MRR,4.5,2026-10-09T21:18:19.987731
2024-04-14,ECB_DFR,4.0,2026-10-09T21:18:19.987731
2024-04-14,ECB_MRR,4.5,2026-10-09T21:18:19.987731
2024-04-15,ECB_DFR,4.0,2026-10-09T21:18:19.987731
2024-04-15,ECB_MRR,4.5,2026-10-09T21:18:19.987731
2024-04-16,ECB_DFR,4.0,2026-10-09T21:18:19.987731
2024-04-16,ECB_MRR,4.5,2026-10-09T21:18:19.987731
2024-04-17,ECB_DFR,4.0,2026-10-09T21:18:19.987731
2024-04-17,ECB_MRR,4.5,2026-10-09T21:18:19.987731
2024-04-18,ECB_DFR,4.0,2026-10-09T21:18:19.987731
2024-04-18,ECB_MRR,4.5,2026-10-09T21:18:19.987731
2024-04-19,ECB_DFR,4.0,2026-10-09T21:18:19.987731
2024-04-19,ECB_MRR,4.5,2026-10-09T21:18:19.987731
2024-04-20,ECB_DFR,4.0,2026-10-09T21:18:19.987731
2024-04-20,ECB_MRR,4.5,2026-10-09T21:18:19.987731
2024-04-21,ECB_DFR,4.0,2026-10-09T21:18:19.987731
2024-04-21,ECB_MRR,4.5,2026-10-09T21:18:19.987731
2024-04-22,ECB_DFR,4.0,2026-10-09T21:18:19.987731
2024-04-22,ECB_MRR,4.5,2026-10-09T21:18:19.987731
2024-04-23,ECB_DFR,4.0,2026-10-09T21:18:19.987731
2024-04-23,ECB_MRR,4.5,2026-10-09T21:18:19.987731
2024-04-24,ECB_DFR,4.0,2026-10-09T21:18:19.987731
2024-04-24,ECB_MRR,4.5,2026-10-09T21:18:19.987731
2024-04-25,ECB_DFR,4.0,2026-10-09T21:18:19.987731
2024-04-25,ECB_MRR,4.5,2026-10-09T21:18:19.987731
2024-04-26,ECB_DFR,4.0,2026-10-09T21:18:19.987731
2024-04-26,ECB_MRR,4.5,2026-10-09T21:18:19.987731
2024-04-27,ECB_DFR,4.0,2026-10-09T21:18:19.987731
2024-04-27,ECB_MRR,4.5,2026-10-09T21:18:19.987731
2024-04-28,ECB_DFR,4.0,2026-10-09T21:18:19.987731
2024-04-28,ECB_MRR,4.5,2026-10-09T21:18:19.987731
2024-04-29,ECB_DFR,4.0,2026-10-09T21:18:19.987731
2024-04-29,ECB_MRR,4.5,2026-10-09T21:18:19.987731
2024-04-30,ECB_DFR,4.0,2026-10-09T21:18:19.987731
2024-04-30,ECB_MRR,4.5,2026-10-09T21:18:19.987731
2024-05-01,ECB_DFR,4.0,2026-10-09T21:18:19.987731
2024-05-01,ECB_MRR,4.5,2026-10-09T21:18:19.987731
2024-05-02,ECB_DFR,4.0,2026-10-09T21:18:19.987731
2024-05-02,ECB_MRR,4.5,2026-10-09T21:18:19.987731
2024-05-03,ECB_DFR,4.0,2026-10-09T21:18:19.987731
2024-05-03,ECB_MRR,4.5,2026-10-09T21:18:19.987731
2024-05-04,ECB_DFR,4.0,2026-10-09T21:18:19.987731
2024-05-04,ECB_MRR,4.5,2026-10-09T21:18:19.987731
2024-05-05,ECB_DFR,4.0,2026-10-09T21:18:19.987731
2024-05-05,ECB_MRR,4.5,2026-10-09T21:18:19.987731
2024-05-06,ECB_DFR,4.0,2026-10-09T21:18:19.987731
2024-05-06,ECB_MRR,4.5,2026-10-09T21:18:19.987731
2024-05-07,ECB_DFR,4.0,2026-10-09T21:18:19.987731
2024-05-07,ECB_MRR,4.5,2026-10-09T21:18:19.987731
2024-05-08,ECB_DFR,4.0,2026-10-09T21:18:19.987731
2024-05-08,ECB_MRR,4.5,2026-10-09T21:18:19.987731
2024-05-09,ECB_DFR,4.0,2026-10-09T21:18:19.987731
2024-05-09,ECB_MRR,4.5,2026-10-09T21:18:19.987731
2024-05-10,ECB_DFR,4.0,2026-10-09T21:18:19.987731
2024-05-10,ECB_MRR,4.5,2026-10-09T21:18:19.987731
2024-05-11,ECB_DFR,4.0,2026-10-09T21:18:19.987731
2024-05-11,ECB_MRR,4.5,2026-10-09T21:18:19.987731
2024-05-12,ECB_DFR,4.0,2026-10-09T21:18:19.987731
2024-05-12,ECB_MRR,4.5,2026-10-09T21:18:19.987731
2024-05-13,ECB_DFR,4.0,2026-10-09T21:18:19.987731
2024-05-13,ECB_MRR,4.5,2026-10-09T21:18:19.987731
2024-05-14,ECB_DFR,4.0,2026-10-09T21:18:19.987731
2024-05-14,ECB_MRR,4.5,2026-10-09T21:18:19.987731
2024-05-15,ECB_DFR,4.0,2026-10-09T21:18:19.987731
2024-05-15,ECB_MRR,4.5,2026-10-09T21:18:19.987731
2024-05-16,ECB_DFR,4.0,2026-10-09T21:18:19.987731
2024-05-16,ECB_MRR,4.5,2026-10-09T21:18:19.987731
2024-05-17,ECB_DFR,4.0,2026-10-09T21:18:19.987731
2024-05-17,ECB_MRR,4.5,2026-10-09T21:18:19.987731
2024-05-18,ECB_DFR,4.0,2026-10-09T21:18:19.987731
2024-05-18,ECB_MRR,4.5,2026-10-09T21:18:19.987731
2024-05-19,ECB_DFR,4.0,2026-10-09T21:18:19.987731
2024-05-19,ECB_MRR,4.5,2026-10-09T21:18:19.987731
2024-05-20,ECB_DFR,4.0,2026-10-09T21:18:19.987731
2024-05-20,ECB_MRR,4.5,2026-10-09T21:18:19.987731
2024-05-21,ECB_DFR,4.0,2026-10-09T21:18:19.987731
2024-05-21,ECB_MRR,4.5,2026-10-09T21:18:19.987731
2024-05-22,ECB_DFR,4.0,2026-10-09T21:18:19.987731
2024-05-22,ECB_MRR,4.5,2026-10-09T21:18:19.987731
2024-05-23,ECB_DFR,4.0,2026-10-09T21:18:19.987731
2024-05-23,ECB_MRR,4.5,2026-10-09T21:18:19.987731
2024-05-24,ECB_DFR,4.0,2026-10-09T21:18:19.987731
2024-05-24,ECB_MRR,4.5,2026-10-09T21:18:19.987731
2024-05-25,ECB_DFR,4.0,2026-10-09T21:18:19.987731
2024-05-25,ECB_MRR,4.5,2026-10-09T21:18:19.987731
2024-05-26,ECB_DFR,4.0,2026-10-09T21:18:19.987731
2024-05-26,ECB_MRR,4.5,2026-10-09T21:18:19.987731
2024-05-27,ECB_DFR,4.0,2026-10-09T21:18:19.987731
2024-05-27,ECB_MRR,4.5,2026-10-09T21:18:19.987731
2024-05-28,ECB_DFR,4.0,2026-10-09T21:18:19.987731
2024-05-28,ECB_MRR,4.5,2026-10-09T21:18:19.987731
2024-05-29,ECB_DFR,4.0,2026-10-09T21:18:19.987731
2024-05-29,ECB_MRR,4.5,2026-10-09T21:18:19.987731
2024-05-30,ECB_DFR,4.0,2026-10-09T21:18:19.987731
2024-05-30,ECB_MRR,4.5,2026-10-09T21:18:19.987731
2024-05-31,ECB_DFR,4.0,2026-10-09T21:18:19.987731
2024-05-31,ECB_MRR,4.5,2026-10-09T21:18:19.987731
2024-06-01,ECB_DFR,4.0,2026-10-09T21:18:19.987731
2024-06-01,ECB_MRR,4.5,2026-10-09T21:18:19.987731
2024-06-02,ECB_DFR,4.0,2026-10-09T21:18:19.987731
2024-06-02,ECB_MRR,4.5,2026-10-09T21:18:19.987731
2024-06-03,ECB_DFR,4.0,2026-10-09T21:18:19.987731
2024-06-03,ECB_MRR,4.5,2026-10-09T21:18:19.987731
2024-06-04,ECB_DFR,4.0,2026-10-09T21:18:19.987731
2024-06-04,ECB_MRR,4.5,2026-10-09T21:18:19.987731
2024-06-05,ECB_DFR,4.0,2026-10-09T21:18:19.987731
2024-06-05,ECB_MRR,4.5,2026-10-09T21:18:19.987731
2024-06-06,ECB_DFR,4.0,2026-10-09T21:18:19.987731
2024-06-06,ECB_MRR,4.5,2026-10-09T21:18:19.987731
2024-06-07,ECB_DFR,4.0,2026-10-09T21:18:19.987731
2024-06-07,ECB_MRR,4.5,2026-10-09T21:18:19.987731
2024-06-08,ECB_DFR,4.0,2026-10-09T21:18:19.987731
2024-06-08,ECB_MRR,4.5,2026-10-09T21:18:19.987731
2024-06-09,ECB_DFR,4.0,2026-10-09T21:18:19.987731
2024-06-09,ECB_MRR,4.5,2026-10-09T21:18:19.987731
2024-06-10,ECB_DFR,4.0,2026-10-09T21:18:19.987731
2024-06-10,ECB_MRR,4.5,2026-10-09T21:18:19.987731
2024-06-11,ECB_DFR,4.0,2026-10-09T21:18:19.987731
2024-06-11,ECB_MRR,4.5,2026-10-09T21:18:19.987731
2024-06-12,ECB_DFR,3.75,2026-10-09T21:18:19.987731
2024-06-12,ECB_MRR,4.25,2026-10-09T21:18:19.987731
2024-06-13,ECB_DFR,3.75,2026-10-09T21:18:19.987731
2024-06-13,ECB_MRR,4.25,2026-10-09T21:18:19.987731
2024-06-14,ECB_DFR,3.75,2026-10-09T21:18:19.987731
2024-06-14,ECB_MRR,4.25,2026-10-09T21:18:19.987731
2024-06-15,ECB_DFR,3.75,2026-10-09T21:18:19.987731
2024-06-15,ECB_MRR,4.25,2026-10-09T21:18:19.987731
2024-06-16,ECB_DFR,3.75,2026-10-09T21:18:19.987731
2024-06-16,ECB_MRR,4.25,2026-10-09T21:18:19.987731
2024-06-17,ECB_DFR,3.75,2026-10-09T21:18:19.987731
2024-06-17,ECB_MRR,4.25,2026-10-09T21:18:19.987731
2024-06-18,ECB_DFR,3.75,2026-10-09T21:18:19.987731
2024-06-18,ECB_MRR,4.25,2026-10-09T21:18:19.987731
2024-06-19,ECB_DFR,3.75,2026-10-09T21:18:19.987731
2024-06-19,ECB_MRR,4.25,2026-10-09T21:18:19.987731
2024-06-20,ECB_DFR,3.75,2026-10-09T21:18:19.987731
2024-06-20,ECB_MRR,4.25,2026-10-09T21:18:19.987731
2024-06-21,ECB_DFR,3.75,2026-10-09T21:18:19.987731
2024-06-21,ECB_MRR,4.25,2026-10-09T21:18:19.987731
2024-06-22,ECB_DFR,3.75,2026-10-09T21:18:19.987731
2024-06-22,ECB_MRR,4.25,2026-10-09T21:18:19.987731
2024-06-23,ECB_DFR,3.75,2026-10-09T21:18:19.987731
2024-06-23,ECB_MRR,4.25,2026-10-09T21:18:19.987731
2024-06-24,ECB_DFR,3.75,2026-10-09T21:18:19.987731
2024-06-24,ECB_MRR,4.25,2026-10-09T21:18:19.987731
2024-06-25,ECB_DFR,3.75,2026-10-09T21:18:19.987731
2024-06-25,ECB_MRR,4.25,2026-10-09T21:18:19.987731
2024-06-26,ECB_DFR,3.75,2026-10-09T21:18:19.987731
2024-06-26,ECB_MRR,4.25,2026-10-09T21:18:19.987731
2024-06-27,ECB_DFR,3.75,2026-10-09T21:18:19.987731
2024-06-27,ECB_MRR,4.25,2026-10-09T21:18:19.987731
2024-06-28,ECB_DFR,3.75,2026-10-09T21:18:19.987731
2024-06-28,ECB_MRR,4.25,2026-10-09T21:18:19.987731
2024-06-29,ECB_DFR,3.75,2026-10-09T21:18:19.987731
2024-06-29,ECB_MRR,4.25,2026-10-09T21:18:19.987731
2024-06-30,ECB_DFR,3.75,2026-10-09T21:18:19.987731
2024-06-30,ECB_MRR,4.25,2026-10-09T21:18:19.987731
2024-07-01,ECB_DFR,3.75,2026-10-09T21:18:19.987731
2024-07-01,ECB_MRR,4.25,2026-10-09T21:18:19.987731
2024-07-02,ECB_DFR,3.75,2026-10-09T21:18:19.987731
2024-07-02,ECB_MRR,4.25,2026-10-09T21:18:19.987731
2024-07-03,ECB_DFR,3.75,2026-10-09T21:18:19.987731
2024-07-03,ECB_MRR,4.25,2026-10-09T21:18:19.987731
2024-07-04,ECB_DFR,3.75,2026-10-09T21:18:19.987731
2024-07-04,ECB_MRR,4.25,2026-10-09T21:18:19.987731
2024-07-05,ECB_DFR,3.75,2026-10-09T21:18:19.987731
2024-07-05,ECB_MRR,4.25,2026-10-09T21:18:19.987731
2024-07-06,ECB_DFR,3.75,2026-10-09T21:18:19.987731
2024-07-06,ECB_MRR,4.25,2026-10-09T21:18:19.987731
2024-07-07,ECB_DFR,3.75,2026-10-09T21:18:19.987731
2024-07-07,ECB_MRR,4.25,2026-10-09T21:18:19.987731
2024-07-08,ECB_DFR,3.75,2026-10-09T21:18:19.987731
2024-07-08,ECB_MRR,4.25,2026-10-09T21:18:19.987731
2024-07-09,ECB_DFR,3.75,2026-10-09T21:18:19.987731
2024-07-09,ECB_MRR,4.25,2026-10-09T21:18:19.987731
2024-07-10,ECB_DFR,3.75,2026-10-09T21:18:19.987731
2024-07-10,ECB_MRR,4.25,2026-10-09T21:18:19.987731
2024-07-11,ECB_DFR,3.75,2026-10-09T21:18:19.987731
2024-07-11,ECB_MRR,4.25,2026-10-09T21:18:19.987731
2024-07-12,ECB_DFR,3.75,2026-10-09T21:18:19.987731
2024-07-12,ECB_MRR,4.25,2026-10-09T21:18:19.987731
2024-07-13,ECB_DFR,3.75,2026-10-09T21:18:19.987731
2024-07-13,ECB_MRR,4.25,2026-10-09T21:18:19.987731
2024-07-14,ECB_DFR,3.75,2026-10-09T21:18:19.987731
2024-07-14,ECB_MRR,4.25,2026-10-09T21:18:19.987731
2024-07-15,ECB_DFR,3.75,2026-10-09T21:18:19.987731
2024-07-15,ECB_MRR,4.25,2026-10-09T21:18:19.987731
2024-07-16,ECB_DFR,3.75,2026-10-09T21:18:19.987731
2024-07-16,ECB_MRR,4.25,2026-10-09T21:18:19.987731
2024-07-17,ECB_DFR,3.75,2026-10-09T21:18:19.987731
2024-07-17,ECB_MRR,4.25,2026-10-09T21:18:19.987731
2024-07-18,ECB_DFR,3.75,2026-10-09T21:18:19.987731
2024-07-18,ECB_MRR,4.25,2026-10-09T21:18:19.987731
2024-07-19,ECB_DFR,3.75,2026-10-09T21:18:19.987731
2024-07-19,ECB_MRR,4.25,2026-10-09T21:18:19.987731
2024-07-20,ECB_DFR,3.75,2026-10-09T21:18:19.987731
2024-07-20,ECB_MRR,4.25,2026-10-09T21:18:19.987731
2024-07-21,ECB_DFR,3.75,2026-10-09T21:18:19.987731
2024-07-21,ECB_MRR,4.25,2026-10-09T21:18:19.987731
2024-07-22,ECB_DFR,3.75,2026-10-09T21:18:19.987731
2024-07-22,ECB_MRR,4.25,2026-10-09T21:18:19.987731
2024-07-23,ECB_DFR,3.75,2026-10-09T21:18:19.987731
2024-07-23,ECB_MRR,4.25,2026-10-09T21:18:19.987731
2024-07-24,ECB_DFR,3.75,2026-10-09T21:18:19.987731
2024-07-24,ECB_MRR,4.25,2026-10-09T21:18:19.987731
2024-07-25,ECB_DFR,3.75,2026-10-09T21:18:19.987731
2024-07-25,ECB_MRR,4.25,2026-10-09T21:18:19.987731
2024-07-26,ECB_DFR,3.75,2026-10-09T21:18:19.987731
2024-07-26,ECB_MRR,4.25,2026-10-09T21:18:19.987731
2024-07-27,ECB_DFR,3.75,2026-10-09T21:18:19.987731
2024-07-27,ECB_MRR,4.25,2026-10-09T21:18:19.987731
2024-07-28,ECB_DFR,3.75,2026-10-09T21:18:19.987731
2024-07-28,ECB_MRR,4.25,2026-10-09T21:18:19.987731
2024-07-29,ECB_DFR,3.75,2026-10-09T21:18:19.987731
2024-07-29,ECB_MRR,4.25,2026-10-09T21:18:19.987731
2024-07-30,ECB_DFR,3.75,2026-10-09T21:18:19.987731
2024-07-30,ECB_MRR,4.25,2026-10-09T21:18:19.987731
2024-07-31,ECB_DFR,3.75,2026-10-09T21:18:19.987731
2024-07-31,ECB_MRR,4.25,2026-10-09T21:18:19.987731
2024-08-01,ECB_DFR,3.75,2026-10-09T21:18:19.987731
2024-08-01,ECB_MRR,4.25,2026-10-09T21:18:19.987731
2024-08-02,ECB_DFR,3.75,2026-10-09T21:18:19.987731
2024-08-02,ECB_MRR,4.25,2026-10-09T21:18:19.987731
2024-08-03,ECB_DFR,3.75,2026-10-09T21:18:19.987731
2024-08-03,ECB_MRR,4.25,2026-10-09T21:18:19.987731
2024-08-04,ECB_DFR,3.75,2026-10-09T21:18:19.987731
2024-08-04,ECB_MRR,4.25,2026-10-09T21:18:19.987731
2024-08-05,ECB_DFR,3.75,2026-10-09T21:18:19.987731
2024-08-05,ECB_MRR,4.25,2026-10-09T21:18:19.987731
2024-08-06,ECB_DFR,3.75,2026-10-09T21:18:19.987731
2024-08-06,ECB_MRR,4.25,2026-10-09T21:18:19.987731
2024-08-07,ECB_DFR,3.75,2026-10-09T21:18:19.987731
2024-08-07,ECB_MRR,4.25,2026-10-09T21:18:19.987731
2024-08-08,ECB_DFR,3.75,2026-10-09T21:18:19.987731
2024-08-08,ECB_MRR,4.25,2026-10-09T21:18:19.987731
2024-08-09,ECB_DFR,3.75,2026-10-09T21:18:19.987731
2024-08-09,ECB_MRR,4.25,2026-10-09T21:18:19.987731
2024-08-10,ECB_DFR,3.75,2026-10-09T21:18:19.987731
2024-08-10,ECB_MRR,4.25,2026-10-09T21:18:19.987731
2024-08-11,ECB_DFR,3.75,2026-10-09T21:18:19.987731
2024-08-11,ECB_MRR,4.25,2026-10-09T21:18:19.987731
2024-08-12,ECB_DFR,3.75,2026-10-09T21:18:19.987731
2024-08-12,ECB_MRR,4.25,2026-10-09T21:18:19.987731
2024-08-13,ECB_DFR,3.75,2026-10-09T21:18:19.987731
2024-08-13,ECB_MRR,4.25,2026-10-09T21:18:19.987731
2024-08-14,ECB_DFR,3.75,2026-10-09T21:18:19.987731
2024-08-14,ECB_MRR,4.25,2026-10-09T21:18:19.987731
2024-08-15,ECB_DFR,3.75,2026-10-09T21:18:19.987731
2024-08-15,ECB_MRR,4.25,2026-10-09T21:18:19.987731
2024-08-16,ECB_DFR,3.75,2026-10-09T21:18:19.987731
2024-08-16,ECB_MRR,4.25,2026-10-09T21:18:19.987731
2024-08-17,ECB_DFR,3.75,2026-10-09T21:18:19.987731
2024-08-17,ECB_MRR,4.25,2026-10-09T21:18:19.987731
2024-08-18,ECB_DFR,3.75,2026-10-09T21:18:19.987731
2024-08-18,ECB_MRR,4.25,2026-10-09T21:18:19.987731
2024-08-19,ECB_DFR,3.75,2026-10-09T21:18:19.987731
2024-08-19,ECB_MRR,4.25,2026-10-09T21:18:19.987731
2024-08-20,ECB_DFR,3.75,2026-10-09T21:18:19.987731
2024-08-20,ECB_MRR,4.25,2026-10-09T21:18:19.987731
2024-08-21,ECB_DFR,3.75,2026-10-09T21:18:19.987731
2024-08-21,ECB_MRR,4.25,2026-10-09T21:18:19.987731
2024-08-22,ECB_DFR,3.75,2026-10-09T21:18:19.987731
2024-08-22,ECB_MRR,4.25,2026-10-09T21:18:19.987731
2024-08-23,ECB_DFR,3.75,2026-10-09T21:18:19.987731
2024-08-23,ECB_MRR,4.25,2026-10-09T21:18:19.987731
2024-08-24,ECB_DFR,3.75,2026-10-09T21:18:19.987731
2024-08-24,ECB_MRR,4.25,2026-10-09T21:18:19.987731
2024-08-25,ECB_DFR,3.75,2026-10-09T21:18:19.987731
2024-08-25,ECB_MRR,4.25,2026-10-09T21:18:19.987731
2024-08-26,ECB_DFR,3.75,2026-10-09T21:18:19.987731
2024-08-26,ECB_MRR,4.25,2026-10-09T21:18:19.987731
2024-08-27,ECB_DFR,3.75,2026-10-09T21:18:19.987731
2024-08-27,ECB_MRR,4.25,2026-10-09T21:18:19.987731
2024-08-28,ECB_DFR,3.75,2026-10-09T21:18:19.987731
2024-08-28,ECB_MRR,4.25,2026-10-09T21:18:19.987731
2024-08-29,ECB_DFR,3.75,2026-10-09T21:18:19.987731
2024-08-29,ECB_MRR,4.25,2026-10-09T21:18:19.987731
2024-08-30,ECB_DFR,3.75,2026-10-09T21:18:19.987731
2024-08-30,ECB_MRR,4.25,2026-10-09T21:18:19.987731
2024-08-31,ECB_DFR,3.75,2026-10-09T21:18:19.987731
2024-08-31,ECB_MRR,4.25,2026-10-09T21:18:19.987731
2024-09-01,ECB_DFR,3.75,2026-10-09T21:18:19.987731
2024-09-01,ECB_MRR,4.25,2026-10-09T21:18:19.987731
2024-09-02,ECB_DFR,3.75,2026-10-09T21:18:19.987731
2024-09-02,ECB_MRR,4.25,2026-10-09T21:18:19.987731
2024-09-03,ECB_DFR,3.75,2026-10-09T21:18:19.987731
2024-09-03,ECB_MRR,4.25,2026-10-09T21:18:19.987731
2024-09-04,ECB_DFR,3.75,2026-10-09T21:18:19.987731
2024-09-04,ECB_MRR,4.25,2026-10-09T21:18:19.987731
2024-09-05,ECB_DFR,3.75,2026-10-09T21:18:19.987731
2024-09-05,ECB_MRR,4.25,2026-10-09T21:18:19.987731
2024-09-06,ECB_DFR,3.75,2026-10-09T21:18:19.987731
2024-09-06,ECB_MRR,4.25,2026-10-09T21:18:19.987731
2024-09-07,ECB_DFR,3.75,2026-10-09T21:18:19.987731
2024-09-07,ECB_MRR,4.25,2026-10-09T21:18:19.987731
2024-09-08,ECB_DFR,3.75,2026-10-09T21:18:19.987731
2024-09-08,ECB_MRR,4.25,2026-10-09T21:18:19.987731
2024-09-09,ECB_DFR,3.75,2026-10-09T21:18:19.987731
2024-09-09,ECB_MRR,4.25,2026-10-09T21:18:19.987731
2024-09-10,ECB_DFR,3.75,2026-10-09T21:18:19.987731
2024-09-10,ECB_MRR,4.25,2026-10-09T21:18:19.987731
2024-09-11,ECB_DFR,3.75,2026-10-09T21:18:19.987731
2024-09-11,ECB_MRR,4.25,2026-10-09T21:18:19.987731
2024-09-12,ECB_DFR,3.75,2026-10-09T21:18:19.987731
2024-09-12,ECB_MRR,4.25,2026-10-09T21:18:19.987731
2024-09-13,ECB_DFR,3.75,2026-10-09T21:18:19.987731
2024-09-13,ECB_MRR,4.25,2026-10-09T21:18:19.987731
2024-09-14,ECB_DFR,3.75,2026-10-09T21:18:19.987731
2024-09-14,ECB_MRR,4.25,2026-10-09T21:18:19.987731
2024-09-15,ECB_DFR,3.75,2026-10-09T21:18:19.987731
2024-09-15,ECB_MRR,4.25,2026-10-09T21:18:19.987731
2024-09-16,ECB_DFR,3.75,2026-10-09T21:18:19.987731
2024-09-16,ECB_MRR,4.25,2026-10-09T21:18:19.987731
2024-09-17,ECB_DFR,3.75,2026-10-09T21:18:19.987731
2024-09-17,ECB_MRR,4.25,2026-10-09T21:18:19.987731
2024-09-18,ECB_DFR,3.5,2026-10-09T21:18:19.987731
2024-09-18,ECB_MRR,3.65,2026-10-09T21:18:19.987731
2024-09-19,ECB_DFR,3.5,2026-10-09T21:18:19.987731
2024-09-19,ECB_MRR,3.65,2026-10-09T21:18:19.987731
2024-09-20,ECB_DFR,3.5,2026-10-09T21:18:19.987731
2024-09-20,ECB_MRR,3.65,2026-10-09T21:18:19.987731
2024-09-21,ECB_DFR,3.5,2026-10-09T21:18:19.987731
2024-09-21,ECB_MRR,3.65,2026-10-09T21:18:19.987731
2024-09-22,ECB_DFR,3.5,2026-10-09T21:18:19.987731
2024-09-22,ECB_MRR,3.65,2026-10-09T21:18:19.987731
2024-09-23,ECB_DFR,3.5,2026-10-09T21:18:19.987731
2024-09-23,ECB_MRR,3.65,2026-10-09T21:18:19.987731
2024-09-24,ECB_DFR,3.5,2026-10-09T21:18:19.987731
2024-09-24,ECB_MRR,3.65,2026-10-09T21:18:19.987731
2024-09-25,ECB_DFR,3.5,2026-10-09T21:18:19.987731
2024-09-25,ECB_MRR,3.65,2026-10-09T21:18:19.987731
2024-09-26,ECB_DFR,3.5,2026-10-09T21:18:19.987731
2024-09-26,ECB_MRR,3.65,2026-10-09T21:18:19.987731
2024-09-27,ECB_DFR,3.5,2026-10-09T21:18:19.987731
2024-09-27,ECB_MRR,3.65,2026-10-09T21:18:19.987731
2024-09-28,ECB_DFR,3.5,2026-10-09T21:18:19.987731
2024-09-28,ECB_MRR,3.65,2026-10-09T21:18:19.987731
2024-09-29,ECB_DFR,3.5,2026-10-09T21:18:19.987731
2024-09-29,ECB_MRR,3.65,2026-10-09T21:18:19.987731
2024-09-30,ECB_DFR,3.5,2026-10-09T21:18:19.987731
2024-09-30,ECB_MRR,3.65,2026-10-09T21:18:19.987731
2024-10-01,ECB_DFR,3.5,2026-10-09T21:18:19.987731
2024-10-01,ECB_MRR,3.65,2026-10-09T21:18:19.987731
2024-10-02,ECB_DFR,3.5,2026-10-09T21:18:19.987731
2024-10-02,ECB_MRR,3.65,2026-10-09T21:18:19.987731
2024-10-03,ECB_DFR,3.5,2026-10-09T21:18:19.987731
2024-10-03,ECB_MRR,3.65,2026-10-09T21:18:19.987731
2024-10-04,ECB_DFR,3.5,2026-10-09T21:18:19.987731
2024-10-04,ECB_MRR,3.65,2026-10-09T21:18:19.987731
2024-10-05,ECB_DFR,3.5,2026-10-09T21:18:19.987731
2024-10-05,ECB_MRR,3.65,2026-10-09T21:18:19.987731
2024-10-06,ECB_DFR,3.5,2026-10-09T21:18:19.987731
2024-10-06,ECB_MRR,3.65,2026-10-09T21:18:19.987731
2024-10-07,ECB_DFR,3.5,2026-10-09T21:18:19.987731
2024-10-07,ECB_MRR,3.65,2026-10-09T21:18:19.987731
2024-10-08,ECB_DFR,3.5,2026-10-09T21:18:19.987731
2024-10-08,ECB_MRR,3.65,2026-10-09T21:18:19.987731
2024-10-09,ECB_DFR,3.5,2026-10-09T21:18:19.987731
2024-10-09,ECB_MRR,3.65,2026-10-09T21:18:19.987731
2024-10-10,ECB_DFR,3.5,2026-10-09T21:18:19.987731
2024-10-10,ECB_MRR,3.65,2026-10-09T21:18:19.987731
2024-10-11,ECB_DFR,3.5,2026-10-09T21:18:19.987731
2024-10-11,ECB_MRR,3.65,2026-10-09T21:18:19.987731
2024-10-12,ECB_DFR,3.5,2026-10-09T21:18:19.987731
2024-10-12,ECB_MRR,3.65,2026-10-09T21:18:19.987731
2024-10-13,ECB_DFR,3.5,2026-10-09T21:18:19.987731
2024-10-13,ECB_MRR,3.65,2026-10-09T21:18:19.987731
2024-10-14,ECB_DFR,3.5,2026-10-09T21:18:19.987731
2024-10-14,ECB_MRR,3.65,2026-10-09T21:18:19.987731
2024-10-15,ECB_DFR,3.5,2026-10-09T21:18:19.987731
2024-10-15,ECB_MRR,3.65,2026-10-09T21:18:19.987731
2024-10-16,ECB_DFR,3.5,2026-10-09T21:18:19.987731
2024-10-16,ECB_MRR,3.65,2026-10-09T21:18:19.987731
2024-10-17,ECB_DFR,3.5,2026-10-09T21:18:19.987731
2024-10-17,ECB_MRR,3.65,2026-10-09T21:18:19.987731
2024-10-18,ECB_DFR,3.5,2026-10-09T21:18:19.987731
2024-10-18,ECB_MRR,3.65,2026-10-09T21:18:19.987731
2024-10-19,ECB_DFR,3.5,2026-10-09T21:18:19.987731
2024-10-19,ECB_MRR,3.65,2026-10-09T21:18:19.987731
2024-10-20,ECB_DFR,3.5,2026-10-09T21:18:19.987731
2024-10-20,ECB_MRR,3.65,2026-10-09T21:18:19.987731
2024-10-21,ECB_DFR,3.5,2026-10-09T21:18:19.987731
2024-10-21,ECB_MRR,3.65,2026-10-09T21:18:19.987731
2024-10-22,ECB_DFR,3.5,2026-10-09T21:18:19.987731
2024-10-22,ECB_MRR,3.65,2026-10-09T21:18:19.987731
2024-10-23,ECB_DFR,3.25,2026-10-09T21:18:19.987731
2024-10-23,ECB_MRR,3.4,2026-10-09T21:18:19.987731
2024-10-24,ECB_DFR,3.25,2026-10-09T21:18:19.987731
2024-10-24,ECB_MRR,3.4,2026-10-09T21:18:19.987731
2024-10-25,ECB_DFR,3.25,2026-10-09T21:18:19.987731
2024-10-25,ECB_MRR,3.4,2026-10-09T21:18:19.987731
2024-10-26,ECB_DFR,3.25,2026-10-09T21:18:19.987731
2024-10-26,ECB_MRR,3.4,2026-10-09T21:18:19.987731
2024-10-27,ECB_DFR,3.25,2026-10-09T21:18:19.987731
2024-10-27,ECB_MRR,3.4,2026-10-09T21:18:19.987731
2024-10-28,ECB_DFR,3.25,2026-10-09T21:18:19.987731
2024-10-28,ECB_MRR,3.4,2026-10-09T21:18:19.987731
2024-10-29,ECB_DFR,3.25,2026-10-09T21:18:19.987731
2024-10-29,ECB_MRR,3.4,2026-10-09T21:18:19.987731
2024-10-30,ECB_DFR,3.25,2026-10-09T21:18:19.987731
2024-10-30,ECB_MRR,3.4,2026-10-09T21:18:19.987731
2024-10-31,ECB_DFR,3.25,2026-10-09T21:18:19.987731
2024-10-31,ECB_MRR,3.4,2026-10-09T21:18:19.987731
2024-11-01,ECB_DFR,3.25,2026-10-09T21:18:19.987731
2024-11-01,ECB_MRR,3.4,2026-10-09T21:18:19.987731
2024-11-02,ECB_DFR,3.25,2026-10-09T21:18:19.987731
2024-11-02,ECB_MRR,3.4,2026-10-09T21:18:19.987731
2024-11-03,ECB_DFR,3.25,2026-10-09T21:18:19.987731
2024-11-03,ECB_MRR,3.4,2026-10-09T21:18:19.987731
2024-11-04,ECB_DFR,3.25,2026-10-09T21:18:19.987731
2024-11-04,ECB_MRR,3.4,2026-10-09T21:18:19.987731
2024-11-05,ECB_DFR,3.25,2026-10-09T21:18:19.987731
2024-11-05,ECB_MRR,3.4,2026-10-09T21:18:19.987731
2024-11-06,ECB_DFR,3.25,2026-10-09T21:18:19.987731
2024-11-06,ECB_MRR,3.4,2026-10-09T21:18:19.987731
2024-11-07,ECB_DFR,3.25,2026-10-09T21:18:19.987731
2024-11-07,ECB_MRR,3.4,2026-10-09T21:18:19.987731
2024-11-08,ECB_DFR,3.25,2026-10-09T21:18:19.987731
2024-11-08,ECB_MRR,3.4,2026-10-09T21:18:19.987731
2024-11-09,ECB_DFR,3.25,2026-10-09T21:18:19.987731
2024-11-09,ECB_MRR,3.4,2026-10-09T21:18:19.987731
2024-11-10,ECB_DFR,3.25,2026-10-09T21:18:19.987731
2024-11-10,ECB_MRR,3.4,2026-10-09T21:18:19.987731
2024-11-11,ECB_DFR,3.25,2026-10-09T21:18:19.987731
2024-11-11,ECB_MRR,3.4,2026-10-09T21:18:19.987731
2024-11-12,ECB_DFR,3.25,2026-10-09T21:18:19.987731
2024-11-12,ECB_MRR,3.4,2026-10-09T21:18:19.987731
2024-11-13,ECB_DFR,3.25,2026-10-09T21:18:19.987731
2024-11-13,ECB_MRR,3.4,2026-10-09T21:18:19.987731
2024-11-14,ECB_DFR,3.25,2026-10-09T21:18:19.987731
2024-11-14,ECB_MRR,3.4,2026-10-09T21:18:19.987731
2024-11-15,ECB_DFR,3.25,2026-10-09T21:18:19.987731
2024-11-15,ECB_MRR,3.4,2026-10-09T21:18:19.987731
2024-11-16,ECB_DFR,3.25,2026-10-09T21:18:19.987731
2024-11-16,ECB_MRR,3.4,2026-10-09T21:18:19.987731
2024-11-17,ECB_DFR,3.25,2026-10-09T21:18:19.987731
2024-11-17,ECB_MRR,3.4,2026-10-09T21:18:19.987731
2024-11-18,ECB_DFR,3.25,2026-10-09T21:18:19.987731
2024-11-18,ECB_MRR,3.4,2026-10-09T21:18:19.987731
2024-11-19,ECB_DFR,3.25,2026-10-09T21:18:19.987731
2024-11-19,ECB_MRR,3.4,2026-10-09T21:18:19.987731
2024-11-20,ECB_DFR,3.25,2026-10-09T21:18:19.987731
2024-11-20,ECB_MRR,3.4,2026-10-09T21:18:19.987731
2024-11-21,ECB_DFR,3.25,2026-10-09T21:18:19.987731
2024-11-21,ECB_MRR,3.4,2026-10-09T21:18:19.987731
2024-11-22,ECB_DFR,3.25,2026-10-09T21:18:19.987731
2024-11-22,ECB_MRR,3.4,2026-10-09T21:18:19.987731
2024-11-23,ECB_DFR,3.25,2026-10-09T21:18:19.987731
2024-11-23,ECB_MRR,3.4,2026-10-09T21:18:19.987731
2024-11-24,ECB_DFR,3.25,2026-10-09T21:18:19.987731
2024-11-24,ECB_MRR,3.4,2026-10-09T21:18:19.987731
2024-11-25,ECB_DFR,3.25,2026-10-09T21:18:19.987731
2024-11-25,ECB_MRR,3.4,2026-10-09T21:18:19.987731
2024-11-26,ECB_DFR,3.25,2026-10-09T21:18:19.987731
2024-11-26,ECB_MRR,3.4,2026-10-09T21:18:19.987731
2024-11-27,ECB_DFR,3.25,2026-10-09T21:18:19.987731
2024-11-27,ECB_MRR,3.4,2026-10-09T21:18:19.987731
2024-11-28,ECB_DFR,3.25,2026-10-09T21:18:19.987731
2024-11-28,ECB_MRR,3.4,2026-10-09T21:18:19.987731
2024-11-29,ECB_DFR,3.25,2026-10-09T21:18:19.987731
2024-11-29,ECB_MRR,3.4,2026-10-09T21:18:19.987731
2024-11-30,ECB_DFR,3.25,2026-10-09T21:18:19.987731
2024-11-30,ECB_MRR,3.4,2026-10-09T21:18:19.987731
2024-12-01,ECB_DFR,3.25,2026-10-09T21:18:19.987731
2024-12-01,ECB_MRR,3.4,2026-10-09T21:18:19.987731
2024-12-02,ECB_DFR,3.25,2026-10-09T21:18:19.987731
2024-12-02,ECB_MRR,3.4,2026-10-09T21:18:19.987731
2024-12-03,ECB_DFR,3.25,2026-10-09T21:18:19.987731
2024-12-03,ECB_MRR,3.4,2026-10-09T21:18:19.987731
2024-12-04,ECB_DFR,3.25,2026-10-09T21:18:19.987731
2024-12-04,ECB_MRR,3.4,2026-10-09T21:18:19.987731
2024-12-05,ECB_DFR,3.25,2026-10-09T21:18:19.987731
2024-12-05,ECB_MRR,3.4,2026-10-09T21:18:19.987731
2024-12-06,ECB_DFR,3.25,2026-10-09T21:18:19.987731
2024-12-06,ECB_MRR,3.4,2026-10-09T21:18:19.987731
2024-12-07,ECB_DFR,3.25,2026-10-09T21:18:19.987731
2024-12-07,ECB_MRR,3.4,2026-10-09T21:18:19.987731
2024-12-08,ECB_DFR,3.25,2026-10-09T21:18:19.987731
2024-12-08,ECB_MRR,3.4,2026-10-09T21:18:19.987731
2024-12-09,ECB_DFR,3.25,2026-10-09T21:18:19.987731
2024-12-09,ECB_MRR,3.4,2026-10-09T21:18:19.987731
2024-12-10,ECB_DFR,3.25,2026-10-09T21:18:19.987731
2024-12-10,ECB_MRR,3.4,2026-10-09T21:18:19.987731
2024-12-11,ECB_DFR,3.25,2026-10-09T21:18:19.987731
2024-12-11,ECB_MRR,3.4,2026-10-09T21:18:19.987731
2024-12-12,ECB_DFR,3.25,2026-10-09T21:18:19.987731
2024-12-12,ECB_MRR,3.4,2026-10-09T21:18:19.987731
2024-12-13,ECB_DFR,3.25,2026-10-09T21:18:19.987731
2024-12-13,ECB_MRR,3.4,2026-10-09T21:18:19.987731
2024-12-14,ECB_DFR,3.25,2026-10-09T21:18:19.987731
2024-12-14,ECB_MRR,3.4,2026-10-09T21:18:19.987731
2024-12-15,ECB_DFR,3.25,2026-10-09T21:18:19.987731
2024-12-15,ECB_MRR,3.4,2026-10-09T21:18:19.987731
2024-12-16,ECB_DFR,3.25,2026-10-09T21:18:19.987731
2024-12-16,ECB_MRR,3.4,2026-10-09T21:18:19.987731
2024-12-17,ECB_DFR,3.25,2026-10-09T21:18:19.987731
2024-12-17,ECB_MRR,3.4,2026-10-09T21:18:19.987731
2024-12-18,ECB_DFR,3.0,2026-10-09T21:18:19.987731
2024-12-18,ECB_MRR,3.15,2026-10-09T21:18:19.987731
2024-12-19,ECB_DFR,3.0,2026-10-09T21:18:19.987731
2024-12-19,ECB_MRR,3.15,2026-10-09T21:18:19.987731
2024-12-20,ECB_DFR,3.0,2026-10-09T21:18:19.987731
2024-12-20,ECB_MRR,3.15,2026-10-09T21:18:19.987731
2024-12-21,ECB_DFR,3.0,2026-10-09T21:18:19.987731
2024-12-21,ECB_MRR,3.15,2026-10-09T21:18:19.987731
2024-12-22,ECB_DFR,3.0,2026-10-09T21:18:19.987731
2024-12-22,ECB_MRR,3.15,2026-10-09T21:18:19.987731
2024-12-23,ECB_DFR,3.0,2026-10-09T21:18:19.987731
2024-12-23,ECB_MRR,3.15,2026-10-09T21:18:19.987731
2024-12-24,ECB_DFR,3.0,2026-10-09T21:18:19.987731
2024-12-24,ECB_MRR,3.15,2026-10-09T21:18:19.987731
2024-12-25,ECB_DFR,3.0,2026-10-09T21:18:19.987731
2024-12-25,ECB_MRR,3.15,2026-10-09T21:18:19.987731
2024-12-26,ECB_DFR,3.0,2026-10-09T21:18:19.987731
2024-12-26,ECB_MRR,3.15,2026-10-09T21:18:19.987731
2024-12-27,ECB_DFR,3.0,2026-10-09T21:18:19.987731
2024-12-27,ECB_MRR,3.15,2026-10-09T21:18:19.987731
2024-12-28,ECB_DFR,3.0,2026-10-09T21:18:19.987731
2024-12-28,ECB_MRR,3.15,2026-10-09T21:18:19.987731
2024-12-29,ECB_DFR,3.0,2026-10-09T21:18:19.987731
2024-12-29,ECB_MRR,3.15,2026-10-09T21:18:19.987731
2024-12-30,ECB_DFR,3.0,2026-10-09T21:18:19.987731
2024-12-30,ECB_MRR,3.15,2026-10-09T21:18:19.987731
2024-12-31,ECB_DFR,3.0,2026-10-09T21:18:19.987731
2024-12-31,ECB_MRR,3.15,2026-10-09T21:18:19.987731
2025-01-01,ECB_DFR,3.0,2026-10-09T21:18:19.987731
2025-01-01,ECB_MRR,3.15,2026-10-09T21:18:19.987731
2025-01-02,ECB_DFR,3.0,2026-10-09T21:18:19.987731
2025-01-02,ECB_MRR,3.15,2026-10-09T21:18:19.987731
2025-01-03,ECB_DFR,3.0,2026-10-09T21:18:19.987731
2025-01-03,ECB_MRR,3.15,2026-10-09T21:18:19.987731
2025-01-04,ECB_DFR,3.0,2026-10-09T21:18:19.987731
2025-01-04,ECB_MRR,3.15,2026-10-09T21:18:19.987731
2025-01-05,ECB_DFR,3.0,2026-10-09T21:18:19.987731
2025-01-05,ECB_MRR,3.15,2026-10-09T21:18:19.987731
2025-01-06,ECB_DFR,3.0,2026-10-09T21:18:19.987731
2025-01-06,ECB_MRR,3.15,2026-10-09T21:18:19.987731
2025-01-07,ECB_DFR,3.0,2026-10-09T21:18:19.987731
2025-01-07,ECB_MRR,3.15,2026-10-09T21:18:19.987731
2025-01-08,ECB_DFR,3.0,2026-10-09T21:18:19.987731
2025-01-08,ECB_MRR,3.15,2026-10-09T21:18:19.987731
2025-01-09,ECB_DFR,3.0,2026-10-09T21:18:19.987731
2025-01-09,ECB_MRR,3.15,2026-10-09T21:18:19.987731
2025-01-10,ECB_DFR,3.0,2026-10-09T21:18:19.987731
2025-01-10,ECB_MRR,3.15,2026-10-09T21:18:19.987731
2025-01-11,ECB_DFR,3.0,2026-10-09T21:18:19.987731
2025-01-11,ECB_MRR,3.15,2026-10-09T21:18:19.987731
2025-01-12,ECB_DFR,3.0,2026-10-09T21:18:19.987731
2025-01-12,ECB_MRR,3.15,2026-10-09T21:18:19.987731
2025-01-13,ECB_DFR,3.0,2026-10-09T21:18:19.987731
2025-01-13,ECB_MRR,3.15,2026-10-09T21:18:19.987731
2025-01-14,ECB_DFR,3.0,2026-10-09T21:18:19.987731
2025-01-14,ECB_MRR,3.15,2026-10-09T21:18:19.987731
2025-01-15,ECB_DFR,3.0,2026-10-09T21:18:19.987731
2025-01-15,ECB_MRR,3.15,2026-10-09T21:18:19.987731
2025-01-16,ECB_DFR,3.0,2026-10-09T21:18:19.987731
2025-01-16,ECB_MRR,3.15,2026-10-09T21:18:19.987731
2025-01-17,ECB_DFR,3.0,2026-10-09T21:18:19.987731
2025-01-17,ECB_MRR,3.15,2026-10-09T21:18:19.987731
2025-01-18,ECB_DFR,3.0,2026-10-09T21:18:19.987731
2025-01-18,ECB_MRR,3.15,2026-10-09T21:18:19.987731
2025-01-19,ECB_DFR,3.0,2026-10-09T21:18:19.987731
2025-01-19,ECB_MRR,3.15,2026-10-09T21:18:19.987731
2025-01-20,ECB_DFR,3.0,2026-10-09T21:18:19.987731
2025-01-20,ECB_MRR,3.15,2026-10-09T21:18:19.987731
2025-01-21,ECB_DFR,3.0,2026-10-09T21:18:19.987731
2025-01-21,ECB_MRR,3.15,2026-10-09T21:18:19.987731
2025-01-22,ECB_DFR,3.0,2026-10-09T21:18:19.987731
2025-01-22,ECB_MRR,3.15,2026-10-09T21:18:19.987731
2025-01-23,ECB_DFR,3.0,2026-10-09T21:18:19.987731
2025-01-23,ECB_MRR,3.15,2026-10-09T21:18:19.987731
2025-01-24,ECB_DFR,3.0,2026-10-09T21:18:19.987731
2025-01-24,ECB_MRR,3.15,2026-10-09T21:18:19.987731
2025-01-25,ECB_DFR,3.0,2026-10-09T21:18:19.987731
2025-01-25,ECB_MRR,3.15,2026-10-09T21:18:19.987731
2025-01-26,ECB_DFR,3.0,2026-10-09T21:18:19.987731
2025-01-26,ECB_MRR,3.15,2026-10-09T21:18:19.987731
2025-01-27,ECB_DFR,3.0,2026-10-09T21:18:19.987731
2025-01-27,ECB_MRR,3.15,2026-10-09T21:18:19.987731
2025-01-28,ECB_DFR,3.0,2026-10-09T21:18:19.987731
2025-01-28,ECB_MRR,3.15,2026-10-09T21:18:19.987731
2025-01-29,ECB_DFR,3.0,2026-10-09T21:18:19.987731
2025-01-29,ECB_MRR,3.15,2026-10-09T21:18:19.987731
2025-01-30,ECB_DFR,3.0,2026-10-09T21:18:19.987731
2025-01-30,ECB_MRR,3.15,2026-10-09T21:18:19.987731
2025-01-31,ECB_DFR,3.0,2026-10-09T21:18:19.987731
2025-01-31,ECB_MRR,3.15,2026-10-09T21:18:19.987731
2025-02-01,ECB_DFR,3.0,2026-10-09T21:18:19.987731
2025-02-01,ECB_MRR,3.15,2026-10-09T21:18:19.987731
2025-02-02,ECB_DFR,3.0,2026-10-09T21:18:19.987731
2025-02-02,ECB_MRR,3.15,2026-10-09T21:18:19.987731
2025-02-03,ECB_DFR,3.0,2026-10-09T21:18:19.987731
2025-02-03,ECB_MRR,3.15,2026-10-09T21:18:19.987731
2025-02-04,ECB_DFR,3.0,2026-10-09T21:18:19.987731
2025-02-04,ECB_MRR,3.15,2026-10-09T21:18:19.987731
2025-02-05,ECB_DFR,2.75,2026-10-09T21:18:19.987731
2025-02-05,ECB_MRR,2.9,2026-10-09T21:18:19.987731
2025-02-06,ECB_DFR,2.75,2026-10-09T21:18:19.987731
2025-02-06,ECB_MRR,2.9,2026-10-09T21:18:19.987731
2025-02-07,ECB_DFR,2.75,2026-10-09T21:18:19.987731
2025-02-07,ECB_MRR,2.9,2026-10-09T21:18:19.987731
2025-02-08,ECB_DFR,2.75,2026-10-09T21:18:19.987731
2025-02-08,ECB_MRR,2.9,2026-10-09T21:18:19.987731
2025-02-09,ECB_DFR,2.75,2026-10-09T21:18:19.987731
2025-02-09,ECB_MRR,2.9,2026-10-09T21:18:19.987731
2025-02-10,ECB_DFR,2.75,2026-10-09T21:18:19.987731
2025-02-10,ECB_MRR,2.9,2026-10-09T21:18:19.987731
2025-02-11,ECB_DFR,2.75,2026-10-09T21:18:19.987731
2025-02-11,ECB_MRR,2.9,2026-10-09T21:18:19.987731
2025-02-12,ECB_DFR,2.75,2026-10-09T21:18:19.987731
2025-02-12,ECB_MRR,2.9,2026-10-09T21:18:19.987731
2025-02-13,ECB_DFR,2.75,2026-10-09T21:18:19.987731
2025-02-13,ECB_MRR,2.9,2026-10-09T21:18:19.987731
2025-02-14,ECB_DFR,2.75,2026-10-09T21:18:19.987731
2025-02-14,ECB_MRR,2.9,2026-10-09T21:18:19.987731
2025-02-15,ECB_DFR,2.75,2026-10-09T21:18:19.987731
2025-02-15,ECB_MRR,2.9,2026-10-09T21:18:19.987731
2025-02-16,ECB_DFR,2.75,2026-10-09T21:18:19.987731
2025-02-16,ECB_MRR,2.9,2026-10-09T21:18:19.987731
2025-02-17,ECB_DFR,2.75,2026-10-09T21:18:19.987731
2025-02-17,ECB_MRR,2.9,2026-10-09T21:18:19.987731
2025-02-18,ECB_DFR,2.75,2026-10-09T21:18:19.987731
2025-02-18,ECB_MRR,2.9,2026-10-09T21:18:19.987731
2025-02-19,ECB_DFR,2.75,2026-10-09T21:18:19.987731
2025-02-19,ECB_MRR,2.9,2026-10-09T21:18:19.987731
2025-02-20,ECB_DFR,2.75,2026-10-09T21:18:19.987731
2025-02-20,ECB_MRR,2.9,2026-10-09T21:18:19.987731
2025-02-21,ECB_DFR,2.75,2026-10-09T21:18:19.987731
2025-02-21,ECB_MRR,2.9,2026-10-09T21:18:19.987731
2025-02-22,ECB_DFR,2.75,2026-10-09T21:18:19.987731
2025-02-22,ECB_MRR,2.9,2026-10-09T21:18:19.987731
2025-02-23,ECB_DFR,2.75,2026-10-09T21:18:19.987731
2025-02-23,ECB_MRR,2.9,2026-10-09T21:18:19.987731
2025-02-24,ECB_DFR,2.75,2026-10-09T21:18:19.987731
2025-02-24,ECB_MRR,2.9,2026-10-09T21:18:19.987731
2025-02-25,ECB_DFR,2.75,2026-10-09T21:18:19.987731
2025-02-25,ECB_MRR,2.9,2026-10-09T21:18:19.987731
2025-02-26,ECB_DFR,2.75,2026-10-09T21:18:19.987731
2025-02-26,ECB_MRR,2.9,2026-10-09T21:18:19.987731
2025-02-27,ECB_DFR,2.75,2026-10-09T21:18:19.987731
2025-02-27,ECB_MRR,2.9,2026-10-09T21:18:19.987731
2025-02-28,ECB_DFR,2.75,2026-10-09T21:18:19.987731
2025-02-28,ECB_MRR,2.9,2026-10-09T21:18:19.987731
2025-03-01,ECB_DFR,2.75,2026-10-09T21:18:19.987731
2025-03-01,ECB_MRR,2.9,2026-10-09T21:18:19.987731
2025-03-02,ECB_DFR,2.75,2026-10-09T21:18:19.987731
2025-03-02,ECB_MRR,2.9,2026-10-09T21:18:19.987731
2025-03-03,ECB_DFR,2.75,2026-10-09T21:18:19.987731
2025-03-03,ECB_MRR,2.9,2026-10-09T21:18:19.987731
2025-03-04,ECB_DFR,2.75,2026-10-09T21:18:19.987731
2025-03-04,ECB_MRR,2.9,2026-10-09T21:18:19.987731
2025-03-05,ECB_DFR,2.75,2026-10-09T21:18:19.987731
2025-03-05,ECB_MRR,2.9,2026-10-09T21:18:19.987731
2025-03-06,ECB_DFR,2.75,2026-10-09T21:18:19.987731
2025-03-06,ECB_MRR,2.9,2026-10-09T21:18:19.987731
2025-03-07,ECB_DFR,2.75,2026-10-09T21:18:19.987731
2025-03-07,ECB_MRR,2.9,2026-10-09T21:18:19.987731
2025-03-08,ECB_DFR,2.75,2026-10-09T21:18:19.987731
2025-03-08,ECB_MRR,2.9,2026-10-09T21:18:19.987731
2025-03-09,ECB_DFR,2.75,2026-10-09T21:18:19.987731
2025-03-09,ECB_MRR,2.9,2026-10-09T21:18:19.987731
2025-03-10,ECB_DFR,2.75,2026-10-09T21:18:19.987731
2025-03-10,ECB_MRR,2.9,2026-10-09T21:18:19.987731
2025-03-11,ECB_DFR,2.75,2026-10-09T21:18:19.987731
2025-03-11,ECB_MRR,2.9,2026-10-09T21:18:19.987731
2025-03-12,ECB_DFR,2.5,2026-10-09T21:18:19.987731
2025-03-12,ECB_MRR,2.65,2026-10-09T21:18:19.987731
2025-03-13,ECB_DFR,2.5,2026-10-09T21:18:19.987731
2025-03-13,ECB_MRR,2.65,2026-10-09T21:18:19.987731
2025-03-14,ECB_DFR,2.5,2026-10-09T21:18:19.987731
2025-03-14,ECB_MRR,2.65,2026-10-09T21:18:19.987731
2025-03-15,ECB_DFR,2.5,2026-10-09T21:18:19.987731
2025-03-15,ECB_MRR,2.65,2026-10-09T21:18:19.987731
2025-03-16,ECB_DFR,2.5,2026-10-09T21:18:19.987731
2025-03-16,ECB_MRR,2.65,2026-10-09T21:18:19.987731
2025-03-17,ECB_DFR,2.5,2026-10-09T21:18:19.987731
2025-03-17,ECB_MRR,2.65,2026-10-09T21:18:19.987731
2025-03-18,ECB_DFR,2.5,2026-10-09T21:18:19.987731
2025-03-18,ECB_MRR,2.65,2026-10-09T21:18:19.987731
2025-03-19,ECB_DFR,2.5,2026-10-09T21:18:19.987731
2025-03-19,ECB_MRR,2.65,2026-10-09T21:18:19.987731
2025-03-20,ECB_DFR,2.5,2026-10-09T21:18:19.987731
2025-03-20,ECB_MRR,2.65,2026-10-09T21:18:19.987731
2025-03-21,ECB_DFR,2.5,2026-10-09T21:18:19.987731
2025-03-21,ECB_MRR,2.65,2026-10-09T21:18:19.987731
2025-03-22,ECB_DFR,2.5,2026-10-09T21:18:19.987731
2025-03-22,ECB_MRR,2.65,2026-10-09T21:18:19.987731
2025-03-23,ECB_DFR,2.5,2026-10-09T21:18:19.987731
2025-03-23,ECB_MRR,2.65,2026-10-09T21:18:19.987731
2025-03-24,ECB_DFR,2.5,2026-10-09T21:18:19.987731
2025-03-24,ECB_MRR,2.65,2026-10-09T21:18:19.987731
2025-03-25,ECB_DFR,2.5,2026-10-09T21:18:19.987731
2025-03-25,ECB_MRR,2.65,2026-10-09T21:18:19.987731
2025-03-26,ECB_DFR,2.5,2026-10-09T21:18:19.987731
2025-03-26,ECB_MRR,2.65,2026-10-09T21:18:19.987731
2025-03-27,ECB_DFR,2.5,2026-10-09T21:18:19.987731
2025-03-27,ECB_MRR,2.65,2026-10-09T21:18:19.987731
2025-03-28,ECB_DFR,2.5,2026-10-09T21:18:19.987731
2025-03-28,ECB_MRR,2.65,2026-10-09T21:18:19.987731
2025-03-29,ECB_DFR,2.5,2026-10-09T21:18:19.987731
2025-03-29,ECB_MRR,2.65,2026-10-09T21:18:19.987731
2025-03-30,ECB_DFR,2.5,2026-10-09T21:18:19.987731
2025-03-30,ECB_MRR,2.65,2026-10-09T21:18:19.987731
2025-03-31,ECB_DFR,2.5,2026-10-09T21:18:19.987731
2025-03-31,ECB_MRR,2.65,2026-10-09T21:18:19.987731
2025-04-01,ECB_DFR,2.5,2026-10-09T21:18:19.987731
2025-04-01,ECB_MRR,2.65,2026-10-09T21:18:19.987731
2025-04-02,ECB_DFR,2.5,2026-10-09T21:18:19.987731
2025-04-02,ECB_MRR,2.65,2026-10-09T21:18:19.987731
2025-04-03,ECB_DFR,2.5,2026-10-09T21:18:19.987731
2025-04-03,ECB_MRR,2.65,2026-10-09T21:18:19.987731
2025-04-04,ECB_DFR,2.5,2026-10-09T21:18:19.987731
2025-04-04,ECB_MRR,2.65,2026-10-09T21:18:19.987731
2025-04-05,ECB_DFR,2.5,2026-10-09T21:18:19.987731
2025-04-05,ECB_MRR,2.65,2026-10-09T21:18:19.987731
2025-04-06,ECB_DFR,2.5,2026-10-09T21:18:19.987731
2025-04-06,ECB_MRR,2.65,2026-10-09T21:18:19.987731
2025-04-07,ECB_DFR,2.5,2026-10-09T21:18:19.987731
2025-04-07,ECB_MRR,2.65,2026-10-09T21:18:19.987731
2025-04-08,ECB_DFR,2.5,2026-10-09T21:18:19.987731
2025-04-08,ECB_MRR,2.65,2026-10-09T21:18:19.987731
2025-04-09,ECB_DFR,2.5,2026-10-09T21:18:19.987731
2025-04-09,ECB_MRR,2.65,2026-10-09T21:18:19.987731
2025-04-10,ECB_DFR,2.5,2026-10-09T21:18:19.987731
2025-04-10,ECB_MRR,2.65,2026-10-09T21:18:19.987731
2025-04-11,ECB_DFR,2.5,2026-10-09T21:18:19.987731
2025-04-11,ECB_MRR,2.65,2026-10-09T21:18:19.987731
2025-04-12,ECB_DFR,2.5,2026-10-09T21:18:19.987731
2025-04-12,ECB_MRR,2.65,2026-10-09T21:18:19.987731
2025-04-13,ECB_DFR,2.5,2026-10-09T21:18:19.987731
2025-04-13,ECB_MRR,2.65,2026-10-09T21:18:19.987731
2025-04-14,ECB_DFR,2.5,2026-10-09T21:18:19.987731
2025-04-14,ECB_MRR,2.65,2026-10-09T21:18:19.987731
2025-04-15,ECB_DFR,2.5,2026-10-09T21:18:19.987731
2025-04-15,ECB_MRR,2.65,2026-10-09T21:18:19.987731
2025-04-16,ECB_DFR,2.5,2026-10-09T21:18:19.987731
2025-04-16,ECB_MRR,2.65,2026-10-09T21:18:19.987731
2025-04-17,ECB_DFR,2.5,2026-10-09T21:18:19.987731
2025-04-17,ECB_MRR,2.65,2026-10-09T21:18:19.987731
2025-04-18,ECB_DFR,2.5,2026-10-09T21:18:19.987731
2025-04-18,ECB_MRR,2.65,2026-10-09T21:18:19.987731
2025-04-19,ECB_DFR,2.5,2026-10-09T21:18:19.987731
2025-04-19,ECB_MRR,2.65,2026-10-09T21:18:19.987731
2025-04-20,ECB_DFR,2.5,2026-10-09T21:18:19.987731
2025-04-20,ECB_MRR,2.65,2026-10-09T21:18:19.987731
2025-04-21,ECB_DFR,2.5,2026-10-09T21:18:19.987731
2025-04-21,ECB_MRR,2.65,2026-10-09T21:18:19.987731
2025-04-22,ECB_DFR,2.5,2026-10-09T21:18:19.987731
2025-04-22,ECB_MRR,2.65,2026-10-09T21:18:19.987731
2025-04-23,ECB_DFR,2.25,2026-10-09T21:18:19.987731
2025-04-23,ECB_MRR,2.4,2026-10-09T21:18:19.987731
2025-04-24,ECB_DFR,2.25,2026-10-09T21:18:19.987731
2025-04-24,ECB_MRR,2.4,2026-10-09T21:18:19.987731
2025-04-25,ECB_DFR,2.25,2026-10-09T21:18:19.987731
2025-04-25,ECB_MRR,2.4,2026-10-09T21:18:19.987731
2025-04-26,ECB_DFR,2.25,2026-10-09T21:18:19.987731
2025-04-26,ECB_MRR,2.4,2026-10-09T21:18:19.987731
2025-04-27,ECB_DFR,2.25,2026-10-09T21:18:19.987731
2025-04-27,ECB_MRR,2.4,2026-10-09T21:18:19.987731
2025-04-28,ECB_DFR,2.25,2026-10-09T21:18:19.987731
2025-04-28,ECB_MRR,2.4,2026-10-09T21:18:19.987731
2025-04-29,ECB_DFR,2.25,2026-10-09T21:18:19.987731
2025-04-29,ECB_MRR,2.4,2026-10-09T21:18:19.987731
2025-04-30,ECB_DFR,2.25,2026-10-09T21:18:19.987731
2025-04-30,ECB_MRR,2.4,2026-10-09T21:18:19.987731
2025-05-01,ECB_DFR,2.25,2026-10-09T21:18:19.987731
2025-05-01,ECB_MRR,2.4,2026-10-09T21:18:19.987731
2025-05-02,ECB_DFR,2.25,2026-10-09T21:18:19.987731
2025-05-02,ECB_MRR,2.4,2026-10-09T21:18:19.987731
2025-05-03,ECB_DFR,2.25,2026-10-09T21:18:19.987731
2025-05-03,ECB_MRR,2.4,2026-10-09T21:18:19.987731
2025-05-04,ECB_DFR,2.25,2026-10-09T21:18:19.987731
2025-05-04,ECB_MRR,2.4,2026-10-09T21:18:19.987731
2025-05-05,ECB_DFR,2.25,2026-10-09T21:18:19.987731
2025-05-05,ECB_MRR,2.4,2026-10-09T21:18:19.987731
2025-05-06,ECB_DFR,2.25,2026-10-09T21:18:19.987731
2025-05-06,ECB_MRR,2.4,2026-10-09T21:18:19.987731
2025-05-07,ECB_DFR,2.25,2026-10-09T21:18:19.987731
2025-05-07,ECB_MRR,2.4,2026-10-09T21:18:19.987731
2025-05-08,ECB_DFR,2.25,2026-10-09T21:18:19.987731
2025-05-08,ECB_MRR,2.4,2026-10-09T21:18:19.987731
2025-05-09,ECB_DFR,2.25,2026-10-09T21:18:19.987731
2025-05-09,ECB_MRR,2.4,2026-10-09T21:18:19.987731
2025-05-10,ECB_DFR,2.25,2026-10-09T21:18:19.987731
2025-05-10,ECB_MRR,2.4,2026-10-09T21:18:19.987731
2025-05-11,ECB_DFR,2.25,2026-10-09T21:18:19.987731
2025-05-11,ECB_MRR,2.4,2026-10-09T21:18:19.987731
2025-05-12,ECB_DFR,2.25,2026-10-09T21:18:19.987731
2025-05-12,ECB_MRR,2.4,2026-10-09T21:18:19.987731
2025-05-13,ECB_DFR,2.25,2026-10-09T21:18:19.987731
2025-05-13,ECB_MRR,2.4,2026-10-09T21:18:19.987731
2025-05-14,ECB_DFR,2.25,2026-10-09T21:18:19.987731
2025-05-14,ECB_MRR,2.4,2026-10-09T21:18:19.987731
2025-05-15,ECB_DFR,2.25,2026-10-09T21:18:19.987731
2025-05-15,ECB_MRR,2.4,2026-10-09T21:18:19.987731
2025-05-16,ECB_DFR,2.25,2026-10-09T21:18:19.987731
2025-05-16,ECB_MRR,2.4,2026-10-09T21:18:19.987731
2025-05-17,ECB_DFR,2.25,2026-10-09T21:18:19.987731
2025-05-17,ECB_MRR,2.4,2026-10-09T21:18:19.987731
2025-05-18,ECB_DFR,2.25,2026-10-09T21:18:19.987731
2025-05-18,ECB_MRR,2.4,2026-10-09T21:18:19.987731
2025-05-19,ECB_DFR,2.25,2026-10-09T21:18:19.987731
2025-05-19,ECB_MRR,2.4,2026-10-09T21:18:19.987731
2025-05-20,ECB_DFR,2.25,2026-10-09T21:18:19.987731
2025-05-20,ECB_MRR,2.4,2026-10-09T21:18:19.987731
2025-05-21,ECB_DFR,2.25,2026-10-09T21:18:19.987731
2025-05-21,ECB_MRR,2.4,2026-10-09T21:18:19.987731
2025-05-22,ECB_DFR,2.25,2026-10-09T21:18:19.987731
2025-05-22,ECB_MRR,2.4,2026-10-09T21:18:19.987731
2025-05-23,ECB_DFR,2.25,2026-10-09T21:18:19.987731
2025-05-23,ECB_MRR,2.4,2026-10-09T21:18:19.987731
2025-05-24,ECB_DFR,2.25,2026-10-09T21:18:19.987731
2025-05-24,ECB_MRR,2.4,2026-10-09T21:18:19.987731
2025-05-25,ECB_DFR,2.25,2026-10-09T21:18:19.987731
2025-05-25,ECB_MRR,2.4,2026-10-09T21:18:19.987731
2025-05-26,ECB_DFR,2.25,2026-10-09T21:18:19.987731
2025-05-26,ECB_MRR,2.4,2026-10-09T21:18:19.987731
2025-05-27,ECB_DFR,2.25,2026-10-09T21:18:19.987731
2025-05-27,ECB_MRR,2.4,2026-10-09T21:18:19.987731
2025-05-28,ECB_DFR,2.25,2026-10-09T21:18:19.987731
2025-05-28,ECB_MRR,2.4,2026-10-09T21:18:19.987731
2025-05-29,ECB_DFR,2.25,2026-10-09T21:18:19.987731
2025-05-29,ECB_MRR,2.4,2026-10-09T21:18:19.987731
2025-05-30,ECB_DFR,2.25,2026-10-09T21:18:19.987731
2025-05-30,ECB_MRR,2.4,2026-10-09T21:18:19.987731
2025-05-31,ECB_DFR,2.25,2026-10-09T21:18:19.987731
2025-05-31,ECB_MRR,2.4,2026-10-09T21:18:19.987731
2025-06-01,ECB_DFR,2.25,2026-10-09T21:18:19.987731
2025-06-01,ECB_MRR,2.4,2026-10-09T21:18:19.987731
2025-06-02,ECB_DFR,2.25,2026-10-09T21:18:19.987731
2025-06-02,ECB_MRR,2.4,2026-10-09T21:18:19.987731
2025-06-03,ECB_DFR,2.25,2026-10-09T21:18:19.987731
2025-06-03,ECB_MRR,2.4,2026-10-09T21:18:19.987731
2025-06-04,ECB_DFR,2.25,2026-10-09T21:18:19.987731
2025-06-04,ECB_MRR,2.4,2026-10-09T21:18:19.987731
2025-06-05,ECB_DFR,2.25,2026-10-09T21:18:19.987731
2025-06-05,ECB_MRR,2.4,2026-10-09T21:18:19.987731
2025-06-06,ECB_DFR,2.25,2026-10-09T21:18:19.987731
2025-06-06,ECB_MRR,2.4,2026-10-09T21:18:19.987731
2025-06-07,ECB_DFR,2.25,2026-10-09T21:18:19.987731
2025-06-07,ECB_MRR,2.4,2026-10-09T21:18:19.987731
2025-06-08,ECB_DFR,2.25,2026-10-09T21:18:19.987731
2025-06-08,ECB_MRR,2.4,2026-10-09T21:18:19.987731
2025-06-09,ECB_DFR,2.25,2026-10-09T21:18:19.987731
2025-06-09,ECB_MRR,2.4,2026-10-09T21:18:19.987731
2025-06-10,ECB_DFR,2.25,2026-10-09T21:18:19.987731
2025-06-10,ECB_MRR,2.4,2026-10-09T21:18:19.987731
2025-06-11,ECB_DFR,2.0,2026-10-09T21:18:19.987731
2025-06-11,ECB_MRR,2.15,2026-10-09T21:18:19.987731
2025-06-12,ECB_DFR,2.0,2026-10-09T21:18:19.987731
2025-06-12,ECB_MRR,2.15,2026-10-09T21:18:19.987731
2025-06-13,ECB_DFR,2.0,2026-10-09T21:18:19.987731
2025-06-13,ECB_MRR,2.15,2026-10-09T21:18:19.987731
2025-06-14,ECB_DFR,2.0,2026-10-09T21:18:19.987731
2025-06-14,ECB_MRR,2.15,2026-10-09T21:18:19.987731
2025-06-15,ECB_DFR,2.0,2026-10-09T21:18:19.987731
2025-06-15,ECB_MRR,2.15,2026-10-09T21:18:19.987731
2025-06-16,ECB_DFR,2.0,2026-10-09T21:18:19.987731
2025-06-16,ECB_MRR,2.15,2026-10-09T21:18:19.987731
2025-06-17,ECB_DFR,2.0,2026-10-09T21:18:19.987731
2025-06-17,ECB_MRR,2.15,2026-10-09T21:18:19.987731
2025-06-18,ECB_DFR,2.0,2026-10-09T21:18:19.987731
2025-06-18,ECB_MRR,2.15,2026-10-09T21:18:19.987731
2025-06-19,ECB_DFR,2.0,2026-10-09T21:18:19.987731
2025-06-19,ECB_MRR,2.15,2026-10-09T21:18:19.987731
2025-06-20,ECB_DFR,2.0,2026-10-09T21:18:19.987731
2025-06-20,ECB_MRR,2.15,2026-10-09T21:18:19.987731
2025-06-21,ECB_DFR,2.0,2026-10-09T21:18:19.987731
2025-06-21,ECB_MRR,2.15,2026-10-09T21:18:19.987731
2025-06-22,ECB_DFR,2.0,2026-10-09T21:18:19.987731
2025-06-22,ECB_MRR,2.15,2026-10-09T21:18:19.987731
2025-06-23,ECB_DFR,2.0,2026-10-09T21:18:19.987731
2025-06-23,ECB_MRR,2.15,2026-10-09T21:18:19.987731
2025-06-24,ECB_DFR,2.0,2026-10-09T21:18:19.987731
2025-06-24,ECB_MRR,2.15,2026-10-09T21:18:19.987731
2025-06-25,ECB_DFR,2.0,2026-10-09T21:18:19.987731
2025-06-25,ECB_MRR,2.15,2026-10-09T21:18:19.987731
2025-06-26,ECB_DFR,2.0,2026-10-09T21:18:19.987731
2025-06-26,ECB_MRR,2.15,2026-10-09T21:18:19.987731
2025-06-27,ECB_DFR,2.0,2026-10-09T21:18:19.987731
2025-06-27,ECB_MRR,2.15,2026-10-09T21:18:19.987731
2025-06-28,ECB_DFR,2.0,2026-10-09T21:18:19.987731
2025-06-28,ECB_MRR,2.15,2026-10-09T21:18:19.987731
2025-06-29,ECB_DFR,2.0,2026-10-09T21:18:19.987731
2025-06-29,ECB_MRR,2.15,2026-10-09T21:18:19.987731
2025-06-30,ECB_DFR,2.0,2026-10-09T21:18:19.987731
2025-06-30,ECB_MRR,2.15,2026-10-09T21:18:19.987731
2025-07-01,ECB_DFR,2.0,2026-10-09T21:18:19.987731
2025-07-01,ECB_MRR,2.15,2026-10-09T21:18:19.987731
2025-07-02,ECB_DFR,2.0,2026-10-09T21:18:19.987731
2025-07-02,ECB_MRR,2.15,2026-10-09T21:18:19.987731
2025-07-03,ECB_DFR,2.0,2026-10-09T21:18:19.987731
2025-07-03,ECB_MRR,2.15,2026-10-09T21:18:19.987731
2025-07-04,ECB_DFR,2.0,2026-10-09T21:18:19.987731
2025-07-04,ECB_MRR,2.15,2026-10-09T21:18:19.987731
2025-07-05,ECB_DFR,2.0,2026-10-09T21:18:19.987731
2025-07-05,ECB_MRR,2.15,2026-10-09T21:18:19.987731
2025-07-06,ECB_DFR,2.0,2026-10-09T21:18:19.987731
2025-07-06,ECB_MRR,2.15,2026-10-09T21:18:19.987731
2025-07-07,ECB_DFR,2.0,2026-10-09T21:18:19.987731
2025-07-07,ECB_MRR,2.15,2026-10-09T21:18:19.987731
2025-07-08,ECB_DFR,2.0,2026-10-09T21:18:19.987731
2025-07-08,ECB_MRR,2.15,2026-10-09T21:18:19.987731
2025-07-09,ECB_DFR,2.0,2026-10-09T21:18:19.987731
2025-07-09,ECB_MRR,2.15,2026-10-09T21:18:19.987731
2025-07-10,ECB_DFR,2.0,2026-10-09T21:18:19.987731
2025-07-10,ECB_MRR,2.15,2026-10-09T21:18:19.987731
2025-07-11,ECB_DFR,2.0,2026-10-09T21:18:19.987731
2025-07-11,ECB_MRR,2.15,2026-10-09T21:18:19.987731
2025-07-12,ECB_DFR,2.0,2026-10-09T21:18:19.987731
2025-07-12,ECB_MRR,2.15,2026-10-09T21:18:19.987731
2025-07-13,ECB_DFR,2.0,2026-10-09T21:18:19.987731
2025-07-13,ECB_MRR,2.15,2026-10-09T21:18:19.987731
2025-07-14,ECB_DFR,2.0,2026-10-09T21:18:19.987731
2025-07-14,ECB_MRR,2.15,2026-10-09T21:18:19.987731
2025-07-15,ECB_DFR,2.0,2026-10-09T21:18:19.987731
2025-07-15,ECB_MRR,2.15,2026-10-09T21:18:19.987731
2025-07-16,ECB_DFR,2.0,2026-10-09T21:18:19.987731
2025-07-16,ECB_MRR,2.15,2026-10-09T21:18:19.987731
2025-07-17,ECB_DFR,2.0,2026-10-09T21:18:19.987731
2025-07-17,ECB_MRR,2.15,2026-10-09T21:18:19.987731
2025-07-18,ECB_DFR,2.0,2026-10-09T21:18:19.987731
2025-07-18,ECB_MRR,2.15,2026-10-09T21:18:19.987731
2025-07-19,ECB_DFR,2.0,2026-10-09T21:18:19.987731
2025-07-19,ECB_MRR,2.15,2026-10-09T21:18:19.987731
2025-07-20,ECB_DFR,2.0,2026-10-09T21:18:19.987731
2025-07-20,ECB_MRR,2.15,2026-10-09T21:18:19.987731
2025-07-21,ECB_DFR,2.0,2026-10-09T21:18:19.987731
2025-07-21,ECB_MRR,2.15,2026-10-09T21:18:19.987731
2025-07-22,ECB_DFR,2.0,2026-10-09T21:18:19.987731
2025-07-22,ECB_MRR,2.15,2026-10-09T21:18:19.987731
2025-07-23,ECB_DFR,2.0,2026-10-09T21:18:19.987731
2025-07-23,ECB_MRR,2.15,2026-10-09T21:18:19.987731
2025-07-24,ECB_DFR,2.0,2026-10-09T21:18:19.987731
2025-07-24,ECB_MRR,2.15,2026-10-09T21:18:19.987731
2025-07-25,ECB_DFR,2.0,2026-10-09T21:18:19.987731
2025-07-25,ECB_MRR,2.15,2026-10-09T21:18:19.987731
2025-07-26,ECB_DFR,2.0,2026-10-09T21:18:19.987731
2025-07-26,ECB_MRR,2.15,2026-10-09T21:18:19.987731
2025-07-27,ECB_DFR,2.0,2026-10-09T21:18:19.987731
2025-07-27,ECB_MRR,2.15,2026-10-09T21:18:19.987731
2025-07-28,ECB_DFR,2.0,2026-10-09T21:18:19.987731
2025-07-28,ECB_MRR,2.15,2026-10-09T21:18:19.987731
2025-07-29,ECB_DFR,2.0,2026-10-09T21:18:19.987731
2025-07-29,ECB_MRR,2.15,2026-10-09T21:18:19.987731
2025-07-30,ECB_DFR,2.0,2026-10-09T21:18:19.987731
2025-07-30,ECB_MRR,2.15,2026-10-09T21:18:19.987731
2025-07-31,ECB_DFR,2.0,2026-10-09T21:18:19.987731
2025-07-31,ECB_MRR,2.15,2026-10-09T21:18:19.987731
2025-08-01,ECB_DFR,2.0,2026-10-09T21:18:19.987731
2025-08-01,ECB_MRR,2.15,2026-10-09T21:18:19.987731
2025-08-02,ECB_DFR,2.0,2026-10-09T21:18:19.987731
2025-08-02,ECB_MRR,2.15,2026-10-09T21:18:19.987731
2025-08-03,ECB_DFR,2.0,2026-10-09T21:18:19.987731
2025-08-03,ECB_MRR,2.15,2026-10-09T21:18:19.987731
2025-08-04,ECB_DFR,2.0,2026-10-09T21:18:19.987731
2025-08-04,ECB_MRR,2.15,2026-10-09T21:18:19.987731
2025-08-05,ECB_DFR,2.0,2026-10-09T21:18:19.987731
2025-08-05,ECB_MRR,2.15,2026-10-09T21:18:19.987731
2025-08-06,ECB_DFR,2.0,2026-10-09T21:18:19.987731
2025-08-06,ECB_MRR,2.15,2026-10-09T21:18:19.987731
2025-08-07,ECB_DFR,2.0,2026-10-09T21:18:19.987731
2025-08-07,ECB_MRR,2.15,2026-10-09T21:18:19.987731
2025-08-08,ECB_DFR,2.0,2026-10-09T21:18:19.987731
2025-08-08,ECB_MRR,2.15,2026-10-09T21:18:19.987731
2025-08-09,ECB_DFR,2.0,2026-10-09T21:18:19.987731
2025-08-09,ECB_MRR,2.15,2026-10-09T21:18:19.987731
2025-08-10,ECB_DFR,2.0,2026-10-09T21:18:19.987731
2025-08-10,ECB_MRR,2.15,2026-10-09T21:18:19.987731
2025-08-11,ECB_DFR,2.0,2026-10-09T21:18:19.987731
2025-08-11,ECB_MRR,2.15,2026-10-09T21:18:19.987731
2025-08-12,ECB_DFR,2.0,2026-10-09T21:18:19.987731
2025-08-12,ECB_MRR,2.15,2026-10-09T21:18:19.987731
2025-08-13,ECB_DFR,2.0,2026-10-09T21:18:19.987731
2025-08-13,ECB_MRR,2.15,2026-10-09T21:18:19.987731
2025-08-14,ECB_DFR,2.0,2026-10-09T21:18:19.987731
2025-08-14,ECB_MRR,2.15,2026-10-09T21:18:19.987731
2025-08-15,ECB_DFR,2.0,2026-10-09T21:18:19.987731
2025-08-15,ECB_MRR,2.15,2026-10-09T21:18:19.987731
2025-08-16,ECB_DFR,2.0,2026-10-09T21:18:19.987731
2025-08-16,ECB_MRR,2.15,2026-10-09T21:18:19.987731
2025-08-17,ECB_DFR,2.0,2026-10-09T21:18:19.987731
2025-08-17,ECB_MRR,2.15,2026-10-09T21:18:19.987731
2025-08-18,ECB_DFR,2.0,2026-10-09T21:18:19.987731
2025-08-18,ECB_MRR,2.15,2026-10-09T21:18:19.987731
2025-08-19,ECB_DFR,2.0,2026-10-09T21:18:19.987731
2025-08-19,ECB_MRR,2.15,2026-10-09T21:18:19.987731
2025-08-20,ECB_DFR,2.0,2026-10-09T21:18:19.987731
2025-08-20,ECB_MRR,2.15,2026-10-09T21:18:19.987731
2025-08-21,ECB_DFR,2.0,2026-10-09T21:18:19.987731
2025-08-21,ECB_MRR,2.15,2026-10-09T21:18:19.987731
2025-08-22,ECB_DFR,2.0,2026-10-09T21:18:19.987731
2025-08-22,ECB_MRR,2.15,2026-10-09T21:18:19.987731
2025-08-23,ECB_DFR,2.0,2026-10-09T21:18:19.987731
2025-08-23,ECB_MRR,2.15,2026-10-09T21:18:19.987731
2025-08-24,ECB_DFR,2.0,2026-10-09T21:18:19.987731
2025-08-24,ECB_MRR,2.15,2026-10-09T21:18:19.987731
2025-08-25,ECB_DFR,2.0,2026-10-09T21:18:19.987731
2025-08-25,ECB_MRR,2.15,2026-10-09T21:18:19.987731
2025-08-26,ECB_DFR,2.0,2026-10-09T21:18:19.987731
2025-08-26,ECB_MRR,2.15,2026-10-09T21:18:19.987731
2025-08-27,ECB_DFR,2.0,2026-10-09T21:18:19.987731
2025-08-27,ECB_MRR,2.15,2026-10-09T21:18:19.987731
2025-08-28,ECB_DFR,2.0,2026-10-09T21:18:19.987731
2025-08-28,ECB_MRR,2.15,2026-10-09T21:18:19.987731
2025-08-29,ECB_DFR,2.0,2026-10-09T21:18:19.987731
2025-08-29,ECB_MRR,2.15,2026-10-09T21:18:19.987731
2025-08-30,ECB_DFR,2.0,2026-10-09T21:18:19.987731
2025-08-30,ECB_MRR,2.15,2026-10-09T21:18:19.987731
2025-08-31,ECB_DFR,2.0,2026-10-09T21:18:19.987731
2025-08-31,ECB_MRR,2.15,2026-10-09T21:18:19.987731
2025-09-01,ECB_DFR,2.0,2026-10-09T21:18:19.987731
2025-09-01,ECB_MRR,2.15,2026-10-09T21:18:19.987731
2025-09-02,ECB_DFR,2.0,2026-10-09T21:18:19.987731
2025-09-02,ECB_MRR,2.15,2026-10-09T21:18:19.987731
2025-09-03,ECB_DFR,2.0,2026-10-09T21:18:19.987731
2025-09-03,ECB_MRR,2.15,2026-10-09T21:18:19.987731
2025-09-04,ECB_DFR,2.0,2026-10-09T21:18:19.987731
2025-09-04,ECB_MRR,2.15,2026-10-09T21:18:19.987731
2025-09-05,ECB_DFR,2.0,2026-10-09T21:18:19.987731
2025-09-05,ECB_MRR,2.15,2026-10-09T21:18:19.987731
2025-09-06,ECB_DFR,2.0,2026-10-09T21:18:19.987731
2025-09-06,ECB_MRR,2.15,2026-10-09T21:18:19.987731
2025-09-07,ECB_DFR,2.0,2026-10-09T21:18:19.987731
2025-09-07,ECB_MRR,2.15,2026-10-09T21:18:19.987731
2025-09-08,ECB_DFR,2.0,2026-10-09T21:18:19.987731
2025-09-08,ECB_MRR,2.15,2026-10-09T21:18:19.987731
2025-09-09,ECB_DFR,2.0,2026-10-09T21:18:19.987731
2025-09-09,ECB_MRR,2.15,2026-10-09T21:18:19.987731
2025-09-10,ECB_DFR,2.0,2026-10-09T21:18:19.987731
2025-09-10,ECB_MRR,2.15,2026-10-09T21:18:19.987731
2025-09-11,ECB_DFR,2.0,2026-10-09T21:18:19.987731
2025-09-11,ECB_MRR,2.15,2026-10-09T21:18:19.987731
2025-09-12,ECB_DFR,2.0,2026-10-09T21:18:19.987731
2025-09-12,ECB_MRR,2.15,2026-10-09T21:18:19.987731
2025-09-13,ECB_DFR,2.0,2026-10-09T21:18:19.987731
2025-09-13,ECB_MRR,2.15,2026-10-09T21:18:19.987731
2025-09-14,ECB_DFR,2.0,2026-10-09T21:18:19.987731
2025-09-14,ECB_MRR,2.15,2026-10-09T21:18:19.987731
2025-09-15,ECB_DFR,2.0,2026-10-09T21:18:19.987731
2025-09-15,ECB_MRR,2.15,2026-10-09T21:18:19.987731
2025-09-16,ECB_DFR,2.0,2026-10-09T21:18:19.987731
2025-09-16,ECB_MRR,2.15,2026-10-09T21:18:19.987731
2025-09-17,ECB_DFR,2.0,2026-10-09T21:18:19.987731
2025-09-17,ECB_MRR,2.15,2026-10-09T21:18:19.987731
2025-09-18,ECB_DFR,2.0,2026-10-09T21:18:19.987731
2025-09-18,ECB_MRR,2.15,2026-10-09T21:18:19.987731
2025-09-19,ECB_DFR,2.0,2026-10-09T21:18:19.987731
2025-09-19,ECB_MRR,2.15,2026-10-09T21:18:19.987731
2025-09-20,ECB_DFR,2.0,2026-10-09T21:18:19.987731
2025-09-20,ECB_MRR,2.15,2026-10-09T21:18:19.987731
2025-09-21,ECB_DFR,2.0,2026-10-09T21:18:19.987731
2025-09-21,ECB_MRR,2.15,2026-10-09T21:18:19.987731
2025-09-22,ECB_DFR,2.0,2026-10-09T21:18:19.987731
2025-09-22,ECB_MRR,2.15,2026-10-09T21:18:19.987731
2025-09-23,ECB_DFR,2.0,2026-10-09T21:18:19.987731
2025-09-23,ECB_MRR,2.15,2026-10-09T21:18:19.987731
2025-09-24,ECB_DFR,2.0,2026-10-09T21:18:19.987731
2025-09-24,ECB_MRR,2.15,2026-10-09T21:18:19.987731
2025-09-25,ECB_DFR,2.0,2026-10-09T21:18:19.987731
2025-09-25,ECB_MRR,2.15,2026-10-09T21:18:19.987731
2025-09-26,ECB_DFR,2.0,2026-10-09T21:18:19.987731
2025-09-26,ECB_MRR,2.15,2026-10-09T21:18:19.987731
2025-09-27,ECB_DFR,2.0,2026-10-09T21:18:19.987731
2025-09-27,ECB_MRR,2.15,2026-10-09T21:18:19.987731
2025-09-28,ECB_DFR,2.0,2026-10-09T21:18:19.987731
2025-09-28,ECB_MRR,2.15,2026-10-09T21:18:19.987731
2025-09-29,ECB_DFR,2.0,2026-10-09T21:18:19.987731
2025-09-29,ECB_MRR,2.15,2026-10-09T21:18:19.987731
2025-09-30,ECB_DFR,2.0,2026-10-09T21:18:19.987731
2025-09-30,ECB_MRR,2.15,2026-10-09T21:18:19.987731
2025-10-01,ECB_DFR,2.0,2026-10-09T21:18:19.987731
2025-10-01,ECB_MRR,2.15,2026-10-09T21:18:19.987731
2025-10-02,ECB_DFR,2.0,2026-10-09T21:18:19.987731
2025-10-02,ECB_MRR,2.15,2026-10-09T21:18:19.987731
2025-10-03,ECB_DFR,2.0,2026-10-09T21:18:19.987731
2025-10-03,ECB_MRR,2.15,2026-10-09T21:18:19.987731
2025-10-04,ECB_DFR,2.0,2026-10-09T21:18:19.987731
2025-10-04,ECB_MRR,2.15,2026-10-09T21:18:19.987731
2025-10-05,ECB_DFR,2.0,2026-10-09T21:18:19.987731
2025-10-05,ECB_MRR,2.15,2026-10-09T21:18:19.987731
2025-10-06,ECB_DFR,2.0,2026-10-09T21:18:19.987731
2025-10-06,ECB_MRR,2.15,2026-10-09T21:18:19.987731
2025-10-07,ECB_DFR,2.0,2026-10-09T21:18:19.987731
2025-10-07,ECB_MRR,2.15,2026-10-09T21:18:19.987731
2025-10-08,ECB_DFR,2.0,2026-10-09T21:18:19.987731
2025-10-08,ECB_MRR,2.15,2026-10-09T21:18:19.987731
2025-10-09,ECB_DFR,2.0,2026-10-09T21:18:19.987731
2025-10-09,ECB_MRR,2.15,2026-10-09T21:18:19.987731
2025-10-10,ECB_DFR,2.0,2026-10-09T21:18:19.987731
2025-10-10,ECB_MRR,2.15,2026-10-09T21:18:19.987731
2025-10-11,ECB_DFR,2.0,2026-10-09T21:18:19.987731
2025-10-11,ECB_MRR,2.15,2026-10-09T21:18:19.987731
2025-10-12,ECB_DFR,2.0,2026-10-09T21:18:19.987731
2025-10-12,ECB_MRR,2.15,2026-10-09T21:18:19.987731
2025-10-13,ECB_DFR,2.0,2026-10-09T21:18:19.987731
2025-10-13,ECB_MRR,2.15,2026-10-09T21:18:19.987731
2025-10-14,ECB_DFR,2.0,2026-10-09T21:18:19.987731
2025-10-14,ECB_MRR,2.15,2026-10-09T21:18:19.987731
2025-10-15,ECB_DFR,2.0,2026-10-09T21:18:19.987731
2025-10-15,ECB_MRR,2.15,2026-10-09T21:18:19.987731
2025-10-16,ECB_DFR,2.0,2026-10-09T21:18:19.987731
2025-10-16,ECB_MRR,2.15,2026-10-09T21:18:19.987731
2025-10-17,ECB_DFR,2.0,2026-10-09T21:18:19.987731
2025-10-17,ECB_MRR,2.15,2026-10-09T21:18:19.987731
2025-10-18,ECB_DFR,2.0,2026-10-09T21:18:19.987731
2025-10-18,ECB_MRR,2.15,2026-10-09T21:18:19.987731
2025-10-19,ECB_DFR,2.0,2026-10-09T21:18:19.987731
2025-10-19,ECB_MRR,2.15,2026-10-09T21:18:19.987731
2025-10-20,ECB_DFR,2.0,2026-10-09T21:18:19.987731
2025-10-20,ECB_MRR,2.15,2026-10-09T21:18:19.987731
2025-10-21,ECB_DFR,2.0,2026-10-09T21:18:19.987731
2025-10-21,ECB_MRR,2.15,2026-10-09T21:18:19.987731
2025-10-22,ECB_DFR,2.0,2026-10-09T21:18:19.987731
2025-10-22,ECB_MRR,2.15,2026-10-09T21:18:19.987731
2025-10-23,ECB_DFR,2.0,2026-10-09T21:18:19.987731
2025-10-23,ECB_MRR,2.15,2026-10-09T21:18:19.987731
2025-10-24,ECB_DFR,2.0,2026-10-09T21:18:19.987731
2025-10-24,ECB_MRR,2.15,2026-10-09T21:18:19.987731
2025-10-25,ECB_DFR,2.0,2026-10-09T21:18:19.987731
2025-10-25,ECB_MRR,2.15,2026-10-09T21:18:19.987731
2025-10-26,ECB_DFR,2.0,2026-10-09T21:18:19.987731
2025-10-26,ECB_MRR,2.15,2026-10-09T21:18:19.987731
2025-10-27,ECB_DFR,2.0,2026-10-09T21:18:19.987731
2025-10-27,ECB_MRR,2.15,2026-10-09T21:18:19.987731
2025-10-28,ECB_DFR,2.0,2026-10-09T21:18:19.987731
2025-10-28,ECB_MRR,2.15,2026-10-09T21:18:19.987731
2025-10-29,ECB_DFR,2.0,2026-10-09T21:18:19.987731
2025-10-29,ECB_MRR,2.15,2026-10-09T21:18:19.987731
2025-10-30,ECB_DFR,2.0,2026-10-09T21:18:19.987731
2025-10-30,ECB_MRR,2.15,2026-10-09T21:18:19.987731
2025-10-31,ECB_DFR,2.0,2026-10-09T21:18:19.987731
2025-10-31,ECB_MRR,2.15,2026-10-09T21:18:19.987731
2025-11-01,ECB_DFR,2.0,2026-10-09T21:18:19.987731
2025-11-01,ECB_MRR,2.15,2026-10-09T21:18:19.987731
2025-11-02,ECB_DFR,2.0,2026-10-09T21:18:19.987731
2025-11-02,ECB_MRR,2.15,2026-10-09T21:18:19.987731
2025-11-03,ECB_DFR,2.0,2026-10-09T21:18:19.987731
2025-11-03,ECB_MRR,2.15,2026-10-09T21:18:19.987731
2025-11-04,ECB_DFR,2.0,2026-10-09T21:18:19.987731
2025-11-04,ECB_MRR,2.15,2026-10-09T21:18:19.987731
2025-11-05,ECB_DFR,2.0,2026-10-09T21:18:19.987731
2025-11-05,ECB_MRR,2.15,2026-10-09T21:18:19.987731
2025-11-06,ECB_DFR,2.0,2026-10-09T21:18:19.987731
2025-11-06,ECB_MRR,2.15,2026-10-09T21:18:19.987731
2025-11-07,ECB_DFR,2.0,2026-10-09T21:18:19.987731
2025-11-07,ECB_MRR,2.15,2026-10-09T21:18:19.987731
2025-11-08,ECB_DFR,2.0,2026-10-09T21:18:19.987731
2025-11-08,ECB_MRR,2.15,2026-10-09T21:18:19.987731
2025-11-09,ECB_DFR,2.0,2026-10-09T21:18:19.987731
2025-11-09,ECB_MRR,2.15,2026-10-09T21:18:19.987731
2025-11-10,ECB_DFR,2.0,2026-10-09T21:18:19.987731
2025-11-10,ECB_MRR,2.15,2026-10-09T21:18:19.987731
2025-11-11,ECB_DFR,2.0,2026-10-09T21:18:19.987731
2025-11-11,ECB_MRR,2.15,2026-10-09T21:18:19.987731
2025-11-12,ECB_DFR,2.0,2026-10-09T21:18:19.987731
2025-11-12,ECB_MRR,2.15,2026-10-09T21:18:19.987731
2025-11-13,ECB_DFR,2.0,2026-10-09T21:18:19.987731
2025-11-13,ECB_MRR,2.15,2026-10-09T21:18:19.987731
2025-11-14,ECB_DFR,2.0,2026-10-09T21:18:19.987731
2025-11-14,ECB_MRR,2.15,2026-10-09T21:18:19.987731
2025-11-15,ECB_DFR,2.0,2026-10-09T21:18:19.987731
2025-11-15,ECB_MRR,2.15,2026-10-09T21:18:19.987731
2025-11-16,ECB_DFR,2.0,2026-10-09T21:18:19.987731
2025-11-16,ECB_MRR,2.15,2026-10-09T21:18:19.987731
2025-11-17,ECB_DFR,2.0,2026-10-09T21:18:19.987731
2025-11-17,ECB_MRR,2.15,2026-10-09T21:18:19.987731
2025-11-18,ECB_DFR,2.0,2026-10-09T21:18:19.987731
2025-11-18,ECB_MRR,2.15,2026-10-09T21:18:19.987731
2025-11-19,ECB_DFR,2.0,2026-10-09T21:18:19.987731
2025-11-19,ECB_MRR,2.15,2026-10-09T21:18:19.987731
2025-11-20,ECB_DFR,2.0,2026-10-09T21:18:19.987731
2025-11-20,ECB_MRR,2.15,2026-10-09T21:18:19.987731
2025-11-21,ECB_DFR,2.0,2026-10-09T21:18:19.987731
2025-11-21,ECB_MRR,2.15,2026-10-09T21:18:19.987731
2025-11-22,ECB_DFR,2.0,2026-10-09T21:18:19.987731
2025-11-22,ECB_MRR,2.15,2026-10-09T21:18:19.987731
2025-11-23,ECB_DFR,2.0,2026-10-09T21:18:19.987731
2025-11-23,ECB_MRR,2.15,2026-10-09T21:18:19.987731
2025-11-24,ECB_DFR,2.0,2026-10-09T21:18:19.987731
2025-11-24,ECB_MRR,2.15,2026-10-09T21:18:19.987731
2025-11-25,ECB_DFR,2.0,2026-10-09T21:18:19.987731
2025-11-25,ECB_MRR,2.15,2026-10-09T21:18:19.987731
2025-11-26,ECB_DFR,2.0,2026-10-09T21:18:19.987731
2025-11-26,ECB_MRR,2.15,2026-10-09T21:18:19.987731
2025-11-27,ECB_DFR,2.0,2026-10-09T21:18:19.987731
2025-11-27,ECB_MRR,2.15,2026-10-09T21:18:19.987731
2025-11-28,ECB_DFR,2.0,2026-10-09T21:18:19.987731
2025-11-28,ECB_MRR,2.15,2026-10-09T21:18:19.987731
2025-11-29,ECB_DFR,2.0,2026-10-09T21:18:19.987731
2025-11-29,ECB_MRR,2.15,2026-10-09T21:18:19.987731
2025-11-30,ECB_DFR,2.0,2026-10-09T21:18:19.987731
2025-11-30,ECB_MRR,2.15,2026-10-09T21:18:19.987731
2025-12-01,ECB_DFR,2.0,2026-10-09T21:18:19.987731
2025-12-01,ECB_MRR,2.15,2026-10-09T21:18:19.987731
2025-12-02,ECB_DFR,2.0,2026-10-09T21:18:19.987731
2025-12-02,ECB_MRR,2.15,2026-10-09T21:18:19.987731
2025-12-03,ECB_DFR,2.0,2026-10-09T21:18:19.987731
2025-12-03,ECB_MRR,2.15,2026-10-09T21:18:19.987731
2025-12-04,ECB_DFR,2.0,2026-10-09T21:18:19.987731
2025-12-04,ECB_MRR,2.15,2026-10-09T21:18:19.987731
2025-12-05,ECB_DFR,2.0,2026-10-09T21:18:19.987731
2025-12-05,ECB_MRR,2.15,2026-10-09T21:18:19.987731
2025-12-06,ECB_DFR,2.0,2026-10-09T21:18:19.987731
2025-12-06,ECB_MRR,2.15,2026-10-09T21:18:19.987731
2025-12-07,ECB_DFR,2.0,2026-10-09T21:18:19.987731
2025-12-07,ECB_MRR,2.15,2026-10-09T21:18:19.987731
2025-12-08,ECB_DFR,2.0,2026-10-09T21:18:19.987731
2025-12-08,ECB_MRR,2.15,2026-10-09T21:18:19.987731
2025-12-09,ECB_DFR,2.0,2026-10-09T21:18:19.987731
2025-12-09,ECB_MRR,2.15,2026-10-09T21:18:19.987731
2025-12-10,ECB_DFR,2.0,2026-10-09T21:18:19.987731
2025-12-10,ECB_MRR,2.15,2026-10-09T21:18:19.987731
2025-12-11,ECB_DFR,2.0,2026-10-09T21:18:19.987731
2025-12-11,ECB_MRR,2.15,2026-10-09T21:18:19.987731
2025-12-12,ECB_DFR,2.0,2026-10-09T21:18:19.987731
2025-12-12,ECB_MRR,2.15,2026-10-09T21:18:19.987731
2025-12-13,ECB_DFR,2.0,2026-10-09T21:18:19.987731
2025-12-13,ECB_MRR,2.15,2026-10-09T21:18:19.987731
2025-12-14,ECB_DFR,2.0,2026-10-09T21:18:19.987731
2025-12-14,ECB_MRR,2.15,2026-10-09T21:18:19.987731
2025-12-15,ECB_DFR,2.0,2026-10-09T21:18:19.987731
2025-12-15,ECB_MRR,2.15,2026-10-09T21:18:19.987731
2025-12-16,ECB_DFR,2.0,2026-10-09T21:18:19.987731
2025-12-16,ECB_MRR,2.15,2026-10-09T21:18:19.987731
2025-12-17,ECB_DFR,2.0,2026-10-09T21:18:19.987731
2025-12-17,ECB_MRR,2.15,2026-10-09T21:18:19.987731
2025-12-18,ECB_DFR,2.0,2026-10-09T21:18:19.987731
2025-12-18,ECB_MRR,2.15,2026-10-09T21:18:19.987731
2025-12-19,ECB_DFR,2.0,2026-10-09T21:18:19.987731
2025-12-19,ECB_MRR,2.15,2026-10-09T21:18:19.987731
2025-12-20,ECB_DFR,2.0,2026-10-09T21:18:19.987731
2025-12-20,ECB_MRR,2.15,2026-10-09T21:18:19.987731
2025-12-21,ECB_DFR,2.0,2026-10-09T21:18:19.987731
2025-12-21,ECB_MRR,2.15,2026-10-09T21:18:19.987731
2025-12-22,ECB_DFR,2.0,2026-10-09T21:18:19.987731
2025-12-22,ECB_MRR,2.15,2026-10-09T21:18:19.987731
2025-12-23,ECB_DFR,2.0,2026-10-09T21:18:19.987731
2025-12-23,ECB_MRR,2.15,2026-10-09T21:18:19.987731
2025-12-24,ECB_DFR,2.0,2026-10-09T21:18:19.987731
2025-12-24,ECB_MRR,2.15,2026-10-09T21:18:19.987731
2025-12-25,ECB_DFR,2.0,2026-10-09T21:18:19.987731
2025-12-25,ECB_MRR,2.15,2026-10-09T21:18:19.987731
2025-12-26,ECB_DFR,2.0,2026-10-09T21:18:19.987731
2025-12-26,ECB_MRR,2.15,2026-10-09T21:18:19.987731
2025-12-27,ECB_DFR,2.0,2026-10-09T21:18:19.987731
2025-12-27,ECB_MRR,2.15,2026-10-09T21:18:19.987731
2025-12-28,ECB_DFR,2.0,2026-10-09T21:18:19.987731
2025-12-28,ECB_MRR,2.15,2026-10-09T21:18:19.987731
2025-12-29,ECB_DFR,2.0,2026-10-09T21:18:19.987731
2025-12-29,ECB_MRR,2.15,2026-10-09T21:18:19.987731
2025-12-30,ECB_DFR,2.0,2026-10-09T21:18:19.987731
2025-12-30,ECB_MRR,2.15,2026-10-09T21:18:19.987731
2025-12-31,ECB_DFR,2.0,2026-10-09T21:18:19.987731
2025-12-31,ECB_MRR,2.15,2026-10-09T21:18:19.987731
2026-01-01,ECB_DFR,2.0,2026-10-09T21:18:19.987731
2026-01-01,ECB_MRR,2.15,2026-10-09T21:18:19.987731
2026-01-02,ECB_DFR,2.0,2026-10-09T21:18:19.987731
2026-01-02,ECB_MRR,2.15,2026-10-09T21:18:19.987731
2026-01-03,ECB_DFR,2.0,2026-10-09T21:18:19.987731
2026-01-03,ECB_MRR,2.15,2026-10-09T21:18:19.987731
2026-01-04,ECB_DFR,2.0,2026-10-09T21:18:19.987731
2026-01-04,ECB_MRR,2.15,2026-10-09T21:18:19.987731
2026-01-05,ECB_DFR,2.0,2026-10-09T21:18:19.987731
2026-01-05,ECB_MRR,2.15,2026-10-09T21:18:19.987731
2026-01-06,ECB_DFR,2.0,2026-10-09T21:18:19.987731
2026-01-06,ECB_MRR,2.15,2026-10-09T21:18:19.987731
2026-01-07,ECB_DFR,2.0,2026-10-09T21:18:19.987731
2026-01-07,ECB_MRR,2.15,2026-10-09T21:18:19.987731
2026-01-08,ECB_DFR,2.0,2026-10-09T21:18:19.987731
2026-01-08,ECB_MRR,2.15,2026-10-09T21:18:19.987731
2026-01-09,ECB_DFR,2.0,2026-10-09T21:18:19.987731
2026-01-09,ECB_MRR,2.15,2026-10-09T21:18:19.987731
2026-01-10,ECB_DFR,2.0,2026-10-09T21:18:19.987731
2026-01-10,ECB_MRR,2.15,2026-10-09T21:18:19.987731
2026-01-11,ECB_DFR,2.0,2026-10-09T21:18:19.987731
2026-01-11,ECB_MRR,2.15,2026-10-09T21:18:19.987731
2026-01-12,ECB_DFR,2.0,2026-10-09T21:18:19.987731
2026-01-12,ECB_MRR,2.15,2026-10-09T21:18:19.987731
2026-01-13,ECB_DFR,2.0,2026-10-09T21:18:19.987731
2026-01-13,ECB_MRR,2.15,2026-10-09T21:18:19.987731
2026-01-14,ECB_DFR,2.0,2026-10-09T21:18:19.987731
2026-01-14,ECB_MRR,2.15,2026-10-09T21:18:19.987731
2026-01-15,ECB_DFR,2.0,2026-10-09T21:18:19.987731
2026-01-15,ECB_MRR,2.15,2026-10-09T21:18:19.987731
2026-01-16,ECB_DFR,2.0,2026-10-09T21:18:19.987731
2026-01-16,ECB_MRR,2.15,2026-10-09T21:18:19.987731
2026-01-17,ECB_DFR,2.0,2026-10-09T21:18:19.987731
2026-01-17,ECB_MRR,2.15,2026-10-09T21:18:19.987731
2026-01-18,ECB_DFR,2.0,2026-10-09T21:18:19.987731
2026-01-18,ECB_MRR,2.15,2026-10-09T21:18:19.987731
2026-01-19,ECB_DFR,2.0,2026-10-09T21:18:19.987731
2026-01-19,ECB_MRR,2.15,2026-10-09T21:18:19.987731
2026-01-20,ECB_DFR,2.0,2026-10-09T21:18:19.987731
2026-01-20,ECB_MRR,2.15,2026-10-09T21:18:19.987731
2026-01-21,ECB_DFR,2.0,2026-10-09T21:18:19.987731
2026-01-21,ECB_MRR,2.15,2026-10-09T21:18:19.987731
2026-01-22,ECB_DFR,2.0,2026-10-09T21:18:19.987731
2026-01-22,ECB_MRR,2.15,2026-10-09T21:18:19.987731
2026-01-23,ECB_DFR,2.0,2026-10-09T21:18:19.987731
2026-01-23,ECB_MRR,2.15,2026-10-09T21:18:19.987731
2026-01-24,ECB_DFR,2.0,2026-10-09T21:18:19.987731
2026-01-24,ECB_MRR,2.15,2026-10-09T21:18:19.987731
2026-01-25,ECB_DFR,2.0,2026-10-09T21:18:19.987731
2026-01-25,ECB_MRR,2.15,2026-10-09T21:18:19.987731
2026-01-26,ECB_DFR,2.0,2026-10-09T21:18:19.987731
2026-01-26,ECB_MRR,2.15,2026-10-09T21:18:19.987731
2026-01-27,ECB_DFR,2.0,2026-10-09T21:18:19.987731
2026-01-27,ECB_MRR,2.15,2026-10-09T21:18:19.987731
2026-01-28,ECB_DFR,2.0,2026-10-09T21:18:19.987731
2026-01-28,ECB_MRR,2.15,2026-10-09T21:18:19.987731
2026-01-29,ECB_DFR,2.0,2026-10-09T21:18:19.987731
2026-01-29,ECB_MRR,2.15,2026-10-09T21:18:19.987731
2026-01-30,ECB_DFR,2.0,2026-10-09T21:18:19.987731
2026-01-30,ECB_MRR,2.15,2026-10-09T21:18:19.987731
2026-01-31,ECB_DFR,2.0,2026-10-09T21:18:19.987731
2026-01-31,ECB_MRR,2.15,2026-10-09T21:18:19.987731
2026-02-01,ECB_DFR,2.0,2026-10-09T21:18:19.987731
2026-02-01,ECB_MRR,2.15,2026-10-09T21:18:19.987731
2026-02-02,ECB_DFR,2.0,2026-10-09T21:18:19.987731
2026-02-02,ECB_MRR,2.15,2026-10-09T21:18:19.987731
2026-02-03,ECB_DFR,2.0,2026-10-09T21:18:19.987731
2026-02-03,ECB_MRR,2.15,2026-10-09T21:18:19.987731
2026-02-04,ECB_DFR,2.0,2026-10-09T21:18:19.987731
2026-02-04,ECB_MRR,2.15,2026-10-09T21:18:19.987731
2026-02-05,ECB_DFR,2.0,2026-10-09T21:18:19.987731
2026-02-05,ECB_MRR,2.15,2026-10-09T21:18:19.987731
2026-02-06,ECB_DFR,2.0,2026-10-09T21:18:19.987731
2026-02-06,ECB_MRR,2.15,2026-10-09T21:18:19.987731
2026-02-07,ECB_DFR,2.0,2026-10-09T21:18:19.987731
2026-02-07,ECB_MRR,2.15,2026-10-09T21:18:19.987731
2026-02-08,ECB_DFR,2.0,2026-10-09T21:18:19.987731
2026-02-08,ECB_MRR,2.15,2026-10-09T21:18:19.987731
2026-02-09,ECB_DFR,2.0,2026-10-09T21:18:19.987731
2026-02-09,ECB_MRR,2.15,2026-10-09T21:18:19.987731
2026-02-10,ECB_DFR,2.0,2026-10-09T21:18:19.987731
2026-02-10,ECB_MRR,2.15,2026-10-09T21:18:19.987731
2026-02-11,ECB_DFR,2.0,2026-10-09T21:18:19.987731
2026-02-11,ECB_MRR,2.15,2026-10-09T21:18:19.987731
2026-02-12,ECB_DFR,2.0,2026-10-09T21:18:19.987731
2026-02-12,ECB_MRR,2.15,2026-10-09T21:18:19.987731
2026-02-13,ECB_DFR,2.0,2026-10-09T21:18:19.987731
2026-02-13,ECB_MRR,2.15,2026-10-09T21:18:19.987731
2026-02-14,ECB_DFR,2.0,2026-10-09T21:18:19.987731
2026-02-14,ECB_MRR,2.15,2026-10-09T21:18:19.987731
2026-02-15,ECB_DFR,2.0,2026-10-09T21:18:19.987731
2026-02-15,ECB_MRR,2.15,2026-10-09T21:18:19.987731
2026-02-16,ECB_DFR,2.0,2026-10-09T21:18:19.987731
2026-02-16,ECB_MRR,2.15,2026-10-09T21:18:19.987731
2026-02-17,ECB_DFR,2.0,2026-10-09T21:18:19.987731
2026-02-17,ECB_MRR,2.15,2026-10-09T21:18:19.987731
2026-02-18,ECB_DFR,2.0,2026-10-09T21:18:19.987731
2026-02-18,ECB_MRR,2.15,2026-10-09T21:18:19.987731
2026-02-19,ECB_DFR,2.0,2026-10-09T21:18:19.987731
2026-02-19,ECB_MRR,2.15,2026-10-09T21:18:19.987731
2026-02-20,ECB_DFR,2.0,2026-10-09T21:18:19.987731
2026-02-20,ECB_MRR,2.15,2026-10-09T21:18:19.987731
2026-02-21,ECB_DFR,2.0,2026-10-09T21:18:19.987731
2026-02-21,ECB_MRR,2.15,2026-10-09T21:18:19.987731
2026-02-22,ECB_DFR,2.0,2026-10-09T21:18:19.987731
2026-02-22,ECB_MRR,2.15,2026-10-09T21:18:19.987731
2026-02-23,ECB_DFR,2.0,2026-10-09T21:18:19.987731
2026-02-23,ECB_MRR,2.15,2026-10-09T21:18:19.987731
2026-02-24,ECB_DFR,2.0,2026-10-09T21:18:19.987731
2026-02-24,ECB_MRR,2.15,2026-10-09T21:18:19.987731
2026-02-25,ECB_DFR,2.0,2026-10-09T21:18:19.987731
2026-02-25,ECB_MRR,2.15,2026-10-09T21:18:19.987731
2026-02-26,ECB_DFR,2.0,2026-10-09T21:18:19.987731
2026-02-26,ECB_MRR,2.15,2026-10-09T21:18:19.987731
2026-02-27,ECB_DFR,2.0,2026-10-09T21:18:19.987731
2026-02-27,ECB_MRR,2.15,2026-10-09T21:18:19.987731
2026-02-28,ECB_DFR,2.0,2026-10-09T21:18:19.987731
2026-02-28,ECB_MRR,2.15,2026-10-09T21:18:19.987731
2026-03-01,ECB_DFR,2.0,2026-10-09T21:18:19.987731
2026-03-01,ECB_MRR,2.15,2026-10-09T21:18:19.987731
2026-03-02,ECB_DFR,2.0,2026-10-09T21:18:19.987731
2026-03-02,ECB_MRR,2.15,2026-10-09T21:18:19.987731
2026-03-03,ECB_DFR,2.0,2026-10-09T21:18:19.987731
2026-03-03,ECB_MRR,2.15,2026-10-09T21:18:19.987731
2026-03-04,ECB_DFR,2.0,2026-10-09T21:18:19.987731
2026-03-04,ECB_MRR,2.15,2026-10-09T21:18:19.987731
2026-03-05,ECB_DFR,2.0,2026-10-09T21:18:19.987731
2026-03-05,ECB_MRR,2.15,2026-10-09T21:18:19.987731
2026-03-06,ECB_DFR,2.0,2026-10-09T21:18:19.987731
2026-03-06,ECB_MRR,2.15,2026-10-09T21:18:19.987731
2026-03-07,ECB_DFR,2.0,2026-10-09T21:18:19.987731
2026-03-07,ECB_MRR,2.15,2026-10-09T21:18:19.987731
2026-03-08,ECB_DFR,2.0,2026-10-09T21:18:19.987731
2026-03-08,ECB_MRR,2.15,2026-10-09T21:18:19.987731
2026-03-09,ECB_DFR,2.0,2026-10-09T21:18:19.987731
2026-03-09,ECB_MRR,2.15,2026-10-09T21:18:19.987731
2026-03-10,ECB_DFR,2.0,2026-10-09T21:18:19.987731
2026-03-10,ECB_MRR,2.15,2026-10-09T21:18:19.987731
2026-03-11,ECB_DFR,2.0,2026-10-09T21:18:19.987731
2026-03-11,ECB_MRR,2.15,2026-10-09T21:18:19.987731
2026-03-12,ECB_DFR,2.0,2026-10-09T21:18:19.987731
2026-03-12,ECB_MRR,2.15,2026-10-09T21:18:19.987731
2026-03-13,ECB_DFR,2.0,2026-10-09T21:18:19.987731
2026-03-13,ECB_MRR,2.15,2026-10-09T21:18:19.987731
2026-03-14,ECB_DFR,2.0,2026-10-09T21:18:19.987731
2026-03-14,ECB_MRR,2.15,2026-10-09T21:18:19.987731
2026-03-15,ECB_DFR,2.0,2026-10-09T21:18:19.987731
2026-03-15,ECB_MRR,2.15,2026-10-09T21:18:19.987731
2026-03-16,ECB_DFR,2.0,2026-10-09T21:18:19.987731
2026-03-16,ECB_MRR,2.15,2026-10-09T21:18:19.987731
2026-03-17,ECB_DFR,2.0,2026-10-09T21:18:19.987731
2026-03-17,ECB_MRR,2.15,2026-10-09T21:18:19.987731
2026-03-18,ECB_DFR,2.0,2026-10-09T21:18:19.987731
2026-03-18,ECB_MRR,2.15,2026-10-09T21:18:19.987731
2026-03-19,ECB_DFR,2.0,2026-10-09T21:18:19.987731
2026-03-19,ECB_MRR,2.15,2026-10-09T21:18:19.987731
2026-03-20,ECB_DFR,2.0,2026-10-09T21:18:19.987731
2026-03-20,ECB_MRR,2.15,2026-10-09T21:18:19.987731
2026-03-21,ECB_DFR,2.0,2026-10-09T21:18:19.987731
2026-03-21,ECB_MRR,2.15,2026-10-09T21:18:19.987731
2026-03-22,ECB_DFR,2.0,2026-10-09T21:18:19.987731
2026-03-22,ECB_MRR,2.15,2026-10-09T21:18:19.987731
2026-03-23,ECB_DFR,2.0,2026-10-09T21:18:19.987731
2026-03-23,ECB_MRR,2.15,2026-10-09T21:18:19.987731
2026-03-24,ECB_DFR,2.0,2026-10-09T21:18:19.987731
2026-03-24,ECB_MRR,2.15,2026-10-09T21:18:19.987731
2026-03-25,ECB_DFR,2.0,2026-10-09T21:18:19.987731
2026-03-25,ECB_MRR,2.15,2026-10-09T21:18:19.987731
2026-03-26,ECB_DFR,2.0,2026-10-09T21:18:19.987731
2026-03-26,ECB_MRR,2.15,2026-10-09T21:18:19.987731
2026-03-27,ECB_DFR,2.0,2026-10-09T21:18:19.987731
2026-03-27,ECB_MRR,2.15,2026-10-09T21:18:19.987731
2026-03-28,ECB_DFR,2.0,2026-10-09T21:18:19.987731
2026-03-28,ECB_MRR,2.15,2026-10-09T21:18:19.987731
2026-03-29,ECB_DFR,2.0,2026-10-09T21:18:19.987731
2026-03-29,ECB_MRR,2.15,2026-10-09T21:18:19.987731
2026-03-30,ECB_DFR,2.0,2026-10-09T21:18:19.987731
2026-03-30,ECB_MRR,2.15,2026-10-09T21:18:19.987731
2026-03-31,ECB_DFR,2.0,2026-10-09T21:18:19.987731
2026-03-31,ECB_MRR,2.15,2026-10-09T21:18:19.987731
2026-04-01,ECB_DFR,2.0,2026-10-09T21:18:19.987731
2026-04-01,ECB_MRR,2.15,2026-10-09T21:18:19.987731
2026-04-02,ECB_DFR,2.0,2026-10-09T21:18:19.987731
2026-04-02,ECB_MRR,2.15,2026-10-09T21:18:19.987731
2026-04-03,ECB_DFR,2.0,2026-10-09T21:18:19.987731
2026-04-03,ECB_MRR,2.15,2026-10-09T21:18:19.987731
2026-04-04,ECB_DFR,2.0,2026-10-09T21:18:19.987731
2026-04-04,ECB_MRR,2.15,2026-10-09T21:18:19.987731
2026-04-05,ECB_DFR,2.0,2026-10-09T21:18:19.987731
2026-04-05,ECB_MRR,2.15,2026-10-09T21:18:19.987731
2026-04-06,ECB_DFR,2.0,2026-10-09T21:18:19.987731
2026-04-06,ECB_MRR,2.15,2026-10-09T21:18:19.987731
2026-04-07,ECB_DFR,2.0,2026-10-09T21:18:19.987731
2026-04-07,ECB_MRR,2.15,2026-10-09T21:18:19.987731
2026-04-08,ECB_DFR,2.0,2026-10-09T21:18:19.987731
2026-04-08,ECB_MRR,2.15,2026-10-09T21:18:19.987731
2026-04-09,ECB_DFR,2.0,2026-10-09T21:18:19.987731
2026-04-09,ECB_MRR,2.15,2026-10-09T21:18:19.987731
2026-04-10,ECB_DFR,2.0,2026-10-09T21:18:19.987731
2026-04-10,ECB_MRR,2.15,2026-10-09T21:18:19.987731
2026-04-11,ECB_DFR,2.0,2026-10-09T21:18:19.987731
2026-04-11,ECB_MRR,2.15,2026-10-09T21:18:19.987731
2026-04-12,ECB_DFR,2.0,2026-10-09T21:18:19.987731
2026-04-12,ECB_MRR,2.15,2026-10-09T21:18:19.987731
2026-04-13,ECB_DFR,2.0,2026-10-09T21:18:19.987731
2026-04-13,ECB_MRR,2.15,2026-10-09T21:18:19.987731
2026-04-14,ECB_DFR,2.0,2026-10-09T21:18:19.987731
2026-04-14,ECB_MRR,2.15,2026-10-09T21:18:19.987731
2026-04-15,ECB_DFR,2.0,2026-10-09T21:18:19.987731
2026-04-15,ECB_MRR,2.15,2026-10-09T21:18:19.987731
2026-04-16,ECB_DFR,2.0,2026-10-09T21:18:19.987731
2026-04-16,ECB_MRR,2.15,2026-10-09T21:18:19.987731
2026-04-17,ECB_DFR,2.0,2026-10-09T21:18:19.987731
2026-04-17,ECB_MRR,2.15,2026-10-09T21:18:19.987731
2026-04-18,ECB_DFR,2.0,2026-10-09T21:18:19.987731
2026-04-18,ECB_MRR,2.15,2026-10-09T21:18:19.987731
2026-04-19,ECB_DFR,2.0,2026-10-09T21:18:19.987731
2026-04-19,ECB_MRR,2.15,2026-10-09T21:18:19.987731
2026-04-20,ECB_DFR,2.0,2026-10-09T21:18:19.987731
2026-04-20,ECB_MRR,2.15,2026-10-09T21:18:19.987731
2026-04-21,ECB_DFR,2.0,2026-10-09T21:18:19.987731
2026-04-21,ECB_MRR,2.15,2026-10-09T21:18:19.987731
2026-04-22,ECB_DFR,2.0,2026-10-09T21:18:19.987731
2026-04-22,ECB_MRR,2.15,2026-10-09T21:18:19.987731
2026-04-23,ECB_DFR,2.0,2026-10-09T21:18:19.987731
2026-04-23,ECB_MRR,2.15,2026-10-09T21:18:19.987731
2026-04-24,ECB_DFR,2.0,2026-10-09T21:18:19.987731
2026-04-24,ECB_MRR,2.15,2026-10-09T21:18:19.987731
2026-04-25,ECB_DFR,2.0,2026-10-09T21:18:19.987731
2026-04-25,ECB_MRR,2.15,2026-10-09T21:18:19.987731
2026-04-26,ECB_DFR,2.0,2026-10-09T21:18:19.987731
2026-04-26,ECB_MRR,2.15,2026-10-09T21:18:19.987731
2026-04-27,ECB_DFR,2.0,2026-10-09T21:18:19.987731
2026-04-27,ECB_MRR,2.15,2026-10-09T21:18:19.987731
2026-04-28,ECB_DFR,2.0,2026-10-09T21:18:19.987731
2026-04-28,ECB_MRR,2.15,2026-10-09T21:18:19.987731
2026-04-29,ECB_DFR,2.0,2026-10-09T21:18:19.987731
2026-04-29,ECB_MRR,2.15,2026-10-09T21:18:19.987731
2026-04-30,ECB_DFR,2.0,2026-10-09T21:18:19.987731
2026-04-30,ECB_MRR,2.15,2026-10-09T21:18:19.987731
2026-05-01,ECB_DFR,2.0,2026-10-09T21:18:19.987731
2026-05-01,ECB_MRR,2.15,2026-10-09T21:18:19.987731
2026-05-02,ECB_DFR,2.0,2026-10-09T21:18:19.987731
2026-05-02,ECB_MRR,2.15,2026-10-09T21:18:19.987731
2026-05-03,ECB_DFR,2.0,2026-10-09T21:18:19.987731
2026-05-03,ECB_MRR,2.15,2026-10-09T21:18:19.987731
2026-05-04,ECB_DFR,2.0,2026-10-09T21:18:19.987731
2026-05-04,ECB_MRR,2.15,2026-10-09T21:18:19.987731
2026-05-05,ECB_DFR,2.0,2026-10-09T21:18:19.987731
2026-05-05,ECB_MRR,2.15,2026-10-09T21:18:19.987731
2026-05-06,ECB_DFR,2.0,2026-10-09T21:18:19.987731
2026-05-06,ECB_MRR,2.15,2026-10-09T21:18:19.987731
2026-05-07,ECB_DFR,2.0,2026-10-09T21:18:19.987731
2026-05-07,ECB_MRR,2.15,2026-10-09T21:18:19.987731
2026-05-08,ECB_DFR,2.0,2026-10-09T21:18:19.987731
2026-05-08,ECB_MRR,2.15,2026-10-09T21:18:19.987731
2026-05-09,ECB_DFR,2.0,2026-10-09T21:18:19.987731
2026-05-09,ECB_MRR,2.15,2026-10-09T21:18:19.987731
2026-05-10,ECB_DFR,2.0,2026-10-09T21:18:19.987731
2026-05-10,ECB_MRR,2.15,2026-10-09T21:18:19.987731
2026-05-11,ECB_DFR,2.0,2026-10-09T21:18:19.987731
2026-05-11,ECB_MRR,2.15,2026-10-09T21:18:19.987731
2026-05-12,ECB_DFR,2.0,2026-10-09T21:18:19.987731
2026-05-12,ECB_MRR,2.15,2026-10-09T21:18:19.987731
2026-05-13,ECB_DFR,2.0,2026-10-09T21:18:19.987731
2026-05-13,ECB_MRR,2.15,2026-10-09T21:18:19.987731
2026-05-14,ECB_DFR,2.0,2026-10-09T21:18:19.987731
2026-05-14,ECB_MRR,2.15,2026-10-09T21:18:19.987731
2026-05-15,ECB_DFR,2.0,2026-10-09T21:18:19.987731
2026-05-15,ECB_MRR,2.15,2026-10-09T21:18:19.987731
2026-05-16,ECB_DFR,2.0,2026-10-09T21:18:19.987731
2026-05-16,ECB_MRR,2.15,2026-10-09T21:18:19.987731
2026-05-17,ECB_DFR,2.0,2026-10-09T21:18:19.987731
2026-05-17,ECB_MRR,2.15,2026-10-09T21:18:19.987731
2026-05-18,ECB_DFR,2.0,2026-10-09T21:18:19.987731
2026-05-18,ECB_MRR,2.15,2026-10-09T21:18:19.987731
2026-05-19,ECB_DFR,2.0,2026-10-09T21:18:19.987731
2026-05-19,ECB_MRR,2.15,2026-10-09T21:18:19.987731
2026-05-20,ECB_DFR,2.0,2026-10-09T21:18:19.987731
2026-05-20,ECB_MRR,2.15,2026-10-09T21:18:19.987731
2026-05-21,ECB_DFR,2.0,2026-10-09T21:18:19.987731
2026-05-21,ECB_MRR,2.15,2026-10-09T21:18:19.987731
2026-05-22,ECB_DFR,2.0,2026-10-09T21:18:19.987731
2026-05-22,ECB_MRR,2.15,2026-10-09T21:18:19.987731
2026-05-23,ECB_DFR,2.0,2026-10-09T21:18:19.987731
2026-05-23,ECB_MRR,2.15,2026-10-09T21:18:19.987731
2026-05-24,ECB_DFR,2.0,2026-10-09T21:18:19.987731
2026-05-24,ECB_MRR,2.15,2026-10-09T21:18:19.987731
2026-05-25,ECB_DFR,2.0,2026-10-09T21:18:19.987731
2026-05-25,ECB_MRR,2.15,2026-10-09T21:18:19.987731
2026-05-26,ECB_DFR,2.0,2026-10-09T21:18:19.987731
2026-05-26,ECB_MRR,2.15,2026-10-09T21:18:19.987731
2026-05-27,ECB_DFR,2.0,2026-10-09T21:18:19.987731
2026-05-27,ECB_MRR,2.15,2026-10-09T21:18:19.987731
2026-05-28,ECB_DFR,2.0,2026-10-09T21:18:19.987731
2026-05-28,ECB_MRR,2.15,2026-10-09T21:18:19.987731
2026-05-29,ECB_DFR,2.0,2026-10-09T21:18:19.987731
2026-05-29,ECB_MRR,2.15,2026-10-09T21:18:19.987731
2026-05-30,ECB_DFR,2.0,2026-10-09T21:18:19.987731
2026-05-30,ECB_MRR,2.15,2026-10-09T21:18:19.987731
2026-05-31,ECB_DFR,2.0,2026-10-09T21:18:19.987731
2026-05-31,ECB_MRR,2.15,2026-10-09T21:18:19.987731
2026-06-01,ECB_DFR,2.0,2026-10-09T21:18:19.987731
2026-06-01,ECB_MRR,2.15,2026-10-09T21:18:19.987731
2026-06-02,ECB_DFR,2.0,2026-10-09T21:18:19.987731
2026-06-02,ECB_MRR,2.15,2026-10-09T21:18:19.987731
2026-06-03,ECB_DFR,2.0,2026-10-09T21:18:19.987731
2026-06-03,ECB_MRR,2.15,2026-10-09T21:18:19.987731
2026-06-04,ECB_DFR,2.0,2026-10-09T21:18:19.987731
2026-06-04,ECB_MRR,2.15,2026-10-09T21:18:19.987731
2026-06-05,ECB_DFR,2.0,2026-10-09T21:18:19.987731
2026-06-05,ECB_MRR,2.15,2026-10-09T21:18:19.987731
2026-06-06,ECB_DFR,2.0,2026-10-09T21:18:19.987731
2026-06-06,ECB_MRR,2.15,2026-10-09T21:18:19.987731
2026-06-07,ECB_DFR,2.0,2026-10-09T21:18:19.987731
2026-06-07,ECB_MRR,2.15,2026-10-09T21:18:19.987731
2026-06-08,ECB_DFR,2.0,2026-10-09T21:18:19.987731
2026-06-08,ECB_MRR,2.15,2026-10-09T21:18:19.987731
2026-06-09,ECB_DFR,2.0,2026-10-09T21:18:19.987731
2026-06-09,ECB_MRR,2.15,2026-10-09T21:18:19.987731
2026-06-10,ECB_DFR,2.0,2026-10-09T21:18:19.987731
2026-06-10,ECB_MRR,2.15,2026-10-09T21:18:19.987731
2026-06-11,ECB_DFR,2.0,2026-10-09T21:18:19.987731
2026-06-11,ECB_MRR,2.15,2026-10-09T21:18:19.987731
2026-06-12,ECB_DFR,2.0,2026-10-09T21:18:19.987731
2026-06-12,ECB_MRR,2.15,2026-10-09T21:18:19.987731
2026-06-13,ECB_DFR,2.0,2026-10-09T21:18:19.987731
2026-06-13,ECB_MRR,2.15,2026-10-09T21:18:19.987731
2026-06-14,ECB_DFR,2.0,2026-10-09T21:18:19.987731
2026-06-14,ECB_MRR,2.15,2026-10-09T21:18:19.987731
2026-06-15,ECB_DFR,2.0,2026-10-09T21:18:19.987731
2026-06-15,ECB_MRR,2.15,2026-10-09T21:18:19.987731
2026-06-16,ECB_DFR,2.0,2026-10-09T21:18:19.987731
2026-06-16,ECB_MRR,2.15,2026-10-09T21:18:19.987731
2026-06-17,ECB_DFR,2.25,2026-10-09T21:18:19.987731
2026-06-17,ECB_MRR,2.4,2026-10-09T21:18:19.987731
2026-06-18,ECB_DFR,2.25,2026-10-09T21:18:19.987731
2026-06-18,ECB_MRR,2.4,2026-10-09T21:18:19.987731
2026-06-19,ECB_DFR,2.25,2026-10-09T21:18:19.987731
2026-06-19,ECB_MRR,2.4,2026-10-09T21:18:19.987731
2026-06-20,ECB_DFR,2.25,2026-10-09T21:18:19.987731
2026-06-20,ECB_MRR,2.4,2026-10-09T21:18:19.987731
2026-06-21,ECB_DFR,2.25,2026-10-09T21:18:19.987731
2026-06-21,ECB_MRR,2.4,2026-10-09T21:18:19.987731
2026-06-22,ECB_DFR,2.25,2026-10-09T21:18:19.987731
2026-06-22,ECB_MRR,2.4,2026-10-09T21:18:19.987731
2026-06-23,ECB_DFR,2.25,2026-10-09T21:18:19.987731
2026-06-23,ECB_MRR,2.4,2026-10-09T21:18:19.987731
2026-06-24,ECB_DFR,2.25,2026-10-09T21:18:19.987731
2026-06-24,ECB_MRR,2.4,2026-10-09T21:18:19.987731
2026-06-25,ECB_DFR,2.25,2026-10-09T21:18:19.987731
2026-06-25,ECB_MRR,2.4,2026-10-09T21:18:19.987731
2026-06-26,ECB_DFR,2.25,2026-10-09T21:18:19.987731
2026-06-26,ECB_MRR,2.4,2026-10-09T21:18:19.987731
2026-06-27,ECB_DFR,2.25,2026-10-09T21:18:19.987731
2026-06-27,ECB_MRR,2.4,2026-10-09T21:18:19.987731
2026-06-28,ECB_DFR,2.25,2026-10-09T21:18:19.987731
2026-06-28,ECB_MRR,2.4,2026-10-09T21:18:19.987731
2026-06-29,ECB_DFR,2.25,2026-10-09T21:18:19.987731
2026-06-29,ECB_MRR,2.4,2026-10-09T21:18:19.987731
2026-06-30,ECB_DFR,2.25,2026-10-09T21:18:19.987731
2026-06-30,ECB_MRR,2.4,2026-10-09T21:18:19.987731
2026-07-01,ECB_DFR,2.25,2026-10-09T21:18:19.987731
2026-07-01,ECB_MRR,2.4,2026-10-09T21:18:19.987731
2026-07-02,ECB_DFR,2.25,2026-10-09T21:18:19.987731
2026-07-02,ECB_MRR,2.4,2026-10-09T21:18:19.987731
2026-07-03,ECB_DFR,2.25,2026-10-09T21:18:19.987731
2026-07-03,ECB_MRR,2.4,2026-10-09T21:18:19.987731
2026-07-04,ECB_DFR,2.25,2026-10-09T21:18:19.987731
2026-07-04,ECB_MRR,2.4,2026-10-09T21:18:19.987731
2026-07-05,ECB_DFR,2.25,2026-10-09T21:18:19.987731
2026-07-05,ECB_MRR,2.4,2026-10-09T21:18:19.987731
2026-07-06,ECB_DFR,2.25,2026-10-09T21:18:19.987731
2026-07-06,ECB_MRR,2.4,2026-10-09T21:18:19.987731
2026-07-07,ECB_DFR,2.25,2026-10-09T21:18:19.987731
2026-07-07,ECB_MRR,2.4,2026-10-09T21:18:19.987731
2026-07-08,ECB_DFR,2.25,2026-10-09T21:18:19.987731
2026-07-08,ECB_MRR,2.4,2026-10-09T21:18:19.987731
2026-07-09,ECB_DFR,2.25,2026-10-09T21:18:19.987731
2026-07-09,ECB_MRR,2.4,2026-10-09T21:18:19.987731
2026-07-10,ECB_DFR,2.25,2026-10-09T21:18:19.987731
2026-07-10,ECB_MRR,2.4,2026-10-09T21:18:19.987731
2026-07-11,ECB_DFR,2.25,2026-10-09T21:18:19.987731
2026-07-11,ECB_MRR,2.4,2026-10-09T21:18:19.987731
2026-07-12,ECB_DFR,2.25,2026-10-09T21:18:19.987731
2026-07-12,ECB_MRR,2.4,2026-10-09T21:18:19.987731
2026-07-13,ECB_DFR,2.25,2026-10-09T21:18:19.987731
2026-07-13,ECB_MRR,2.4,2026-10-09T21:18:19.987731
2026-07-14,ECB_DFR,2.25,2026-10-09T21:18:19.987731
2026-07-14,ECB_MRR,2.4,2026-10-09T21:18:19.987731
2026-07-15,ECB_DFR,2.25,2026-10-09T21:18:19.987731
2026-07-15,ECB_MRR,2.4,2026-10-09T21:18:19.987731
2026-07-16,ECB_DFR,2.25,2026-10-09T21:18:19.987731
2026-07-16,ECB_MRR,2.4,2026-10-09T21:18:19.987731
2026-07-17,ECB_DFR,2.25,2026-10-09T21:18:19.987731
2026-07-17,ECB_MRR,2.4,2026-10-09T21:18:19.987731
2026-07-18,ECB_DFR,2.25,2026-10-09T21:18:19.987731
2026-07-18,ECB_MRR,2.4,2026-10-09T21:18:19.987731
2026-07-19,ECB_DFR,2.25,2026-10-09T21:18:19.987731
2026-07-19,ECB_MRR,2.4,2026-10-09T21:18:19.987731
2026-07-20,ECB_DFR,2.25,2026-10-09T21:18:19.987731
2026-07-20,ECB_MRR,2.4,2026-10-09T21:18:19.987731
2026-07-21,ECB_DFR,2.25,2026-10-09T21:18:19.987731
2026-07-21,ECB_MRR,2.4,2026-10-09T21:18:19.987731
2026-07-22,ECB_DFR,2.25,2026-10-09T21:18:19.987731
2026-07-22,ECB_MRR,2.4,2026-10-09T21:18:19.987731
2026-07-23,ECB_DFR,2.25,2026-10-09T21:18:19.987731
2026-07-23,ECB_MRR,2.4,2026-10-09T21:18:19.987731
2026-07-24,ECB_DFR,2.25,2026-10-09T21:18:19.987731
2026-07-24,ECB_MRR,2.4,2026-10-09T21:18:19.987731
2026-07-25,ECB_DFR,2.25,2026-10-09T21:18:19.987731
2026-07-25,ECB_MRR,2.4,2026-10-09T21:18:19.987731
2026-07-26,ECB_DFR,2.25,2026-10-09T21:18:19.987731
2026-07-26,ECB_MRR,2.4,2026-10-09T21:18:19.987731
2026-07-27,ECB_DFR,2.25,2026-10-09T21:18:19.987731
2026-07-27,ECB_MRR,2.4,2026-10-09T21:18:19.987731
2026-07-28,ECB_DFR,2.25,2026-10-09T21:18:19.987731
2026-07-28,ECB_MRR,2.4,2026-10-09T21:18:19.987731
2026-07-29,ECB_DFR,2.25,2026-10-09T21:18:19.987731
2026-07-29,ECB_MRR,2.4,2026-10-09T21:18:19.987731
2026-07-30,ECB_DFR,2.25,2026-10-09T21:18:19.987731
2026-07-30,ECB_MRR,2.4,2026-10-09T21:18:19.987731
2026-07-31,ECB_DFR,2.25,2026-10-09T21:18:19.987731
2026-07-31,ECB_MRR,2.4,2026-10-09T21:18:19.987731
2026-08-01,ECB_DFR,2.25,2026-10-09T21:18:19.987731
2026-08-01,ECB_MRR,2.4,2026-10-09T21:18:19.987731
2026-08-02,ECB_DFR,2.25,2026-10-09T21:18:19.987731
2026-08-02,ECB_MRR,2.4,2026-10-09T21:18:19.987731
2026-08-03,ECB_DFR,2.25,2026-10-09T21:18:19.987731
2026-08-03,ECB_MRR,2.4,2026-10-09T21:18:19.987731
2026-08-04,ECB_DFR,2.25,2026-10-09T21:18:19.987731
2026-08-04,ECB_MRR,2.4,2026-10-09T21:18:19.987731
2026-08-05,ECB_DFR,2.25,2026-10-09T21:18:19.987731
2026-08-05,ECB_MRR,2.4,2026-10-09T21:18:19.987731
2026-08-06,ECB_DFR,2.25,2026-10-09T21:18:19.987731
2026-08-06,ECB_MRR,2.4,2026-10-09T21:18:19.987731
2026-08-07,ECB_DFR,2.25,2026-10-09T21:18:19.987731
2026-08-07,ECB_MRR,2.4,2026-10-09T21:18:19.987731
2026-08-08,ECB_DFR,2.25,2026-10-09T21:18:19.987731
2026-08-08,ECB_MRR,2.4,2026-10-09T21:18:19.987731
2026-08-09,ECB_DFR,2.25,2026-10-09T21:18:19.987731
2026-08-09,ECB_MRR,2.4,2026-10-09T21:18:19.987731
2026-08-10,ECB_DFR,2.25,2026-10-09T21:18:19.987731
2026-08-10,ECB_MRR,2.4,2026-10-09T21:18:19.987731
2026-08-11,ECB_DFR,2.25,2026-10-09T21:18:19.987731
2026-08-11,ECB_MRR,2.4,2026-10-09T21:18:19.987731
2026-08-12,ECB_DFR,2.25,2026-10-09T21:18:19.987731
2026-08-12,ECB_MRR,2.4,2026-10-09T21:18:19.987731
2026-08-13,ECB_DFR,2.25,2026-10-09T21:18:19.987731
2026-08-13,ECB_MRR,2.4,2026-10-09T21:18:19.987731
2026-08-14,ECB_DFR,2.25,2026-10-09T21:18:19.987731
2026-08-14,ECB_MRR,2.4,2026-10-09T21:18:19.987731
2026-08-15,ECB_DFR,2.25,2026-10-09T21:18:19.987731
2026-08-15,ECB_MRR,2.4,2026-10-09T21:18:19.987731
2026-08-16,ECB_DFR,2.25,2026-10-09T21:18:19.987731
2026-08-16,ECB_MRR,2.4,2026-10-09T21:18:19.987731
2026-08-17,ECB_DFR,2.25,2026-10-09T21:18:19.987731
2026-08-17,ECB_MRR,2.4,2026-10-09T21:18:19.987731
2026-08-18,ECB_DFR,2.25,2026-10-09T21:18:19.987731
2026-08-18,ECB_MRR,2.4,2026-10-09T21:18:19.987731
2026-08-19,ECB_DFR,2.25,2026-10-09T21:18:19.987731
2026-08-19,ECB_MRR,2.4,2026-10-09T21:18:19.987731
2026-08-20,ECB_DFR,2.25,2026-10-09T21:18:19.987731
2026-08-20,ECB_MRR,2.4,2026-10-09T21:18:19.987731
2026-08-21,ECB_DFR,2.25,2026-10-09T21:18:19.987731
2026-08-21,ECB_MRR,2.4,2026-10-09T21:18:19.987731
2026-08-22,ECB_DFR,2.25,2026-10-09T21:18:19.987731
2026-08-22,ECB_MRR,2.4,2026-10-09T21:18:19.987731
2026-08-23,ECB_DFR,2.25,2026-10-09T21:18:19.987731
2026-08-23,ECB_MRR,2.4,2026-10-09T21:18:19.987731
2026-08-24,ECB_DFR,2.25,2026-10-09T21:18:19.987731
2026-08-24,ECB_MRR,2.4,2026-10-09T21:18:19.987731
2026-08-25,ECB_DFR,2.25,2026-10-09T21:18:19.987731
2026-08-25,ECB_MRR,2.4,2026-10-09T21:18:19.987731
2026-08-26,ECB_DFR,2.25,2026-10-09T21:18:19.987731
2026-08-26,ECB_MRR,2.4,2026-10-09T21:18:19.987731
2026-08-27,ECB_DFR,2.25,2026-10-09T21:18:19.987731
2026-08-27,ECB_MRR,2.4,2026-10-09T21:18:19.987731
2026-08-28,ECB_DFR,2.25,2026-10-09T21:18:19.987731
2026-08-28,ECB_MRR,2.4,2026-10-09T21:18:19.987731
2026-08-29,ECB_DFR,2.25,2026-10-09T21:18:19.987731
2026-08-29,ECB_MRR,2.4,2026-10-09T21:18:19.987731
2026-08-30,ECB_DFR,2.25,2026-10-09T21:18:19.987731
2026-08-30,ECB_MRR,2.4,2026-10-09T21:18:19.987731
2026-08-31,ECB_DFR,2.25,2026-10-09T21:18:19.987731
2026-08-31,ECB_MRR,2.4,2026-10-09T21:18:19.987731
2026-09-01,ECB_DFR,2.25,2026-10-09T21:18:19.987731
2026-09-01,ECB_MRR,2.4,2026-10-09T21:18:19.987731
2026-09-02,ECB_DFR,2.25,2026-10-09T21:18:19.987731
2026-09-02,ECB_MRR,2.4,2026-10-09T21:18:19.987731
2026-09-03,ECB_DFR,2.25,2026-10-09T21:18:19.987731
2026-09-03,ECB_MRR,2.4,2026-10-09T21:18:19.987731
2026-09-04,ECB_DFR,2.25,2026-10-09T21:18:19.987731
2026-09-04,ECB_MRR,2.4,2026-10-09T21:18:19.987731
2026-09-05,ECB_DFR,2.25,2026-10-09T21:18:19.987731
2026-09-05,ECB_MRR,2.4,2026-10-09T21:18:19.987731
2026-09-06,ECB_DFR,2.25,2026-10-09T21:18:19.987731
2026-09-06,ECB_MRR,2.4,2026-10-09T21:18:19.987731
2026-09-07,ECB_DFR,2.25,2026-10-09T21:18:19.987731
2026-09-07,ECB_MRR,2.4,2026-10-09T21:18:19.987731
2026-09-08,ECB_DFR,2.25,2026-10-09T21:18:19.987731
2026-09-08,ECB_MRR,2.4,2026-10-09T21:18:19.987731
2026-09-09,ECB_DFR,2.25,2026-10-09T21:18:19.987731
2026-09-09,ECB_MRR,2.4,2026-10-09T21:18:19.987731
2026-09-10,ECB_DFR,2.25,2026-10-09T21:18:19.987731
2026-09-10,ECB_MRR,2.4,2026-10-09T21:18:19.987731
2026-09-11,ECB_DFR,2.25,2026-10-09T21:18:19.987731
2026-09-11,ECB_MRR,2.4,2026-10-09T21:18:19.987731
2026-09-12,ECB_DFR,2.25,2026-10-09T21:18:19.987731
2026-09-12,ECB_MRR,2.4,2026-10-09T21:18:19.987731
2026-09-13,ECB_DFR,2.25,2026-10-09T21:18:19.987731
2026-09-13,ECB_MRR,2.4,2026-10-09T21:18:19.987731
2026-09-14,ECB_DFR,2.25,2026-10-09T21:18:19.987731
2026-09-14,ECB_MRR,2.4,2026-10-09T21:18:19.987731
2026-09-15,ECB_DFR,2.25,2026-10-09T21:18:19.987731
2026-09-15,ECB_MRR,2.4,2026-10-09T21:18:19.987731
2026-09-16,ECB_DFR,2.5,2026-10-09T21:18:19.987731
2026-09-16,ECB_MRR,2.65,2026-10-09T21:18:19.987731
2026-09-17,ECB_DFR,2.5,2026-10-09T21:18:19.987731
2026-09-17,ECB_MRR,2.65,2026-10-09T21:18:19.987731
2026-09-18,ECB_DFR,2.5,2026-10-09T21:18:19.987731
2026-09-18,ECB_MRR,2.65,2026-10-09T21:18:19.987731
2026-09-19,ECB_DFR,2.5,2026-10-09T21:18:19.987731
2026-09-19,ECB_MRR,2.65,2026-10-09T21:18:19.987731
2026-09-20,ECB_DFR,2.5,2026-10-09T21:18:19.987731
2026-09-20,ECB_MRR,2.65,2026-10-09T21:18:19.987731
2026-09-21,ECB_DFR,2.5,2026-10-09T21:18:19.987731
2026-09-21,ECB_MRR,2.65,2026-10-09T21:18:19.987731
2026-09-22,ECB_DFR,2.5,2026-10-09T21:18:19.987731
2026-09-22,ECB_MRR,2.65,2026-10-09T21:18:19.987731
2026-09-23,ECB_DFR,2.5,2026-10-09T21:18:19.987731
2026-09-23,ECB_MRR,2.65,2026-10-09T21:18:19.987731
2026-09-24,ECB_DFR,2.5,2026-10-09T21:18:19.987731
2026-09-24,ECB_MRR,2.65,2026-10-09T21:18:19.987731
2026-09-25,ECB_DFR,2.5,2026-10-09T21:18:19.987731
2026-09-25,ECB_MRR,2.65,2026-10-09T21:18:19.987731
2026-09-26,ECB_DFR,2.5,2026-10-09T21:18:19.987731
2026-09-26,ECB_MRR,2.65,2026-10-09T21:18:19.987731
2026-09-27,ECB_DFR,2.5,2026-10-09T21:18:19.987731
2026-09-27,ECB_MRR,2.65,2026-10-09T21:18:19.987731
2026-09-28,ECB_DFR,2.5,2026-10-09T21:18:19.987731
2026-09-28,ECB_MRR,2.65,2026-10-09T21:18:19.987731
2026-09-29,ECB_DFR,2.5,2026-10-09T21:18:19.987731
2026-09-29,ECB_MRR,2.65,2026-10-09T21:18:19.987731
2026-09-30,ECB_DFR,2.5,2026-10-09T21:18:19.987731
2026-09-30,ECB_MRR,2.65,2026-10-09T21:18:19.987731
2026-10-01,ECB_DFR,2.5,2026-10-09T21:18:19.987731
2026-10-01,ECB_MRR,2.65,2026-10-09T21:18:19.987731
2026-10-02,ECB_DFR,2.5,2026-10-09T21:18:19.987731
2026-10-02,ECB_MRR,2.65,2026-10-09T21:18:19.987731
2026-10-03,ECB_DFR,2.5,2026-10-09T21:18:19.987731
2026-10-03,ECB_MRR,2.65,2026-10-09T21:18:19.987731
2026-10-04,ECB_DFR,2.5,2026-10-09T21:18:19.987731
2026-10-04,ECB_MRR,2.65,2026-10-09T21:18:19.987731
2026-10-05,ECB_DFR,2.5,2026-10-09T21:18:19.987731
2026-10-05,ECB_MRR,2.65,2026-10-09T21:18:19.987731
2026-10-06,ECB_DFR,2.5,2026-10-09T21:18:19.987731
2026-10-06,ECB_MRR,2.65,2026-10-09T21:18:19.987731
2026-10-07,ECB_DFR,2.5,2026-10-09T21:18:19.987731
2026-10-07,ECB_MRR,2.65,2026-10-09T21:18:19.987731
2026-10-08,ECB_DFR,2.5,2026-10-09T21:18:19.987731
2026-10-08,ECB_MRR,2.65,2026-10-09T21:18:19.987731
2026-10-09,ECB_DFR,2.5,2026-10-09T21:18:19.987731
2026-10-09,ECB_MRR,2.65,2026-10-09T21:18:19.987731
